ISO-10303-21;
HEADER;
/* Generated by software containing ST-Developer
 * from STEP Tools, Inc. (www.steptools.com) 
 */

FILE_DESCRIPTION(
/* description */ (''),
/* implementation_level */ '2;1');

FILE_NAME(
/* name */ '9V_battery_holder.step',
/* time_stamp */ '2026-08-17T15:39:09+01:00',
/* author */ (''),
/* organization */ (''),
/* preprocessor_version */ 'ST-DEVELOPER v20.1',
/* originating_system */ 'Autodesk Translation Framework v15.8.0.0',
/* authorisation */ '');

FILE_SCHEMA (('AUTOMOTIVE_DESIGN { 1 0 10303 214 3 1 1 }'));
ENDSEC;

DATA;
#10=MECHANICAL_DESIGN_GEOMETRIC_PRESENTATION_REPRESENTATION('',(#13),#18474);
#11=SHAPE_REPRESENTATION_RELATIONSHIP('SRR','None',#18481,#12);
#12=ADVANCED_BREP_SHAPE_REPRESENTATION('',(#14),#18473);
#13=STYLED_ITEM('',(#18490),#14);
#14=MANIFOLD_SOLID_BREP('MeshBody1',#11552);
#15=FACE_OUTER_BOUND('',#770,.T.);
#16=FACE_OUTER_BOUND('',#771,.T.);
#17=FACE_OUTER_BOUND('',#772,.T.);
#18=FACE_OUTER_BOUND('',#773,.T.);
#19=FACE_OUTER_BOUND('',#774,.T.);
#20=FACE_OUTER_BOUND('',#775,.T.);
#21=FACE_OUTER_BOUND('',#776,.T.);
#22=FACE_OUTER_BOUND('',#777,.T.);
#23=FACE_OUTER_BOUND('',#778,.T.);
#24=FACE_OUTER_BOUND('',#779,.T.);
#25=FACE_OUTER_BOUND('',#780,.T.);
#26=FACE_OUTER_BOUND('',#781,.T.);
#27=FACE_OUTER_BOUND('',#782,.T.);
#28=FACE_OUTER_BOUND('',#783,.T.);
#29=FACE_OUTER_BOUND('',#784,.T.);
#30=FACE_OUTER_BOUND('',#785,.T.);
#31=FACE_OUTER_BOUND('',#786,.T.);
#32=FACE_OUTER_BOUND('',#787,.T.);
#33=FACE_OUTER_BOUND('',#788,.T.);
#34=FACE_OUTER_BOUND('',#789,.T.);
#35=FACE_OUTER_BOUND('',#790,.T.);
#36=FACE_OUTER_BOUND('',#791,.T.);
#37=FACE_OUTER_BOUND('',#792,.T.);
#38=FACE_OUTER_BOUND('',#793,.T.);
#39=FACE_OUTER_BOUND('',#794,.T.);
#40=FACE_OUTER_BOUND('',#795,.T.);
#41=FACE_OUTER_BOUND('',#796,.T.);
#42=FACE_OUTER_BOUND('',#797,.T.);
#43=FACE_OUTER_BOUND('',#798,.T.);
#44=FACE_OUTER_BOUND('',#799,.T.);
#45=FACE_OUTER_BOUND('',#800,.T.);
#46=FACE_OUTER_BOUND('',#801,.T.);
#47=FACE_OUTER_BOUND('',#802,.T.);
#48=FACE_OUTER_BOUND('',#803,.T.);
#49=FACE_OUTER_BOUND('',#804,.T.);
#50=FACE_OUTER_BOUND('',#805,.T.);
#51=FACE_OUTER_BOUND('',#806,.T.);
#52=FACE_OUTER_BOUND('',#807,.T.);
#53=FACE_OUTER_BOUND('',#808,.T.);
#54=FACE_OUTER_BOUND('',#809,.T.);
#55=FACE_OUTER_BOUND('',#810,.T.);
#56=FACE_OUTER_BOUND('',#811,.T.);
#57=FACE_OUTER_BOUND('',#812,.T.);
#58=FACE_OUTER_BOUND('',#813,.T.);
#59=FACE_OUTER_BOUND('',#814,.T.);
#60=FACE_OUTER_BOUND('',#815,.T.);
#61=FACE_OUTER_BOUND('',#816,.T.);
#62=FACE_OUTER_BOUND('',#817,.T.);
#63=FACE_OUTER_BOUND('',#818,.T.);
#64=FACE_OUTER_BOUND('',#819,.T.);
#65=FACE_OUTER_BOUND('',#820,.T.);
#66=FACE_OUTER_BOUND('',#821,.T.);
#67=FACE_OUTER_BOUND('',#822,.T.);
#68=FACE_OUTER_BOUND('',#823,.T.);
#69=FACE_OUTER_BOUND('',#824,.T.);
#70=FACE_OUTER_BOUND('',#825,.T.);
#71=FACE_OUTER_BOUND('',#826,.T.);
#72=FACE_OUTER_BOUND('',#827,.T.);
#73=FACE_OUTER_BOUND('',#828,.T.);
#74=FACE_OUTER_BOUND('',#829,.T.);
#75=FACE_OUTER_BOUND('',#830,.T.);
#76=FACE_OUTER_BOUND('',#831,.T.);
#77=FACE_OUTER_BOUND('',#832,.T.);
#78=FACE_OUTER_BOUND('',#833,.T.);
#79=FACE_OUTER_BOUND('',#834,.T.);
#80=FACE_OUTER_BOUND('',#835,.T.);
#81=FACE_OUTER_BOUND('',#836,.T.);
#82=FACE_OUTER_BOUND('',#837,.T.);
#83=FACE_OUTER_BOUND('',#838,.T.);
#84=FACE_OUTER_BOUND('',#839,.T.);
#85=FACE_OUTER_BOUND('',#840,.T.);
#86=FACE_OUTER_BOUND('',#841,.T.);
#87=FACE_OUTER_BOUND('',#842,.T.);
#88=FACE_OUTER_BOUND('',#843,.T.);
#89=FACE_OUTER_BOUND('',#844,.T.);
#90=FACE_OUTER_BOUND('',#845,.T.);
#91=FACE_OUTER_BOUND('',#846,.T.);
#92=FACE_OUTER_BOUND('',#847,.T.);
#93=FACE_OUTER_BOUND('',#848,.T.);
#94=FACE_OUTER_BOUND('',#849,.T.);
#95=FACE_OUTER_BOUND('',#850,.T.);
#96=FACE_OUTER_BOUND('',#851,.T.);
#97=FACE_OUTER_BOUND('',#852,.T.);
#98=FACE_OUTER_BOUND('',#853,.T.);
#99=FACE_OUTER_BOUND('',#854,.T.);
#100=FACE_OUTER_BOUND('',#855,.T.);
#101=FACE_OUTER_BOUND('',#856,.T.);
#102=FACE_OUTER_BOUND('',#857,.T.);
#103=FACE_OUTER_BOUND('',#858,.T.);
#104=FACE_OUTER_BOUND('',#859,.T.);
#105=FACE_OUTER_BOUND('',#860,.T.);
#106=FACE_OUTER_BOUND('',#861,.T.);
#107=FACE_OUTER_BOUND('',#862,.T.);
#108=FACE_OUTER_BOUND('',#863,.T.);
#109=FACE_OUTER_BOUND('',#864,.T.);
#110=FACE_OUTER_BOUND('',#865,.T.);
#111=FACE_OUTER_BOUND('',#866,.T.);
#112=FACE_OUTER_BOUND('',#867,.T.);
#113=FACE_OUTER_BOUND('',#868,.T.);
#114=FACE_OUTER_BOUND('',#869,.T.);
#115=FACE_OUTER_BOUND('',#870,.T.);
#116=FACE_OUTER_BOUND('',#871,.T.);
#117=FACE_OUTER_BOUND('',#872,.T.);
#118=FACE_OUTER_BOUND('',#873,.T.);
#119=FACE_OUTER_BOUND('',#874,.T.);
#120=FACE_OUTER_BOUND('',#875,.T.);
#121=FACE_OUTER_BOUND('',#876,.T.);
#122=FACE_OUTER_BOUND('',#877,.T.);
#123=FACE_OUTER_BOUND('',#878,.T.);
#124=FACE_OUTER_BOUND('',#879,.T.);
#125=FACE_OUTER_BOUND('',#880,.T.);
#126=FACE_OUTER_BOUND('',#881,.T.);
#127=FACE_OUTER_BOUND('',#882,.T.);
#128=FACE_OUTER_BOUND('',#883,.T.);
#129=FACE_OUTER_BOUND('',#884,.T.);
#130=FACE_OUTER_BOUND('',#885,.T.);
#131=FACE_OUTER_BOUND('',#886,.T.);
#132=FACE_OUTER_BOUND('',#887,.T.);
#133=FACE_OUTER_BOUND('',#888,.T.);
#134=FACE_OUTER_BOUND('',#889,.T.);
#135=FACE_OUTER_BOUND('',#890,.T.);
#136=FACE_OUTER_BOUND('',#891,.T.);
#137=FACE_OUTER_BOUND('',#892,.T.);
#138=FACE_OUTER_BOUND('',#893,.T.);
#139=FACE_OUTER_BOUND('',#894,.T.);
#140=FACE_OUTER_BOUND('',#895,.T.);
#141=FACE_OUTER_BOUND('',#896,.T.);
#142=FACE_OUTER_BOUND('',#897,.T.);
#143=FACE_OUTER_BOUND('',#898,.T.);
#144=FACE_OUTER_BOUND('',#899,.T.);
#145=FACE_OUTER_BOUND('',#900,.T.);
#146=FACE_OUTER_BOUND('',#901,.T.);
#147=FACE_OUTER_BOUND('',#902,.T.);
#148=FACE_OUTER_BOUND('',#903,.T.);
#149=FACE_OUTER_BOUND('',#904,.T.);
#150=FACE_OUTER_BOUND('',#905,.T.);
#151=FACE_OUTER_BOUND('',#906,.T.);
#152=FACE_OUTER_BOUND('',#907,.T.);
#153=FACE_OUTER_BOUND('',#908,.T.);
#154=FACE_OUTER_BOUND('',#909,.T.);
#155=FACE_OUTER_BOUND('',#910,.T.);
#156=FACE_OUTER_BOUND('',#911,.T.);
#157=FACE_OUTER_BOUND('',#912,.T.);
#158=FACE_OUTER_BOUND('',#913,.T.);
#159=FACE_OUTER_BOUND('',#914,.T.);
#160=FACE_OUTER_BOUND('',#915,.T.);
#161=FACE_OUTER_BOUND('',#916,.T.);
#162=FACE_OUTER_BOUND('',#917,.T.);
#163=FACE_OUTER_BOUND('',#918,.T.);
#164=FACE_OUTER_BOUND('',#919,.T.);
#165=FACE_OUTER_BOUND('',#920,.T.);
#166=FACE_OUTER_BOUND('',#921,.T.);
#167=FACE_OUTER_BOUND('',#922,.T.);
#168=FACE_OUTER_BOUND('',#923,.T.);
#169=FACE_OUTER_BOUND('',#924,.T.);
#170=FACE_OUTER_BOUND('',#925,.T.);
#171=FACE_OUTER_BOUND('',#926,.T.);
#172=FACE_OUTER_BOUND('',#927,.T.);
#173=FACE_OUTER_BOUND('',#928,.T.);
#174=FACE_OUTER_BOUND('',#929,.T.);
#175=FACE_OUTER_BOUND('',#930,.T.);
#176=FACE_OUTER_BOUND('',#931,.T.);
#177=FACE_OUTER_BOUND('',#932,.T.);
#178=FACE_OUTER_BOUND('',#933,.T.);
#179=FACE_OUTER_BOUND('',#934,.T.);
#180=FACE_OUTER_BOUND('',#935,.T.);
#181=FACE_OUTER_BOUND('',#936,.T.);
#182=FACE_OUTER_BOUND('',#937,.T.);
#183=FACE_OUTER_BOUND('',#938,.T.);
#184=FACE_OUTER_BOUND('',#939,.T.);
#185=FACE_OUTER_BOUND('',#940,.T.);
#186=FACE_OUTER_BOUND('',#941,.T.);
#187=FACE_OUTER_BOUND('',#942,.T.);
#188=FACE_OUTER_BOUND('',#943,.T.);
#189=FACE_OUTER_BOUND('',#944,.T.);
#190=FACE_OUTER_BOUND('',#945,.T.);
#191=FACE_OUTER_BOUND('',#946,.T.);
#192=FACE_OUTER_BOUND('',#947,.T.);
#193=FACE_OUTER_BOUND('',#948,.T.);
#194=FACE_OUTER_BOUND('',#949,.T.);
#195=FACE_OUTER_BOUND('',#950,.T.);
#196=FACE_OUTER_BOUND('',#951,.T.);
#197=FACE_OUTER_BOUND('',#952,.T.);
#198=FACE_OUTER_BOUND('',#953,.T.);
#199=FACE_OUTER_BOUND('',#954,.T.);
#200=FACE_OUTER_BOUND('',#955,.T.);
#201=FACE_OUTER_BOUND('',#956,.T.);
#202=FACE_OUTER_BOUND('',#957,.T.);
#203=FACE_OUTER_BOUND('',#958,.T.);
#204=FACE_OUTER_BOUND('',#959,.T.);
#205=FACE_OUTER_BOUND('',#960,.T.);
#206=FACE_OUTER_BOUND('',#961,.T.);
#207=FACE_OUTER_BOUND('',#962,.T.);
#208=FACE_OUTER_BOUND('',#963,.T.);
#209=FACE_OUTER_BOUND('',#964,.T.);
#210=FACE_OUTER_BOUND('',#965,.T.);
#211=FACE_OUTER_BOUND('',#966,.T.);
#212=FACE_OUTER_BOUND('',#967,.T.);
#213=FACE_OUTER_BOUND('',#968,.T.);
#214=FACE_OUTER_BOUND('',#969,.T.);
#215=FACE_OUTER_BOUND('',#970,.T.);
#216=FACE_OUTER_BOUND('',#971,.T.);
#217=FACE_OUTER_BOUND('',#972,.T.);
#218=FACE_OUTER_BOUND('',#973,.T.);
#219=FACE_OUTER_BOUND('',#974,.T.);
#220=FACE_OUTER_BOUND('',#975,.T.);
#221=FACE_OUTER_BOUND('',#976,.T.);
#222=FACE_OUTER_BOUND('',#977,.T.);
#223=FACE_OUTER_BOUND('',#978,.T.);
#224=FACE_OUTER_BOUND('',#979,.T.);
#225=FACE_OUTER_BOUND('',#980,.T.);
#226=FACE_OUTER_BOUND('',#981,.T.);
#227=FACE_OUTER_BOUND('',#982,.T.);
#228=FACE_OUTER_BOUND('',#983,.T.);
#229=FACE_OUTER_BOUND('',#984,.T.);
#230=FACE_OUTER_BOUND('',#985,.T.);
#231=FACE_OUTER_BOUND('',#986,.T.);
#232=FACE_OUTER_BOUND('',#987,.T.);
#233=FACE_OUTER_BOUND('',#988,.T.);
#234=FACE_OUTER_BOUND('',#989,.T.);
#235=FACE_OUTER_BOUND('',#990,.T.);
#236=FACE_OUTER_BOUND('',#991,.T.);
#237=FACE_OUTER_BOUND('',#992,.T.);
#238=FACE_OUTER_BOUND('',#993,.T.);
#239=FACE_OUTER_BOUND('',#994,.T.);
#240=FACE_OUTER_BOUND('',#995,.T.);
#241=FACE_OUTER_BOUND('',#996,.T.);
#242=FACE_OUTER_BOUND('',#997,.T.);
#243=FACE_OUTER_BOUND('',#998,.T.);
#244=FACE_OUTER_BOUND('',#999,.T.);
#245=FACE_OUTER_BOUND('',#1000,.T.);
#246=FACE_OUTER_BOUND('',#1001,.T.);
#247=FACE_OUTER_BOUND('',#1002,.T.);
#248=FACE_OUTER_BOUND('',#1003,.T.);
#249=FACE_OUTER_BOUND('',#1004,.T.);
#250=FACE_OUTER_BOUND('',#1005,.T.);
#251=FACE_OUTER_BOUND('',#1006,.T.);
#252=FACE_OUTER_BOUND('',#1007,.T.);
#253=FACE_OUTER_BOUND('',#1008,.T.);
#254=FACE_OUTER_BOUND('',#1009,.T.);
#255=FACE_OUTER_BOUND('',#1010,.T.);
#256=FACE_OUTER_BOUND('',#1011,.T.);
#257=FACE_OUTER_BOUND('',#1012,.T.);
#258=FACE_OUTER_BOUND('',#1013,.T.);
#259=FACE_OUTER_BOUND('',#1014,.T.);
#260=FACE_OUTER_BOUND('',#1015,.T.);
#261=FACE_OUTER_BOUND('',#1016,.T.);
#262=FACE_OUTER_BOUND('',#1017,.T.);
#263=FACE_OUTER_BOUND('',#1018,.T.);
#264=FACE_OUTER_BOUND('',#1019,.T.);
#265=FACE_OUTER_BOUND('',#1020,.T.);
#266=FACE_OUTER_BOUND('',#1021,.T.);
#267=FACE_OUTER_BOUND('',#1022,.T.);
#268=FACE_OUTER_BOUND('',#1023,.T.);
#269=FACE_OUTER_BOUND('',#1024,.T.);
#270=FACE_OUTER_BOUND('',#1025,.T.);
#271=FACE_OUTER_BOUND('',#1026,.T.);
#272=FACE_OUTER_BOUND('',#1027,.T.);
#273=FACE_OUTER_BOUND('',#1028,.T.);
#274=FACE_OUTER_BOUND('',#1029,.T.);
#275=FACE_OUTER_BOUND('',#1030,.T.);
#276=FACE_OUTER_BOUND('',#1031,.T.);
#277=FACE_OUTER_BOUND('',#1032,.T.);
#278=FACE_OUTER_BOUND('',#1033,.T.);
#279=FACE_OUTER_BOUND('',#1034,.T.);
#280=FACE_OUTER_BOUND('',#1035,.T.);
#281=FACE_OUTER_BOUND('',#1036,.T.);
#282=FACE_OUTER_BOUND('',#1037,.T.);
#283=FACE_OUTER_BOUND('',#1038,.T.);
#284=FACE_OUTER_BOUND('',#1039,.T.);
#285=FACE_OUTER_BOUND('',#1040,.T.);
#286=FACE_OUTER_BOUND('',#1041,.T.);
#287=FACE_OUTER_BOUND('',#1042,.T.);
#288=FACE_OUTER_BOUND('',#1043,.T.);
#289=FACE_OUTER_BOUND('',#1044,.T.);
#290=FACE_OUTER_BOUND('',#1045,.T.);
#291=FACE_OUTER_BOUND('',#1046,.T.);
#292=FACE_OUTER_BOUND('',#1047,.T.);
#293=FACE_OUTER_BOUND('',#1048,.T.);
#294=FACE_OUTER_BOUND('',#1049,.T.);
#295=FACE_OUTER_BOUND('',#1050,.T.);
#296=FACE_OUTER_BOUND('',#1051,.T.);
#297=FACE_OUTER_BOUND('',#1052,.T.);
#298=FACE_OUTER_BOUND('',#1053,.T.);
#299=FACE_OUTER_BOUND('',#1054,.T.);
#300=FACE_OUTER_BOUND('',#1055,.T.);
#301=FACE_OUTER_BOUND('',#1056,.T.);
#302=FACE_OUTER_BOUND('',#1057,.T.);
#303=FACE_OUTER_BOUND('',#1058,.T.);
#304=FACE_OUTER_BOUND('',#1059,.T.);
#305=FACE_OUTER_BOUND('',#1060,.T.);
#306=FACE_OUTER_BOUND('',#1061,.T.);
#307=FACE_OUTER_BOUND('',#1062,.T.);
#308=FACE_OUTER_BOUND('',#1063,.T.);
#309=FACE_OUTER_BOUND('',#1064,.T.);
#310=FACE_OUTER_BOUND('',#1065,.T.);
#311=FACE_OUTER_BOUND('',#1066,.T.);
#312=FACE_OUTER_BOUND('',#1067,.T.);
#313=FACE_OUTER_BOUND('',#1068,.T.);
#314=FACE_OUTER_BOUND('',#1069,.T.);
#315=FACE_OUTER_BOUND('',#1070,.T.);
#316=FACE_OUTER_BOUND('',#1071,.T.);
#317=FACE_OUTER_BOUND('',#1072,.T.);
#318=FACE_OUTER_BOUND('',#1073,.T.);
#319=FACE_OUTER_BOUND('',#1074,.T.);
#320=FACE_OUTER_BOUND('',#1075,.T.);
#321=FACE_OUTER_BOUND('',#1076,.T.);
#322=FACE_OUTER_BOUND('',#1077,.T.);
#323=FACE_OUTER_BOUND('',#1078,.T.);
#324=FACE_OUTER_BOUND('',#1079,.T.);
#325=FACE_OUTER_BOUND('',#1080,.T.);
#326=FACE_OUTER_BOUND('',#1081,.T.);
#327=FACE_OUTER_BOUND('',#1082,.T.);
#328=FACE_OUTER_BOUND('',#1083,.T.);
#329=FACE_OUTER_BOUND('',#1084,.T.);
#330=FACE_OUTER_BOUND('',#1085,.T.);
#331=FACE_OUTER_BOUND('',#1086,.T.);
#332=FACE_OUTER_BOUND('',#1087,.T.);
#333=FACE_OUTER_BOUND('',#1088,.T.);
#334=FACE_OUTER_BOUND('',#1089,.T.);
#335=FACE_OUTER_BOUND('',#1090,.T.);
#336=FACE_OUTER_BOUND('',#1091,.T.);
#337=FACE_OUTER_BOUND('',#1092,.T.);
#338=FACE_OUTER_BOUND('',#1093,.T.);
#339=FACE_OUTER_BOUND('',#1094,.T.);
#340=FACE_OUTER_BOUND('',#1095,.T.);
#341=FACE_OUTER_BOUND('',#1096,.T.);
#342=FACE_OUTER_BOUND('',#1097,.T.);
#343=FACE_OUTER_BOUND('',#1098,.T.);
#344=FACE_OUTER_BOUND('',#1099,.T.);
#345=FACE_OUTER_BOUND('',#1100,.T.);
#346=FACE_OUTER_BOUND('',#1101,.T.);
#347=FACE_OUTER_BOUND('',#1102,.T.);
#348=FACE_OUTER_BOUND('',#1103,.T.);
#349=FACE_OUTER_BOUND('',#1104,.T.);
#350=FACE_OUTER_BOUND('',#1105,.T.);
#351=FACE_OUTER_BOUND('',#1106,.T.);
#352=FACE_OUTER_BOUND('',#1107,.T.);
#353=FACE_OUTER_BOUND('',#1108,.T.);
#354=FACE_OUTER_BOUND('',#1109,.T.);
#355=FACE_OUTER_BOUND('',#1110,.T.);
#356=FACE_OUTER_BOUND('',#1111,.T.);
#357=FACE_OUTER_BOUND('',#1112,.T.);
#358=FACE_OUTER_BOUND('',#1113,.T.);
#359=FACE_OUTER_BOUND('',#1114,.T.);
#360=FACE_OUTER_BOUND('',#1115,.T.);
#361=FACE_OUTER_BOUND('',#1116,.T.);
#362=FACE_OUTER_BOUND('',#1117,.T.);
#363=FACE_OUTER_BOUND('',#1118,.T.);
#364=FACE_OUTER_BOUND('',#1119,.T.);
#365=FACE_OUTER_BOUND('',#1120,.T.);
#366=FACE_OUTER_BOUND('',#1121,.T.);
#367=FACE_OUTER_BOUND('',#1122,.T.);
#368=FACE_OUTER_BOUND('',#1123,.T.);
#369=FACE_OUTER_BOUND('',#1124,.T.);
#370=FACE_OUTER_BOUND('',#1125,.T.);
#371=FACE_OUTER_BOUND('',#1126,.T.);
#372=FACE_OUTER_BOUND('',#1127,.T.);
#373=FACE_OUTER_BOUND('',#1128,.T.);
#374=FACE_OUTER_BOUND('',#1129,.T.);
#375=FACE_OUTER_BOUND('',#1130,.T.);
#376=FACE_OUTER_BOUND('',#1131,.T.);
#377=FACE_OUTER_BOUND('',#1132,.T.);
#378=FACE_OUTER_BOUND('',#1133,.T.);
#379=FACE_OUTER_BOUND('',#1134,.T.);
#380=FACE_OUTER_BOUND('',#1135,.T.);
#381=FACE_OUTER_BOUND('',#1136,.T.);
#382=FACE_OUTER_BOUND('',#1137,.T.);
#383=FACE_OUTER_BOUND('',#1138,.T.);
#384=FACE_OUTER_BOUND('',#1139,.T.);
#385=FACE_OUTER_BOUND('',#1140,.T.);
#386=FACE_OUTER_BOUND('',#1141,.T.);
#387=FACE_OUTER_BOUND('',#1142,.T.);
#388=FACE_OUTER_BOUND('',#1143,.T.);
#389=FACE_OUTER_BOUND('',#1144,.T.);
#390=FACE_OUTER_BOUND('',#1145,.T.);
#391=FACE_OUTER_BOUND('',#1146,.T.);
#392=FACE_OUTER_BOUND('',#1147,.T.);
#393=FACE_OUTER_BOUND('',#1148,.T.);
#394=FACE_OUTER_BOUND('',#1149,.T.);
#395=FACE_OUTER_BOUND('',#1150,.T.);
#396=FACE_OUTER_BOUND('',#1151,.T.);
#397=FACE_OUTER_BOUND('',#1152,.T.);
#398=FACE_OUTER_BOUND('',#1153,.T.);
#399=FACE_OUTER_BOUND('',#1154,.T.);
#400=FACE_OUTER_BOUND('',#1155,.T.);
#401=FACE_OUTER_BOUND('',#1156,.T.);
#402=FACE_OUTER_BOUND('',#1157,.T.);
#403=FACE_OUTER_BOUND('',#1158,.T.);
#404=FACE_OUTER_BOUND('',#1159,.T.);
#405=FACE_OUTER_BOUND('',#1160,.T.);
#406=FACE_OUTER_BOUND('',#1161,.T.);
#407=FACE_OUTER_BOUND('',#1162,.T.);
#408=FACE_OUTER_BOUND('',#1163,.T.);
#409=FACE_OUTER_BOUND('',#1164,.T.);
#410=FACE_OUTER_BOUND('',#1165,.T.);
#411=FACE_OUTER_BOUND('',#1166,.T.);
#412=FACE_OUTER_BOUND('',#1167,.T.);
#413=FACE_OUTER_BOUND('',#1168,.T.);
#414=FACE_OUTER_BOUND('',#1169,.T.);
#415=FACE_OUTER_BOUND('',#1170,.T.);
#416=FACE_OUTER_BOUND('',#1171,.T.);
#417=FACE_OUTER_BOUND('',#1172,.T.);
#418=FACE_OUTER_BOUND('',#1173,.T.);
#419=FACE_OUTER_BOUND('',#1174,.T.);
#420=FACE_OUTER_BOUND('',#1175,.T.);
#421=FACE_OUTER_BOUND('',#1176,.T.);
#422=FACE_OUTER_BOUND('',#1177,.T.);
#423=FACE_OUTER_BOUND('',#1178,.T.);
#424=FACE_OUTER_BOUND('',#1179,.T.);
#425=FACE_OUTER_BOUND('',#1180,.T.);
#426=FACE_OUTER_BOUND('',#1181,.T.);
#427=FACE_OUTER_BOUND('',#1182,.T.);
#428=FACE_OUTER_BOUND('',#1183,.T.);
#429=FACE_OUTER_BOUND('',#1184,.T.);
#430=FACE_OUTER_BOUND('',#1185,.T.);
#431=FACE_OUTER_BOUND('',#1186,.T.);
#432=FACE_OUTER_BOUND('',#1187,.T.);
#433=FACE_OUTER_BOUND('',#1188,.T.);
#434=FACE_OUTER_BOUND('',#1189,.T.);
#435=FACE_OUTER_BOUND('',#1190,.T.);
#436=FACE_OUTER_BOUND('',#1191,.T.);
#437=FACE_OUTER_BOUND('',#1192,.T.);
#438=FACE_OUTER_BOUND('',#1193,.T.);
#439=FACE_OUTER_BOUND('',#1194,.T.);
#440=FACE_OUTER_BOUND('',#1195,.T.);
#441=FACE_OUTER_BOUND('',#1196,.T.);
#442=FACE_OUTER_BOUND('',#1197,.T.);
#443=FACE_OUTER_BOUND('',#1198,.T.);
#444=FACE_OUTER_BOUND('',#1199,.T.);
#445=FACE_OUTER_BOUND('',#1200,.T.);
#446=FACE_OUTER_BOUND('',#1201,.T.);
#447=FACE_OUTER_BOUND('',#1202,.T.);
#448=FACE_OUTER_BOUND('',#1203,.T.);
#449=FACE_OUTER_BOUND('',#1204,.T.);
#450=FACE_OUTER_BOUND('',#1205,.T.);
#451=FACE_OUTER_BOUND('',#1206,.T.);
#452=FACE_OUTER_BOUND('',#1207,.T.);
#453=FACE_OUTER_BOUND('',#1208,.T.);
#454=FACE_OUTER_BOUND('',#1209,.T.);
#455=FACE_OUTER_BOUND('',#1210,.T.);
#456=FACE_OUTER_BOUND('',#1211,.T.);
#457=FACE_OUTER_BOUND('',#1212,.T.);
#458=FACE_OUTER_BOUND('',#1213,.T.);
#459=FACE_OUTER_BOUND('',#1214,.T.);
#460=FACE_OUTER_BOUND('',#1215,.T.);
#461=FACE_OUTER_BOUND('',#1216,.T.);
#462=FACE_OUTER_BOUND('',#1217,.T.);
#463=FACE_OUTER_BOUND('',#1218,.T.);
#464=FACE_OUTER_BOUND('',#1219,.T.);
#465=FACE_OUTER_BOUND('',#1220,.T.);
#466=FACE_OUTER_BOUND('',#1221,.T.);
#467=FACE_OUTER_BOUND('',#1222,.T.);
#468=FACE_OUTER_BOUND('',#1223,.T.);
#469=FACE_OUTER_BOUND('',#1224,.T.);
#470=FACE_OUTER_BOUND('',#1225,.T.);
#471=FACE_OUTER_BOUND('',#1226,.T.);
#472=FACE_OUTER_BOUND('',#1227,.T.);
#473=FACE_OUTER_BOUND('',#1228,.T.);
#474=FACE_OUTER_BOUND('',#1229,.T.);
#475=FACE_OUTER_BOUND('',#1230,.T.);
#476=FACE_OUTER_BOUND('',#1231,.T.);
#477=FACE_OUTER_BOUND('',#1232,.T.);
#478=FACE_OUTER_BOUND('',#1233,.T.);
#479=FACE_OUTER_BOUND('',#1234,.T.);
#480=FACE_OUTER_BOUND('',#1235,.T.);
#481=FACE_OUTER_BOUND('',#1236,.T.);
#482=FACE_OUTER_BOUND('',#1237,.T.);
#483=FACE_OUTER_BOUND('',#1238,.T.);
#484=FACE_OUTER_BOUND('',#1239,.T.);
#485=FACE_OUTER_BOUND('',#1240,.T.);
#486=FACE_OUTER_BOUND('',#1241,.T.);
#487=FACE_OUTER_BOUND('',#1242,.T.);
#488=FACE_OUTER_BOUND('',#1243,.T.);
#489=FACE_OUTER_BOUND('',#1244,.T.);
#490=FACE_OUTER_BOUND('',#1245,.T.);
#491=FACE_OUTER_BOUND('',#1246,.T.);
#492=FACE_OUTER_BOUND('',#1247,.T.);
#493=FACE_OUTER_BOUND('',#1248,.T.);
#494=FACE_OUTER_BOUND('',#1249,.T.);
#495=FACE_OUTER_BOUND('',#1250,.T.);
#496=FACE_OUTER_BOUND('',#1251,.T.);
#497=FACE_OUTER_BOUND('',#1252,.T.);
#498=FACE_OUTER_BOUND('',#1253,.T.);
#499=FACE_OUTER_BOUND('',#1254,.T.);
#500=FACE_OUTER_BOUND('',#1255,.T.);
#501=FACE_OUTER_BOUND('',#1256,.T.);
#502=FACE_OUTER_BOUND('',#1257,.T.);
#503=FACE_OUTER_BOUND('',#1258,.T.);
#504=FACE_OUTER_BOUND('',#1259,.T.);
#505=FACE_OUTER_BOUND('',#1260,.T.);
#506=FACE_OUTER_BOUND('',#1261,.T.);
#507=FACE_OUTER_BOUND('',#1262,.T.);
#508=FACE_OUTER_BOUND('',#1263,.T.);
#509=FACE_OUTER_BOUND('',#1264,.T.);
#510=FACE_OUTER_BOUND('',#1265,.T.);
#511=FACE_OUTER_BOUND('',#1266,.T.);
#512=FACE_OUTER_BOUND('',#1267,.T.);
#513=FACE_OUTER_BOUND('',#1268,.T.);
#514=FACE_OUTER_BOUND('',#1269,.T.);
#515=FACE_OUTER_BOUND('',#1270,.T.);
#516=FACE_OUTER_BOUND('',#1271,.T.);
#517=FACE_OUTER_BOUND('',#1272,.T.);
#518=FACE_OUTER_BOUND('',#1273,.T.);
#519=FACE_OUTER_BOUND('',#1274,.T.);
#520=FACE_OUTER_BOUND('',#1275,.T.);
#521=FACE_OUTER_BOUND('',#1276,.T.);
#522=FACE_OUTER_BOUND('',#1277,.T.);
#523=FACE_OUTER_BOUND('',#1278,.T.);
#524=FACE_OUTER_BOUND('',#1279,.T.);
#525=FACE_OUTER_BOUND('',#1280,.T.);
#526=FACE_OUTER_BOUND('',#1281,.T.);
#527=FACE_OUTER_BOUND('',#1282,.T.);
#528=FACE_OUTER_BOUND('',#1283,.T.);
#529=FACE_OUTER_BOUND('',#1284,.T.);
#530=FACE_OUTER_BOUND('',#1285,.T.);
#531=FACE_OUTER_BOUND('',#1286,.T.);
#532=FACE_OUTER_BOUND('',#1287,.T.);
#533=FACE_OUTER_BOUND('',#1288,.T.);
#534=FACE_OUTER_BOUND('',#1289,.T.);
#535=FACE_OUTER_BOUND('',#1290,.T.);
#536=FACE_OUTER_BOUND('',#1291,.T.);
#537=FACE_OUTER_BOUND('',#1292,.T.);
#538=FACE_OUTER_BOUND('',#1293,.T.);
#539=FACE_OUTER_BOUND('',#1294,.T.);
#540=FACE_OUTER_BOUND('',#1295,.T.);
#541=FACE_OUTER_BOUND('',#1296,.T.);
#542=FACE_OUTER_BOUND('',#1297,.T.);
#543=FACE_OUTER_BOUND('',#1298,.T.);
#544=FACE_OUTER_BOUND('',#1299,.T.);
#545=FACE_OUTER_BOUND('',#1300,.T.);
#546=FACE_OUTER_BOUND('',#1301,.T.);
#547=FACE_OUTER_BOUND('',#1302,.T.);
#548=FACE_OUTER_BOUND('',#1303,.T.);
#549=FACE_OUTER_BOUND('',#1304,.T.);
#550=FACE_OUTER_BOUND('',#1305,.T.);
#551=FACE_OUTER_BOUND('',#1306,.T.);
#552=FACE_OUTER_BOUND('',#1307,.T.);
#553=FACE_OUTER_BOUND('',#1308,.T.);
#554=FACE_OUTER_BOUND('',#1309,.T.);
#555=FACE_OUTER_BOUND('',#1310,.T.);
#556=FACE_OUTER_BOUND('',#1311,.T.);
#557=FACE_OUTER_BOUND('',#1312,.T.);
#558=FACE_OUTER_BOUND('',#1313,.T.);
#559=FACE_OUTER_BOUND('',#1314,.T.);
#560=FACE_OUTER_BOUND('',#1315,.T.);
#561=FACE_OUTER_BOUND('',#1316,.T.);
#562=FACE_OUTER_BOUND('',#1317,.T.);
#563=FACE_OUTER_BOUND('',#1318,.T.);
#564=FACE_OUTER_BOUND('',#1319,.T.);
#565=FACE_OUTER_BOUND('',#1320,.T.);
#566=FACE_OUTER_BOUND('',#1321,.T.);
#567=FACE_OUTER_BOUND('',#1322,.T.);
#568=FACE_OUTER_BOUND('',#1323,.T.);
#569=FACE_OUTER_BOUND('',#1324,.T.);
#570=FACE_OUTER_BOUND('',#1325,.T.);
#571=FACE_OUTER_BOUND('',#1326,.T.);
#572=FACE_OUTER_BOUND('',#1327,.T.);
#573=FACE_OUTER_BOUND('',#1328,.T.);
#574=FACE_OUTER_BOUND('',#1329,.T.);
#575=FACE_OUTER_BOUND('',#1330,.T.);
#576=FACE_OUTER_BOUND('',#1331,.T.);
#577=FACE_OUTER_BOUND('',#1332,.T.);
#578=FACE_OUTER_BOUND('',#1333,.T.);
#579=FACE_OUTER_BOUND('',#1334,.T.);
#580=FACE_OUTER_BOUND('',#1335,.T.);
#581=FACE_OUTER_BOUND('',#1336,.T.);
#582=FACE_OUTER_BOUND('',#1337,.T.);
#583=FACE_OUTER_BOUND('',#1338,.T.);
#584=FACE_OUTER_BOUND('',#1339,.T.);
#585=FACE_OUTER_BOUND('',#1340,.T.);
#586=FACE_OUTER_BOUND('',#1341,.T.);
#587=FACE_OUTER_BOUND('',#1342,.T.);
#588=FACE_OUTER_BOUND('',#1343,.T.);
#589=FACE_OUTER_BOUND('',#1344,.T.);
#590=FACE_OUTER_BOUND('',#1345,.T.);
#591=FACE_OUTER_BOUND('',#1346,.T.);
#592=FACE_OUTER_BOUND('',#1347,.T.);
#593=FACE_OUTER_BOUND('',#1348,.T.);
#594=FACE_OUTER_BOUND('',#1349,.T.);
#595=FACE_OUTER_BOUND('',#1350,.T.);
#596=FACE_OUTER_BOUND('',#1351,.T.);
#597=FACE_OUTER_BOUND('',#1352,.T.);
#598=FACE_OUTER_BOUND('',#1353,.T.);
#599=FACE_OUTER_BOUND('',#1354,.T.);
#600=FACE_OUTER_BOUND('',#1355,.T.);
#601=FACE_OUTER_BOUND('',#1356,.T.);
#602=FACE_OUTER_BOUND('',#1357,.T.);
#603=FACE_OUTER_BOUND('',#1358,.T.);
#604=FACE_OUTER_BOUND('',#1359,.T.);
#605=FACE_OUTER_BOUND('',#1360,.T.);
#606=FACE_OUTER_BOUND('',#1361,.T.);
#607=FACE_OUTER_BOUND('',#1362,.T.);
#608=FACE_OUTER_BOUND('',#1363,.T.);
#609=FACE_OUTER_BOUND('',#1364,.T.);
#610=FACE_OUTER_BOUND('',#1365,.T.);
#611=FACE_OUTER_BOUND('',#1366,.T.);
#612=FACE_OUTER_BOUND('',#1367,.T.);
#613=FACE_OUTER_BOUND('',#1368,.T.);
#614=FACE_OUTER_BOUND('',#1369,.T.);
#615=FACE_OUTER_BOUND('',#1370,.T.);
#616=FACE_OUTER_BOUND('',#1371,.T.);
#617=FACE_OUTER_BOUND('',#1372,.T.);
#618=FACE_OUTER_BOUND('',#1373,.T.);
#619=FACE_OUTER_BOUND('',#1374,.T.);
#620=FACE_OUTER_BOUND('',#1375,.T.);
#621=FACE_OUTER_BOUND('',#1376,.T.);
#622=FACE_OUTER_BOUND('',#1377,.T.);
#623=FACE_OUTER_BOUND('',#1378,.T.);
#624=FACE_OUTER_BOUND('',#1379,.T.);
#625=FACE_OUTER_BOUND('',#1380,.T.);
#626=FACE_OUTER_BOUND('',#1381,.T.);
#627=FACE_OUTER_BOUND('',#1382,.T.);
#628=FACE_OUTER_BOUND('',#1383,.T.);
#629=FACE_OUTER_BOUND('',#1384,.T.);
#630=FACE_OUTER_BOUND('',#1385,.T.);
#631=FACE_OUTER_BOUND('',#1386,.T.);
#632=FACE_OUTER_BOUND('',#1387,.T.);
#633=FACE_OUTER_BOUND('',#1388,.T.);
#634=FACE_OUTER_BOUND('',#1389,.T.);
#635=FACE_OUTER_BOUND('',#1390,.T.);
#636=FACE_OUTER_BOUND('',#1391,.T.);
#637=FACE_OUTER_BOUND('',#1392,.T.);
#638=FACE_OUTER_BOUND('',#1393,.T.);
#639=FACE_OUTER_BOUND('',#1394,.T.);
#640=FACE_OUTER_BOUND('',#1395,.T.);
#641=FACE_OUTER_BOUND('',#1396,.T.);
#642=FACE_OUTER_BOUND('',#1397,.T.);
#643=FACE_OUTER_BOUND('',#1398,.T.);
#644=FACE_OUTER_BOUND('',#1399,.T.);
#645=FACE_OUTER_BOUND('',#1400,.T.);
#646=FACE_OUTER_BOUND('',#1401,.T.);
#647=FACE_OUTER_BOUND('',#1402,.T.);
#648=FACE_OUTER_BOUND('',#1403,.T.);
#649=FACE_OUTER_BOUND('',#1404,.T.);
#650=FACE_OUTER_BOUND('',#1405,.T.);
#651=FACE_OUTER_BOUND('',#1406,.T.);
#652=FACE_OUTER_BOUND('',#1407,.T.);
#653=FACE_OUTER_BOUND('',#1408,.T.);
#654=FACE_OUTER_BOUND('',#1409,.T.);
#655=FACE_OUTER_BOUND('',#1410,.T.);
#656=FACE_OUTER_BOUND('',#1411,.T.);
#657=FACE_OUTER_BOUND('',#1412,.T.);
#658=FACE_OUTER_BOUND('',#1413,.T.);
#659=FACE_OUTER_BOUND('',#1414,.T.);
#660=FACE_OUTER_BOUND('',#1415,.T.);
#661=FACE_OUTER_BOUND('',#1416,.T.);
#662=FACE_OUTER_BOUND('',#1417,.T.);
#663=FACE_OUTER_BOUND('',#1418,.T.);
#664=FACE_OUTER_BOUND('',#1419,.T.);
#665=FACE_OUTER_BOUND('',#1420,.T.);
#666=FACE_OUTER_BOUND('',#1421,.T.);
#667=FACE_OUTER_BOUND('',#1422,.T.);
#668=FACE_OUTER_BOUND('',#1423,.T.);
#669=FACE_OUTER_BOUND('',#1424,.T.);
#670=FACE_OUTER_BOUND('',#1425,.T.);
#671=FACE_OUTER_BOUND('',#1426,.T.);
#672=FACE_OUTER_BOUND('',#1427,.T.);
#673=FACE_OUTER_BOUND('',#1428,.T.);
#674=FACE_OUTER_BOUND('',#1429,.T.);
#675=FACE_OUTER_BOUND('',#1430,.T.);
#676=FACE_OUTER_BOUND('',#1431,.T.);
#677=FACE_OUTER_BOUND('',#1432,.T.);
#678=FACE_OUTER_BOUND('',#1433,.T.);
#679=FACE_OUTER_BOUND('',#1434,.T.);
#680=FACE_OUTER_BOUND('',#1435,.T.);
#681=FACE_OUTER_BOUND('',#1436,.T.);
#682=FACE_OUTER_BOUND('',#1437,.T.);
#683=FACE_OUTER_BOUND('',#1438,.T.);
#684=FACE_OUTER_BOUND('',#1439,.T.);
#685=FACE_OUTER_BOUND('',#1440,.T.);
#686=FACE_OUTER_BOUND('',#1441,.T.);
#687=FACE_OUTER_BOUND('',#1442,.T.);
#688=FACE_OUTER_BOUND('',#1443,.T.);
#689=FACE_OUTER_BOUND('',#1444,.T.);
#690=FACE_OUTER_BOUND('',#1445,.T.);
#691=FACE_OUTER_BOUND('',#1446,.T.);
#692=FACE_OUTER_BOUND('',#1447,.T.);
#693=FACE_OUTER_BOUND('',#1448,.T.);
#694=FACE_OUTER_BOUND('',#1449,.T.);
#695=FACE_OUTER_BOUND('',#1450,.T.);
#696=FACE_OUTER_BOUND('',#1451,.T.);
#697=FACE_OUTER_BOUND('',#1452,.T.);
#698=FACE_OUTER_BOUND('',#1453,.T.);
#699=FACE_OUTER_BOUND('',#1454,.T.);
#700=FACE_OUTER_BOUND('',#1455,.T.);
#701=FACE_OUTER_BOUND('',#1456,.T.);
#702=FACE_OUTER_BOUND('',#1457,.T.);
#703=FACE_OUTER_BOUND('',#1458,.T.);
#704=FACE_OUTER_BOUND('',#1459,.T.);
#705=FACE_OUTER_BOUND('',#1460,.T.);
#706=FACE_OUTER_BOUND('',#1461,.T.);
#707=FACE_OUTER_BOUND('',#1462,.T.);
#708=FACE_OUTER_BOUND('',#1463,.T.);
#709=FACE_OUTER_BOUND('',#1464,.T.);
#710=FACE_OUTER_BOUND('',#1465,.T.);
#711=FACE_OUTER_BOUND('',#1466,.T.);
#712=FACE_OUTER_BOUND('',#1467,.T.);
#713=FACE_OUTER_BOUND('',#1468,.T.);
#714=FACE_OUTER_BOUND('',#1469,.T.);
#715=FACE_OUTER_BOUND('',#1470,.T.);
#716=FACE_OUTER_BOUND('',#1471,.T.);
#717=FACE_OUTER_BOUND('',#1472,.T.);
#718=FACE_OUTER_BOUND('',#1473,.T.);
#719=FACE_OUTER_BOUND('',#1474,.T.);
#720=FACE_OUTER_BOUND('',#1475,.T.);
#721=FACE_OUTER_BOUND('',#1476,.T.);
#722=FACE_OUTER_BOUND('',#1477,.T.);
#723=FACE_OUTER_BOUND('',#1478,.T.);
#724=FACE_OUTER_BOUND('',#1479,.T.);
#725=FACE_OUTER_BOUND('',#1480,.T.);
#726=FACE_OUTER_BOUND('',#1481,.T.);
#727=FACE_OUTER_BOUND('',#1482,.T.);
#728=FACE_OUTER_BOUND('',#1483,.T.);
#729=FACE_OUTER_BOUND('',#1484,.T.);
#730=FACE_OUTER_BOUND('',#1485,.T.);
#731=FACE_OUTER_BOUND('',#1486,.T.);
#732=FACE_OUTER_BOUND('',#1487,.T.);
#733=FACE_OUTER_BOUND('',#1488,.T.);
#734=FACE_OUTER_BOUND('',#1489,.T.);
#735=FACE_OUTER_BOUND('',#1490,.T.);
#736=FACE_OUTER_BOUND('',#1491,.T.);
#737=FACE_OUTER_BOUND('',#1492,.T.);
#738=FACE_OUTER_BOUND('',#1493,.T.);
#739=FACE_OUTER_BOUND('',#1494,.T.);
#740=FACE_OUTER_BOUND('',#1495,.T.);
#741=FACE_OUTER_BOUND('',#1496,.T.);
#742=FACE_OUTER_BOUND('',#1497,.T.);
#743=FACE_OUTER_BOUND('',#1498,.T.);
#744=FACE_OUTER_BOUND('',#1499,.T.);
#745=FACE_OUTER_BOUND('',#1500,.T.);
#746=FACE_OUTER_BOUND('',#1501,.T.);
#747=FACE_OUTER_BOUND('',#1502,.T.);
#748=FACE_OUTER_BOUND('',#1503,.T.);
#749=FACE_OUTER_BOUND('',#1504,.T.);
#750=FACE_OUTER_BOUND('',#1505,.T.);
#751=FACE_OUTER_BOUND('',#1506,.T.);
#752=FACE_OUTER_BOUND('',#1507,.T.);
#753=FACE_OUTER_BOUND('',#1508,.T.);
#754=FACE_OUTER_BOUND('',#1509,.T.);
#755=FACE_OUTER_BOUND('',#1510,.T.);
#756=FACE_OUTER_BOUND('',#1511,.T.);
#757=FACE_OUTER_BOUND('',#1512,.T.);
#758=FACE_OUTER_BOUND('',#1513,.T.);
#759=FACE_OUTER_BOUND('',#1514,.T.);
#760=FACE_OUTER_BOUND('',#1515,.T.);
#761=FACE_OUTER_BOUND('',#1516,.T.);
#762=FACE_OUTER_BOUND('',#1517,.T.);
#763=FACE_OUTER_BOUND('',#1518,.T.);
#764=FACE_OUTER_BOUND('',#1519,.T.);
#765=FACE_OUTER_BOUND('',#1520,.T.);
#766=FACE_OUTER_BOUND('',#1521,.T.);
#767=FACE_OUTER_BOUND('',#1522,.T.);
#768=FACE_OUTER_BOUND('',#1523,.T.);
#769=FACE_OUTER_BOUND('',#1524,.T.);
#770=EDGE_LOOP('',(#6952,#6953,#6954,#6955,#6956,#6957,#6958,#6959,#6960,
#6961,#6962,#6963,#6964,#6965,#6966,#6967,#6968,#6969,#6970,#6971,#6972,
#6973,#6974,#6975,#6976,#6977,#6978,#6979,#6980,#6981,#6982,#6983,#6984,
#6985,#6986,#6987,#6988,#6989,#6990,#6991,#6992,#6993,#6994,#6995,#6996,
#6997,#6998,#6999,#7000,#7001,#7002,#7003,#7004,#7005,#7006,#7007,#7008,
#7009,#7010,#7011,#7012,#7013,#7014,#7015,#7016,#7017,#7018,#7019));
#771=EDGE_LOOP('',(#7020,#7021,#7022,#7023));
#772=EDGE_LOOP('',(#7024,#7025,#7026,#7027));
#773=EDGE_LOOP('',(#7028,#7029,#7030,#7031,#7032,#7033,#7034,#7035,#7036,
#7037,#7038,#7039,#7040,#7041,#7042,#7043,#7044,#7045,#7046,#7047,#7048,
#7049,#7050,#7051,#7052,#7053,#7054,#7055,#7056,#7057,#7058,#7059,#7060,
#7061,#7062,#7063,#7064,#7065,#7066,#7067,#7068,#7069,#7070,#7071,#7072,
#7073,#7074,#7075,#7076,#7077,#7078,#7079,#7080,#7081,#7082,#7083,#7084,
#7085,#7086,#7087,#7088,#7089,#7090,#7091,#7092,#7093,#7094,#7095,#7096,
#7097,#7098,#7099,#7100,#7101,#7102,#7103,#7104,#7105,#7106,#7107,#7108,
#7109,#7110,#7111,#7112));
#774=EDGE_LOOP('',(#7113,#7114,#7115,#7116));
#775=EDGE_LOOP('',(#7117,#7118,#7119,#7120,#7121,#7122,#7123,#7124,#7125,
#7126,#7127,#7128,#7129,#7130,#7131,#7132,#7133,#7134,#7135,#7136,#7137,
#7138,#7139,#7140,#7141,#7142,#7143,#7144,#7145,#7146,#7147,#7148,#7149,
#7150,#7151,#7152,#7153,#7154,#7155,#7156,#7157,#7158,#7159,#7160,#7161,
#7162,#7163,#7164,#7165,#7166,#7167,#7168,#7169,#7170,#7171,#7172,#7173,
#7174,#7175,#7176,#7177,#7178,#7179,#7180,#7181,#7182,#7183,#7184,#7185,
#7186,#7187,#7188,#7189,#7190,#7191,#7192,#7193,#7194,#7195,#7196,#7197,
#7198,#7199,#7200,#7201));
#776=EDGE_LOOP('',(#7202,#7203,#7204,#7205,#7206,#7207,#7208,#7209,#7210,
#7211,#7212,#7213,#7214,#7215,#7216,#7217,#7218,#7219,#7220,#7221,#7222,
#7223,#7224,#7225,#7226,#7227,#7228,#7229,#7230,#7231,#7232,#7233,#7234,
#7235,#7236,#7237,#7238,#7239,#7240,#7241,#7242,#7243,#7244,#7245,#7246,
#7247,#7248,#7249,#7250,#7251,#7252,#7253,#7254,#7255,#7256,#7257,#7258,
#7259,#7260,#7261,#7262,#7263,#7264,#7265,#7266,#7267,#7268,#7269,#7270,
#7271,#7272,#7273));
#777=EDGE_LOOP('',(#7274,#7275,#7276,#7277));
#778=EDGE_LOOP('',(#7278,#7279,#7280,#7281));
#779=EDGE_LOOP('',(#7282,#7283,#7284,#7285,#7286,#7287,#7288,#7289,#7290,
#7291,#7292,#7293,#7294,#7295,#7296,#7297,#7298,#7299,#7300,#7301,#7302,
#7303,#7304,#7305));
#780=EDGE_LOOP('',(#7306,#7307,#7308,#7309));
#781=EDGE_LOOP('',(#7310,#7311,#7312,#7313));
#782=EDGE_LOOP('',(#7314,#7315,#7316,#7317));
#783=EDGE_LOOP('',(#7318,#7319,#7320,#7321));
#784=EDGE_LOOP('',(#7322,#7323,#7324,#7325));
#785=EDGE_LOOP('',(#7326,#7327,#7328));
#786=EDGE_LOOP('',(#7329,#7330,#7331));
#787=EDGE_LOOP('',(#7332,#7333,#7334));
#788=EDGE_LOOP('',(#7335,#7336,#7337));
#789=EDGE_LOOP('',(#7338,#7339,#7340));
#790=EDGE_LOOP('',(#7341,#7342,#7343));
#791=EDGE_LOOP('',(#7344,#7345,#7346));
#792=EDGE_LOOP('',(#7347,#7348,#7349));
#793=EDGE_LOOP('',(#7350,#7351,#7352));
#794=EDGE_LOOP('',(#7353,#7354,#7355));
#795=EDGE_LOOP('',(#7356,#7357,#7358));
#796=EDGE_LOOP('',(#7359,#7360,#7361));
#797=EDGE_LOOP('',(#7362,#7363,#7364));
#798=EDGE_LOOP('',(#7365,#7366,#7367));
#799=EDGE_LOOP('',(#7368,#7369,#7370));
#800=EDGE_LOOP('',(#7371,#7372,#7373));
#801=EDGE_LOOP('',(#7374,#7375,#7376));
#802=EDGE_LOOP('',(#7377,#7378,#7379));
#803=EDGE_LOOP('',(#7380,#7381,#7382));
#804=EDGE_LOOP('',(#7383,#7384,#7385));
#805=EDGE_LOOP('',(#7386,#7387,#7388));
#806=EDGE_LOOP('',(#7389,#7390,#7391));
#807=EDGE_LOOP('',(#7392,#7393,#7394));
#808=EDGE_LOOP('',(#7395,#7396,#7397));
#809=EDGE_LOOP('',(#7398,#7399,#7400));
#810=EDGE_LOOP('',(#7401,#7402,#7403));
#811=EDGE_LOOP('',(#7404,#7405,#7406));
#812=EDGE_LOOP('',(#7407,#7408,#7409));
#813=EDGE_LOOP('',(#7410,#7411,#7412));
#814=EDGE_LOOP('',(#7413,#7414,#7415));
#815=EDGE_LOOP('',(#7416,#7417,#7418));
#816=EDGE_LOOP('',(#7419,#7420,#7421));
#817=EDGE_LOOP('',(#7422,#7423,#7424));
#818=EDGE_LOOP('',(#7425,#7426,#7427));
#819=EDGE_LOOP('',(#7428,#7429,#7430));
#820=EDGE_LOOP('',(#7431,#7432,#7433));
#821=EDGE_LOOP('',(#7434,#7435,#7436));
#822=EDGE_LOOP('',(#7437,#7438,#7439));
#823=EDGE_LOOP('',(#7440,#7441,#7442));
#824=EDGE_LOOP('',(#7443,#7444,#7445));
#825=EDGE_LOOP('',(#7446,#7447,#7448));
#826=EDGE_LOOP('',(#7449,#7450,#7451));
#827=EDGE_LOOP('',(#7452,#7453,#7454));
#828=EDGE_LOOP('',(#7455,#7456,#7457));
#829=EDGE_LOOP('',(#7458,#7459,#7460));
#830=EDGE_LOOP('',(#7461,#7462,#7463));
#831=EDGE_LOOP('',(#7464,#7465,#7466));
#832=EDGE_LOOP('',(#7467,#7468,#7469));
#833=EDGE_LOOP('',(#7470,#7471,#7472));
#834=EDGE_LOOP('',(#7473,#7474,#7475));
#835=EDGE_LOOP('',(#7476,#7477,#7478));
#836=EDGE_LOOP('',(#7479,#7480,#7481));
#837=EDGE_LOOP('',(#7482,#7483,#7484));
#838=EDGE_LOOP('',(#7485,#7486,#7487));
#839=EDGE_LOOP('',(#7488,#7489,#7490));
#840=EDGE_LOOP('',(#7491,#7492,#7493));
#841=EDGE_LOOP('',(#7494,#7495,#7496));
#842=EDGE_LOOP('',(#7497,#7498,#7499));
#843=EDGE_LOOP('',(#7500,#7501,#7502));
#844=EDGE_LOOP('',(#7503,#7504,#7505));
#845=EDGE_LOOP('',(#7506,#7507,#7508,#7509));
#846=EDGE_LOOP('',(#7510,#7511,#7512,#7513));
#847=EDGE_LOOP('',(#7514,#7515,#7516));
#848=EDGE_LOOP('',(#7517,#7518,#7519));
#849=EDGE_LOOP('',(#7520,#7521,#7522));
#850=EDGE_LOOP('',(#7523,#7524,#7525));
#851=EDGE_LOOP('',(#7526,#7527,#7528));
#852=EDGE_LOOP('',(#7529,#7530,#7531));
#853=EDGE_LOOP('',(#7532,#7533,#7534));
#854=EDGE_LOOP('',(#7535,#7536,#7537));
#855=EDGE_LOOP('',(#7538,#7539,#7540));
#856=EDGE_LOOP('',(#7541,#7542,#7543));
#857=EDGE_LOOP('',(#7544,#7545,#7546));
#858=EDGE_LOOP('',(#7547,#7548,#7549));
#859=EDGE_LOOP('',(#7550,#7551,#7552));
#860=EDGE_LOOP('',(#7553,#7554,#7555));
#861=EDGE_LOOP('',(#7556,#7557,#7558));
#862=EDGE_LOOP('',(#7559,#7560,#7561));
#863=EDGE_LOOP('',(#7562,#7563,#7564));
#864=EDGE_LOOP('',(#7565,#7566,#7567));
#865=EDGE_LOOP('',(#7568,#7569,#7570));
#866=EDGE_LOOP('',(#7571,#7572,#7573));
#867=EDGE_LOOP('',(#7574,#7575,#7576));
#868=EDGE_LOOP('',(#7577,#7578,#7579));
#869=EDGE_LOOP('',(#7580,#7581,#7582));
#870=EDGE_LOOP('',(#7583,#7584,#7585));
#871=EDGE_LOOP('',(#7586,#7587,#7588));
#872=EDGE_LOOP('',(#7589,#7590,#7591));
#873=EDGE_LOOP('',(#7592,#7593,#7594));
#874=EDGE_LOOP('',(#7595,#7596,#7597));
#875=EDGE_LOOP('',(#7598,#7599,#7600));
#876=EDGE_LOOP('',(#7601,#7602,#7603));
#877=EDGE_LOOP('',(#7604,#7605,#7606));
#878=EDGE_LOOP('',(#7607,#7608,#7609));
#879=EDGE_LOOP('',(#7610,#7611,#7612));
#880=EDGE_LOOP('',(#7613,#7614,#7615));
#881=EDGE_LOOP('',(#7616,#7617,#7618));
#882=EDGE_LOOP('',(#7619,#7620,#7621));
#883=EDGE_LOOP('',(#7622,#7623,#7624));
#884=EDGE_LOOP('',(#7625,#7626,#7627));
#885=EDGE_LOOP('',(#7628,#7629,#7630));
#886=EDGE_LOOP('',(#7631,#7632,#7633));
#887=EDGE_LOOP('',(#7634,#7635,#7636));
#888=EDGE_LOOP('',(#7637,#7638,#7639));
#889=EDGE_LOOP('',(#7640,#7641,#7642));
#890=EDGE_LOOP('',(#7643,#7644,#7645));
#891=EDGE_LOOP('',(#7646,#7647,#7648));
#892=EDGE_LOOP('',(#7649,#7650,#7651));
#893=EDGE_LOOP('',(#7652,#7653,#7654));
#894=EDGE_LOOP('',(#7655,#7656,#7657));
#895=EDGE_LOOP('',(#7658,#7659,#7660));
#896=EDGE_LOOP('',(#7661,#7662,#7663));
#897=EDGE_LOOP('',(#7664,#7665,#7666));
#898=EDGE_LOOP('',(#7667,#7668,#7669));
#899=EDGE_LOOP('',(#7670,#7671,#7672));
#900=EDGE_LOOP('',(#7673,#7674,#7675));
#901=EDGE_LOOP('',(#7676,#7677,#7678));
#902=EDGE_LOOP('',(#7679,#7680,#7681));
#903=EDGE_LOOP('',(#7682,#7683,#7684));
#904=EDGE_LOOP('',(#7685,#7686,#7687));
#905=EDGE_LOOP('',(#7688,#7689,#7690));
#906=EDGE_LOOP('',(#7691,#7692,#7693));
#907=EDGE_LOOP('',(#7694,#7695,#7696,#7697));
#908=EDGE_LOOP('',(#7698,#7699,#7700));
#909=EDGE_LOOP('',(#7701,#7702,#7703));
#910=EDGE_LOOP('',(#7704,#7705,#7706,#7707));
#911=EDGE_LOOP('',(#7708,#7709,#7710,#7711));
#912=EDGE_LOOP('',(#7712,#7713,#7714));
#913=EDGE_LOOP('',(#7715,#7716,#7717));
#914=EDGE_LOOP('',(#7718,#7719,#7720));
#915=EDGE_LOOP('',(#7721,#7722,#7723));
#916=EDGE_LOOP('',(#7724,#7725,#7726));
#917=EDGE_LOOP('',(#7727,#7728,#7729));
#918=EDGE_LOOP('',(#7730,#7731,#7732));
#919=EDGE_LOOP('',(#7733,#7734,#7735));
#920=EDGE_LOOP('',(#7736,#7737,#7738));
#921=EDGE_LOOP('',(#7739,#7740,#7741));
#922=EDGE_LOOP('',(#7742,#7743,#7744));
#923=EDGE_LOOP('',(#7745,#7746,#7747));
#924=EDGE_LOOP('',(#7748,#7749,#7750));
#925=EDGE_LOOP('',(#7751,#7752,#7753));
#926=EDGE_LOOP('',(#7754,#7755,#7756));
#927=EDGE_LOOP('',(#7757,#7758,#7759));
#928=EDGE_LOOP('',(#7760,#7761,#7762));
#929=EDGE_LOOP('',(#7763,#7764,#7765));
#930=EDGE_LOOP('',(#7766,#7767,#7768));
#931=EDGE_LOOP('',(#7769,#7770,#7771));
#932=EDGE_LOOP('',(#7772,#7773,#7774));
#933=EDGE_LOOP('',(#7775,#7776,#7777));
#934=EDGE_LOOP('',(#7778,#7779,#7780));
#935=EDGE_LOOP('',(#7781,#7782,#7783));
#936=EDGE_LOOP('',(#7784,#7785,#7786));
#937=EDGE_LOOP('',(#7787,#7788,#7789));
#938=EDGE_LOOP('',(#7790,#7791,#7792));
#939=EDGE_LOOP('',(#7793,#7794,#7795));
#940=EDGE_LOOP('',(#7796,#7797,#7798));
#941=EDGE_LOOP('',(#7799,#7800,#7801));
#942=EDGE_LOOP('',(#7802,#7803,#7804));
#943=EDGE_LOOP('',(#7805,#7806,#7807));
#944=EDGE_LOOP('',(#7808,#7809,#7810));
#945=EDGE_LOOP('',(#7811,#7812,#7813));
#946=EDGE_LOOP('',(#7814,#7815,#7816));
#947=EDGE_LOOP('',(#7817,#7818,#7819));
#948=EDGE_LOOP('',(#7820,#7821,#7822));
#949=EDGE_LOOP('',(#7823,#7824,#7825));
#950=EDGE_LOOP('',(#7826,#7827,#7828));
#951=EDGE_LOOP('',(#7829,#7830,#7831));
#952=EDGE_LOOP('',(#7832,#7833,#7834));
#953=EDGE_LOOP('',(#7835,#7836,#7837));
#954=EDGE_LOOP('',(#7838,#7839,#7840));
#955=EDGE_LOOP('',(#7841,#7842,#7843));
#956=EDGE_LOOP('',(#7844,#7845,#7846));
#957=EDGE_LOOP('',(#7847,#7848,#7849));
#958=EDGE_LOOP('',(#7850,#7851,#7852));
#959=EDGE_LOOP('',(#7853,#7854,#7855));
#960=EDGE_LOOP('',(#7856,#7857,#7858));
#961=EDGE_LOOP('',(#7859,#7860,#7861));
#962=EDGE_LOOP('',(#7862,#7863,#7864));
#963=EDGE_LOOP('',(#7865,#7866,#7867));
#964=EDGE_LOOP('',(#7868,#7869,#7870));
#965=EDGE_LOOP('',(#7871,#7872,#7873));
#966=EDGE_LOOP('',(#7874,#7875,#7876));
#967=EDGE_LOOP('',(#7877,#7878,#7879));
#968=EDGE_LOOP('',(#7880,#7881,#7882));
#969=EDGE_LOOP('',(#7883,#7884,#7885));
#970=EDGE_LOOP('',(#7886,#7887,#7888));
#971=EDGE_LOOP('',(#7889,#7890,#7891));
#972=EDGE_LOOP('',(#7892,#7893,#7894));
#973=EDGE_LOOP('',(#7895,#7896,#7897));
#974=EDGE_LOOP('',(#7898,#7899,#7900));
#975=EDGE_LOOP('',(#7901,#7902,#7903));
#976=EDGE_LOOP('',(#7904,#7905,#7906));
#977=EDGE_LOOP('',(#7907,#7908,#7909));
#978=EDGE_LOOP('',(#7910,#7911,#7912));
#979=EDGE_LOOP('',(#7913,#7914,#7915));
#980=EDGE_LOOP('',(#7916,#7917,#7918));
#981=EDGE_LOOP('',(#7919,#7920,#7921));
#982=EDGE_LOOP('',(#7922,#7923,#7924));
#983=EDGE_LOOP('',(#7925,#7926,#7927));
#984=EDGE_LOOP('',(#7928,#7929,#7930));
#985=EDGE_LOOP('',(#7931,#7932,#7933));
#986=EDGE_LOOP('',(#7934,#7935,#7936));
#987=EDGE_LOOP('',(#7937,#7938,#7939));
#988=EDGE_LOOP('',(#7940,#7941,#7942));
#989=EDGE_LOOP('',(#7943,#7944,#7945));
#990=EDGE_LOOP('',(#7946,#7947,#7948));
#991=EDGE_LOOP('',(#7949,#7950,#7951));
#992=EDGE_LOOP('',(#7952,#7953,#7954));
#993=EDGE_LOOP('',(#7955,#7956,#7957));
#994=EDGE_LOOP('',(#7958,#7959,#7960));
#995=EDGE_LOOP('',(#7961,#7962,#7963));
#996=EDGE_LOOP('',(#7964,#7965,#7966));
#997=EDGE_LOOP('',(#7967,#7968,#7969));
#998=EDGE_LOOP('',(#7970,#7971,#7972));
#999=EDGE_LOOP('',(#7973,#7974,#7975));
#1000=EDGE_LOOP('',(#7976,#7977,#7978));
#1001=EDGE_LOOP('',(#7979,#7980,#7981));
#1002=EDGE_LOOP('',(#7982,#7983,#7984));
#1003=EDGE_LOOP('',(#7985,#7986,#7987));
#1004=EDGE_LOOP('',(#7988,#7989,#7990));
#1005=EDGE_LOOP('',(#7991,#7992,#7993));
#1006=EDGE_LOOP('',(#7994,#7995,#7996));
#1007=EDGE_LOOP('',(#7997,#7998,#7999));
#1008=EDGE_LOOP('',(#8000,#8001,#8002,#8003));
#1009=EDGE_LOOP('',(#8004,#8005,#8006));
#1010=EDGE_LOOP('',(#8007,#8008,#8009));
#1011=EDGE_LOOP('',(#8010,#8011,#8012));
#1012=EDGE_LOOP('',(#8013,#8014,#8015));
#1013=EDGE_LOOP('',(#8016,#8017,#8018));
#1014=EDGE_LOOP('',(#8019,#8020,#8021));
#1015=EDGE_LOOP('',(#8022,#8023,#8024));
#1016=EDGE_LOOP('',(#8025,#8026,#8027));
#1017=EDGE_LOOP('',(#8028,#8029,#8030));
#1018=EDGE_LOOP('',(#8031,#8032,#8033));
#1019=EDGE_LOOP('',(#8034,#8035,#8036));
#1020=EDGE_LOOP('',(#8037,#8038,#8039));
#1021=EDGE_LOOP('',(#8040,#8041,#8042));
#1022=EDGE_LOOP('',(#8043,#8044,#8045));
#1023=EDGE_LOOP('',(#8046,#8047,#8048));
#1024=EDGE_LOOP('',(#8049,#8050,#8051));
#1025=EDGE_LOOP('',(#8052,#8053,#8054));
#1026=EDGE_LOOP('',(#8055,#8056,#8057));
#1027=EDGE_LOOP('',(#8058,#8059,#8060));
#1028=EDGE_LOOP('',(#8061,#8062,#8063));
#1029=EDGE_LOOP('',(#8064,#8065,#8066));
#1030=EDGE_LOOP('',(#8067,#8068,#8069));
#1031=EDGE_LOOP('',(#8070,#8071,#8072));
#1032=EDGE_LOOP('',(#8073,#8074,#8075));
#1033=EDGE_LOOP('',(#8076,#8077,#8078));
#1034=EDGE_LOOP('',(#8079,#8080,#8081));
#1035=EDGE_LOOP('',(#8082,#8083,#8084));
#1036=EDGE_LOOP('',(#8085,#8086,#8087));
#1037=EDGE_LOOP('',(#8088,#8089,#8090));
#1038=EDGE_LOOP('',(#8091,#8092,#8093));
#1039=EDGE_LOOP('',(#8094,#8095,#8096));
#1040=EDGE_LOOP('',(#8097,#8098,#8099));
#1041=EDGE_LOOP('',(#8100,#8101,#8102));
#1042=EDGE_LOOP('',(#8103,#8104,#8105));
#1043=EDGE_LOOP('',(#8106,#8107,#8108));
#1044=EDGE_LOOP('',(#8109,#8110,#8111));
#1045=EDGE_LOOP('',(#8112,#8113,#8114));
#1046=EDGE_LOOP('',(#8115,#8116,#8117));
#1047=EDGE_LOOP('',(#8118,#8119,#8120));
#1048=EDGE_LOOP('',(#8121,#8122,#8123));
#1049=EDGE_LOOP('',(#8124,#8125,#8126));
#1050=EDGE_LOOP('',(#8127,#8128,#8129));
#1051=EDGE_LOOP('',(#8130,#8131,#8132));
#1052=EDGE_LOOP('',(#8133,#8134,#8135));
#1053=EDGE_LOOP('',(#8136,#8137,#8138));
#1054=EDGE_LOOP('',(#8139,#8140,#8141));
#1055=EDGE_LOOP('',(#8142,#8143,#8144));
#1056=EDGE_LOOP('',(#8145,#8146,#8147));
#1057=EDGE_LOOP('',(#8148,#8149,#8150));
#1058=EDGE_LOOP('',(#8151,#8152,#8153));
#1059=EDGE_LOOP('',(#8154,#8155,#8156));
#1060=EDGE_LOOP('',(#8157,#8158,#8159));
#1061=EDGE_LOOP('',(#8160,#8161,#8162));
#1062=EDGE_LOOP('',(#8163,#8164,#8165));
#1063=EDGE_LOOP('',(#8166,#8167,#8168));
#1064=EDGE_LOOP('',(#8169,#8170,#8171));
#1065=EDGE_LOOP('',(#8172,#8173,#8174));
#1066=EDGE_LOOP('',(#8175,#8176,#8177));
#1067=EDGE_LOOP('',(#8178,#8179,#8180));
#1068=EDGE_LOOP('',(#8181,#8182,#8183));
#1069=EDGE_LOOP('',(#8184,#8185,#8186,#8187));
#1070=EDGE_LOOP('',(#8188,#8189,#8190));
#1071=EDGE_LOOP('',(#8191,#8192,#8193));
#1072=EDGE_LOOP('',(#8194,#8195,#8196));
#1073=EDGE_LOOP('',(#8197,#8198,#8199));
#1074=EDGE_LOOP('',(#8200,#8201,#8202));
#1075=EDGE_LOOP('',(#8203,#8204,#8205));
#1076=EDGE_LOOP('',(#8206,#8207,#8208));
#1077=EDGE_LOOP('',(#8209,#8210,#8211));
#1078=EDGE_LOOP('',(#8212,#8213,#8214));
#1079=EDGE_LOOP('',(#8215,#8216,#8217));
#1080=EDGE_LOOP('',(#8218,#8219,#8220));
#1081=EDGE_LOOP('',(#8221,#8222,#8223));
#1082=EDGE_LOOP('',(#8224,#8225,#8226));
#1083=EDGE_LOOP('',(#8227,#8228,#8229));
#1084=EDGE_LOOP('',(#8230,#8231,#8232));
#1085=EDGE_LOOP('',(#8233,#8234,#8235));
#1086=EDGE_LOOP('',(#8236,#8237,#8238));
#1087=EDGE_LOOP('',(#8239,#8240,#8241));
#1088=EDGE_LOOP('',(#8242,#8243,#8244));
#1089=EDGE_LOOP('',(#8245,#8246,#8247));
#1090=EDGE_LOOP('',(#8248,#8249,#8250));
#1091=EDGE_LOOP('',(#8251,#8252,#8253));
#1092=EDGE_LOOP('',(#8254,#8255,#8256));
#1093=EDGE_LOOP('',(#8257,#8258,#8259));
#1094=EDGE_LOOP('',(#8260,#8261,#8262));
#1095=EDGE_LOOP('',(#8263,#8264,#8265));
#1096=EDGE_LOOP('',(#8266,#8267,#8268));
#1097=EDGE_LOOP('',(#8269,#8270,#8271));
#1098=EDGE_LOOP('',(#8272,#8273,#8274));
#1099=EDGE_LOOP('',(#8275,#8276,#8277));
#1100=EDGE_LOOP('',(#8278,#8279,#8280));
#1101=EDGE_LOOP('',(#8281,#8282,#8283));
#1102=EDGE_LOOP('',(#8284,#8285,#8286));
#1103=EDGE_LOOP('',(#8287,#8288,#8289));
#1104=EDGE_LOOP('',(#8290,#8291,#8292));
#1105=EDGE_LOOP('',(#8293,#8294,#8295));
#1106=EDGE_LOOP('',(#8296,#8297,#8298));
#1107=EDGE_LOOP('',(#8299,#8300,#8301));
#1108=EDGE_LOOP('',(#8302,#8303,#8304));
#1109=EDGE_LOOP('',(#8305,#8306,#8307));
#1110=EDGE_LOOP('',(#8308,#8309,#8310));
#1111=EDGE_LOOP('',(#8311,#8312,#8313));
#1112=EDGE_LOOP('',(#8314,#8315,#8316));
#1113=EDGE_LOOP('',(#8317,#8318,#8319));
#1114=EDGE_LOOP('',(#8320,#8321,#8322));
#1115=EDGE_LOOP('',(#8323,#8324,#8325));
#1116=EDGE_LOOP('',(#8326,#8327,#8328));
#1117=EDGE_LOOP('',(#8329,#8330,#8331));
#1118=EDGE_LOOP('',(#8332,#8333,#8334));
#1119=EDGE_LOOP('',(#8335,#8336,#8337));
#1120=EDGE_LOOP('',(#8338,#8339,#8340));
#1121=EDGE_LOOP('',(#8341,#8342,#8343));
#1122=EDGE_LOOP('',(#8344,#8345,#8346));
#1123=EDGE_LOOP('',(#8347,#8348,#8349));
#1124=EDGE_LOOP('',(#8350,#8351,#8352));
#1125=EDGE_LOOP('',(#8353,#8354,#8355));
#1126=EDGE_LOOP('',(#8356,#8357,#8358));
#1127=EDGE_LOOP('',(#8359,#8360,#8361));
#1128=EDGE_LOOP('',(#8362,#8363,#8364));
#1129=EDGE_LOOP('',(#8365,#8366,#8367));
#1130=EDGE_LOOP('',(#8368,#8369,#8370));
#1131=EDGE_LOOP('',(#8371,#8372,#8373));
#1132=EDGE_LOOP('',(#8374,#8375,#8376,#8377));
#1133=EDGE_LOOP('',(#8378,#8379,#8380,#8381));
#1134=EDGE_LOOP('',(#8382,#8383,#8384));
#1135=EDGE_LOOP('',(#8385,#8386,#8387));
#1136=EDGE_LOOP('',(#8388,#8389,#8390));
#1137=EDGE_LOOP('',(#8391,#8392,#8393));
#1138=EDGE_LOOP('',(#8394,#8395,#8396));
#1139=EDGE_LOOP('',(#8397,#8398,#8399));
#1140=EDGE_LOOP('',(#8400,#8401,#8402));
#1141=EDGE_LOOP('',(#8403,#8404,#8405));
#1142=EDGE_LOOP('',(#8406,#8407,#8408));
#1143=EDGE_LOOP('',(#8409,#8410,#8411));
#1144=EDGE_LOOP('',(#8412,#8413,#8414));
#1145=EDGE_LOOP('',(#8415,#8416,#8417));
#1146=EDGE_LOOP('',(#8418,#8419,#8420));
#1147=EDGE_LOOP('',(#8421,#8422,#8423));
#1148=EDGE_LOOP('',(#8424,#8425,#8426));
#1149=EDGE_LOOP('',(#8427,#8428,#8429));
#1150=EDGE_LOOP('',(#8430,#8431,#8432));
#1151=EDGE_LOOP('',(#8433,#8434,#8435));
#1152=EDGE_LOOP('',(#8436,#8437,#8438));
#1153=EDGE_LOOP('',(#8439,#8440,#8441));
#1154=EDGE_LOOP('',(#8442,#8443,#8444));
#1155=EDGE_LOOP('',(#8445,#8446,#8447));
#1156=EDGE_LOOP('',(#8448,#8449,#8450));
#1157=EDGE_LOOP('',(#8451,#8452,#8453));
#1158=EDGE_LOOP('',(#8454,#8455,#8456));
#1159=EDGE_LOOP('',(#8457,#8458,#8459));
#1160=EDGE_LOOP('',(#8460,#8461,#8462));
#1161=EDGE_LOOP('',(#8463,#8464,#8465));
#1162=EDGE_LOOP('',(#8466,#8467,#8468));
#1163=EDGE_LOOP('',(#8469,#8470,#8471));
#1164=EDGE_LOOP('',(#8472,#8473,#8474));
#1165=EDGE_LOOP('',(#8475,#8476,#8477));
#1166=EDGE_LOOP('',(#8478,#8479,#8480));
#1167=EDGE_LOOP('',(#8481,#8482,#8483));
#1168=EDGE_LOOP('',(#8484,#8485,#8486));
#1169=EDGE_LOOP('',(#8487,#8488,#8489));
#1170=EDGE_LOOP('',(#8490,#8491,#8492));
#1171=EDGE_LOOP('',(#8493,#8494,#8495));
#1172=EDGE_LOOP('',(#8496,#8497,#8498));
#1173=EDGE_LOOP('',(#8499,#8500,#8501));
#1174=EDGE_LOOP('',(#8502,#8503,#8504));
#1175=EDGE_LOOP('',(#8505,#8506,#8507));
#1176=EDGE_LOOP('',(#8508,#8509,#8510));
#1177=EDGE_LOOP('',(#8511,#8512,#8513));
#1178=EDGE_LOOP('',(#8514,#8515,#8516));
#1179=EDGE_LOOP('',(#8517,#8518,#8519));
#1180=EDGE_LOOP('',(#8520,#8521,#8522));
#1181=EDGE_LOOP('',(#8523,#8524,#8525));
#1182=EDGE_LOOP('',(#8526,#8527,#8528));
#1183=EDGE_LOOP('',(#8529,#8530,#8531));
#1184=EDGE_LOOP('',(#8532,#8533,#8534));
#1185=EDGE_LOOP('',(#8535,#8536,#8537));
#1186=EDGE_LOOP('',(#8538,#8539,#8540));
#1187=EDGE_LOOP('',(#8541,#8542,#8543));
#1188=EDGE_LOOP('',(#8544,#8545,#8546));
#1189=EDGE_LOOP('',(#8547,#8548,#8549));
#1190=EDGE_LOOP('',(#8550,#8551,#8552));
#1191=EDGE_LOOP('',(#8553,#8554,#8555));
#1192=EDGE_LOOP('',(#8556,#8557,#8558));
#1193=EDGE_LOOP('',(#8559,#8560,#8561));
#1194=EDGE_LOOP('',(#8562,#8563,#8564));
#1195=EDGE_LOOP('',(#8565,#8566,#8567));
#1196=EDGE_LOOP('',(#8568,#8569,#8570));
#1197=EDGE_LOOP('',(#8571,#8572,#8573));
#1198=EDGE_LOOP('',(#8574,#8575,#8576));
#1199=EDGE_LOOP('',(#8577,#8578,#8579));
#1200=EDGE_LOOP('',(#8580,#8581,#8582));
#1201=EDGE_LOOP('',(#8583,#8584,#8585));
#1202=EDGE_LOOP('',(#8586,#8587,#8588));
#1203=EDGE_LOOP('',(#8589,#8590,#8591));
#1204=EDGE_LOOP('',(#8592,#8593,#8594));
#1205=EDGE_LOOP('',(#8595,#8596,#8597));
#1206=EDGE_LOOP('',(#8598,#8599,#8600));
#1207=EDGE_LOOP('',(#8601,#8602,#8603));
#1208=EDGE_LOOP('',(#8604,#8605,#8606));
#1209=EDGE_LOOP('',(#8607,#8608,#8609));
#1210=EDGE_LOOP('',(#8610,#8611,#8612));
#1211=EDGE_LOOP('',(#8613,#8614,#8615));
#1212=EDGE_LOOP('',(#8616,#8617,#8618));
#1213=EDGE_LOOP('',(#8619,#8620,#8621));
#1214=EDGE_LOOP('',(#8622,#8623,#8624));
#1215=EDGE_LOOP('',(#8625,#8626,#8627));
#1216=EDGE_LOOP('',(#8628,#8629,#8630));
#1217=EDGE_LOOP('',(#8631,#8632,#8633));
#1218=EDGE_LOOP('',(#8634,#8635,#8636));
#1219=EDGE_LOOP('',(#8637,#8638,#8639));
#1220=EDGE_LOOP('',(#8640,#8641,#8642));
#1221=EDGE_LOOP('',(#8643,#8644,#8645));
#1222=EDGE_LOOP('',(#8646,#8647,#8648));
#1223=EDGE_LOOP('',(#8649,#8650,#8651));
#1224=EDGE_LOOP('',(#8652,#8653,#8654));
#1225=EDGE_LOOP('',(#8655,#8656,#8657));
#1226=EDGE_LOOP('',(#8658,#8659,#8660));
#1227=EDGE_LOOP('',(#8661,#8662,#8663));
#1228=EDGE_LOOP('',(#8664,#8665,#8666,#8667,#8668,#8669,#8670,#8671,#8672,
#8673,#8674,#8675));
#1229=EDGE_LOOP('',(#8676,#8677,#8678,#8679));
#1230=EDGE_LOOP('',(#8680,#8681,#8682,#8683));
#1231=EDGE_LOOP('',(#8684,#8685,#8686,#8687));
#1232=EDGE_LOOP('',(#8688,#8689,#8690,#8691,#8692,#8693,#8694,#8695,#8696,
#8697,#8698,#8699,#8700,#8701,#8702,#8703,#8704,#8705,#8706,#8707,#8708,
#8709,#8710,#8711,#8712,#8713,#8714,#8715,#8716,#8717,#8718,#8719,#8720,
#8721,#8722,#8723,#8724,#8725,#8726,#8727,#8728,#8729,#8730,#8731,#8732,
#8733,#8734,#8735,#8736,#8737,#8738,#8739,#8740,#8741,#8742,#8743,#8744,
#8745,#8746,#8747,#8748,#8749,#8750,#8751,#8752,#8753,#8754,#8755,#8756,
#8757,#8758,#8759,#8760,#8761,#8762,#8763,#8764,#8765,#8766,#8767,#8768,
#8769,#8770,#8771,#8772));
#1233=EDGE_LOOP('',(#8773,#8774,#8775,#8776));
#1234=EDGE_LOOP('',(#8777,#8778,#8779));
#1235=EDGE_LOOP('',(#8780,#8781,#8782));
#1236=EDGE_LOOP('',(#8783,#8784,#8785));
#1237=EDGE_LOOP('',(#8786,#8787,#8788));
#1238=EDGE_LOOP('',(#8789,#8790,#8791));
#1239=EDGE_LOOP('',(#8792,#8793,#8794));
#1240=EDGE_LOOP('',(#8795,#8796,#8797));
#1241=EDGE_LOOP('',(#8798,#8799,#8800));
#1242=EDGE_LOOP('',(#8801,#8802,#8803));
#1243=EDGE_LOOP('',(#8804,#8805,#8806));
#1244=EDGE_LOOP('',(#8807,#8808,#8809));
#1245=EDGE_LOOP('',(#8810,#8811,#8812));
#1246=EDGE_LOOP('',(#8813,#8814,#8815));
#1247=EDGE_LOOP('',(#8816,#8817,#8818));
#1248=EDGE_LOOP('',(#8819,#8820,#8821));
#1249=EDGE_LOOP('',(#8822,#8823,#8824));
#1250=EDGE_LOOP('',(#8825,#8826,#8827));
#1251=EDGE_LOOP('',(#8828,#8829,#8830));
#1252=EDGE_LOOP('',(#8831,#8832,#8833));
#1253=EDGE_LOOP('',(#8834,#8835,#8836));
#1254=EDGE_LOOP('',(#8837,#8838,#8839));
#1255=EDGE_LOOP('',(#8840,#8841,#8842));
#1256=EDGE_LOOP('',(#8843,#8844,#8845));
#1257=EDGE_LOOP('',(#8846,#8847,#8848));
#1258=EDGE_LOOP('',(#8849,#8850,#8851));
#1259=EDGE_LOOP('',(#8852,#8853,#8854));
#1260=EDGE_LOOP('',(#8855,#8856,#8857));
#1261=EDGE_LOOP('',(#8858,#8859,#8860));
#1262=EDGE_LOOP('',(#8861,#8862,#8863));
#1263=EDGE_LOOP('',(#8864,#8865,#8866));
#1264=EDGE_LOOP('',(#8867,#8868,#8869));
#1265=EDGE_LOOP('',(#8870,#8871,#8872));
#1266=EDGE_LOOP('',(#8873,#8874,#8875));
#1267=EDGE_LOOP('',(#8876,#8877,#8878));
#1268=EDGE_LOOP('',(#8879,#8880,#8881));
#1269=EDGE_LOOP('',(#8882,#8883,#8884));
#1270=EDGE_LOOP('',(#8885,#8886,#8887));
#1271=EDGE_LOOP('',(#8888,#8889,#8890));
#1272=EDGE_LOOP('',(#8891,#8892,#8893));
#1273=EDGE_LOOP('',(#8894,#8895,#8896));
#1274=EDGE_LOOP('',(#8897,#8898,#8899));
#1275=EDGE_LOOP('',(#8900,#8901,#8902));
#1276=EDGE_LOOP('',(#8903,#8904,#8905));
#1277=EDGE_LOOP('',(#8906,#8907,#8908));
#1278=EDGE_LOOP('',(#8909,#8910,#8911));
#1279=EDGE_LOOP('',(#8912,#8913,#8914));
#1280=EDGE_LOOP('',(#8915,#8916,#8917));
#1281=EDGE_LOOP('',(#8918,#8919,#8920));
#1282=EDGE_LOOP('',(#8921,#8922,#8923));
#1283=EDGE_LOOP('',(#8924,#8925,#8926));
#1284=EDGE_LOOP('',(#8927,#8928,#8929));
#1285=EDGE_LOOP('',(#8930,#8931,#8932));
#1286=EDGE_LOOP('',(#8933,#8934,#8935));
#1287=EDGE_LOOP('',(#8936,#8937,#8938));
#1288=EDGE_LOOP('',(#8939,#8940,#8941));
#1289=EDGE_LOOP('',(#8942,#8943,#8944));
#1290=EDGE_LOOP('',(#8945,#8946,#8947));
#1291=EDGE_LOOP('',(#8948,#8949,#8950));
#1292=EDGE_LOOP('',(#8951,#8952,#8953));
#1293=EDGE_LOOP('',(#8954,#8955,#8956));
#1294=EDGE_LOOP('',(#8957,#8958,#8959,#8960));
#1295=EDGE_LOOP('',(#8961,#8962,#8963,#8964,#8965,#8966,#8967,#8968,#8969,
#8970,#8971,#8972,#8973,#8974,#8975,#8976,#8977,#8978,#8979,#8980,#8981,
#8982,#8983,#8984,#8985,#8986,#8987,#8988,#8989,#8990,#8991,#8992,#8993,
#8994,#8995,#8996,#8997,#8998,#8999,#9000,#9001,#9002,#9003,#9004,#9005,
#9006,#9007,#9008,#9009,#9010,#9011,#9012,#9013,#9014,#9015,#9016,#9017,
#9018,#9019,#9020,#9021,#9022,#9023,#9024,#9025,#9026,#9027,#9028));
#1296=EDGE_LOOP('',(#9029,#9030,#9031,#9032));
#1297=EDGE_LOOP('',(#9033,#9034,#9035,#9036,#9037,#9038,#9039,#9040,#9041,
#9042,#9043,#9044,#9045,#9046,#9047,#9048,#9049,#9050,#9051,#9052,#9053,
#9054,#9055,#9056,#9057,#9058,#9059,#9060,#9061,#9062,#9063,#9064,#9065,
#9066,#9067,#9068,#9069,#9070,#9071,#9072,#9073,#9074,#9075,#9076,#9077,
#9078,#9079,#9080,#9081,#9082,#9083,#9084,#9085,#9086,#9087,#9088,#9089,
#9090,#9091,#9092,#9093,#9094,#9095,#9096,#9097,#9098,#9099,#9100,#9101,
#9102,#9103,#9104,#9105,#9106,#9107,#9108,#9109,#9110,#9111,#9112,#9113,
#9114,#9115,#9116,#9117,#9118));
#1298=EDGE_LOOP('',(#9119,#9120,#9121));
#1299=EDGE_LOOP('',(#9122,#9123,#9124));
#1300=EDGE_LOOP('',(#9125,#9126,#9127));
#1301=EDGE_LOOP('',(#9128,#9129,#9130));
#1302=EDGE_LOOP('',(#9131,#9132,#9133));
#1303=EDGE_LOOP('',(#9134,#9135,#9136));
#1304=EDGE_LOOP('',(#9137,#9138,#9139));
#1305=EDGE_LOOP('',(#9140,#9141,#9142));
#1306=EDGE_LOOP('',(#9143,#9144,#9145));
#1307=EDGE_LOOP('',(#9146,#9147,#9148));
#1308=EDGE_LOOP('',(#9149,#9150,#9151));
#1309=EDGE_LOOP('',(#9152,#9153,#9154));
#1310=EDGE_LOOP('',(#9155,#9156,#9157));
#1311=EDGE_LOOP('',(#9158,#9159,#9160));
#1312=EDGE_LOOP('',(#9161,#9162,#9163));
#1313=EDGE_LOOP('',(#9164,#9165,#9166));
#1314=EDGE_LOOP('',(#9167,#9168,#9169));
#1315=EDGE_LOOP('',(#9170,#9171,#9172));
#1316=EDGE_LOOP('',(#9173,#9174,#9175));
#1317=EDGE_LOOP('',(#9176,#9177,#9178));
#1318=EDGE_LOOP('',(#9179,#9180,#9181));
#1319=EDGE_LOOP('',(#9182,#9183,#9184));
#1320=EDGE_LOOP('',(#9185,#9186,#9187));
#1321=EDGE_LOOP('',(#9188,#9189,#9190));
#1322=EDGE_LOOP('',(#9191,#9192,#9193));
#1323=EDGE_LOOP('',(#9194,#9195,#9196));
#1324=EDGE_LOOP('',(#9197,#9198,#9199));
#1325=EDGE_LOOP('',(#9200,#9201,#9202));
#1326=EDGE_LOOP('',(#9203,#9204,#9205));
#1327=EDGE_LOOP('',(#9206,#9207,#9208));
#1328=EDGE_LOOP('',(#9209,#9210,#9211));
#1329=EDGE_LOOP('',(#9212,#9213,#9214));
#1330=EDGE_LOOP('',(#9215,#9216,#9217));
#1331=EDGE_LOOP('',(#9218,#9219,#9220));
#1332=EDGE_LOOP('',(#9221,#9222,#9223));
#1333=EDGE_LOOP('',(#9224,#9225,#9226));
#1334=EDGE_LOOP('',(#9227,#9228,#9229));
#1335=EDGE_LOOP('',(#9230,#9231,#9232));
#1336=EDGE_LOOP('',(#9233,#9234,#9235));
#1337=EDGE_LOOP('',(#9236,#9237,#9238));
#1338=EDGE_LOOP('',(#9239,#9240,#9241));
#1339=EDGE_LOOP('',(#9242,#9243,#9244));
#1340=EDGE_LOOP('',(#9245,#9246,#9247));
#1341=EDGE_LOOP('',(#9248,#9249,#9250));
#1342=EDGE_LOOP('',(#9251,#9252,#9253));
#1343=EDGE_LOOP('',(#9254,#9255,#9256));
#1344=EDGE_LOOP('',(#9257,#9258,#9259));
#1345=EDGE_LOOP('',(#9260,#9261,#9262));
#1346=EDGE_LOOP('',(#9263,#9264,#9265));
#1347=EDGE_LOOP('',(#9266,#9267,#9268));
#1348=EDGE_LOOP('',(#9269,#9270,#9271));
#1349=EDGE_LOOP('',(#9272,#9273,#9274));
#1350=EDGE_LOOP('',(#9275,#9276,#9277));
#1351=EDGE_LOOP('',(#9278,#9279,#9280));
#1352=EDGE_LOOP('',(#9281,#9282,#9283));
#1353=EDGE_LOOP('',(#9284,#9285,#9286));
#1354=EDGE_LOOP('',(#9287,#9288,#9289));
#1355=EDGE_LOOP('',(#9290,#9291,#9292));
#1356=EDGE_LOOP('',(#9293,#9294,#9295));
#1357=EDGE_LOOP('',(#9296,#9297,#9298));
#1358=EDGE_LOOP('',(#9299,#9300,#9301));
#1359=EDGE_LOOP('',(#9302,#9303,#9304));
#1360=EDGE_LOOP('',(#9305,#9306,#9307));
#1361=EDGE_LOOP('',(#9308,#9309,#9310));
#1362=EDGE_LOOP('',(#9311,#9312,#9313,#9314,#9315,#9316,#9317,#9318,#9319,
#9320,#9321,#9322,#9323,#9324,#9325,#9326,#9327,#9328,#9329,#9330,#9331,
#9332,#9333,#9334,#9335,#9336,#9337,#9338,#9339,#9340,#9341,#9342,#9343,
#9344,#9345,#9346,#9347,#9348,#9349,#9350,#9351,#9352,#9353,#9354,#9355,
#9356,#9357,#9358,#9359,#9360,#9361,#9362,#9363,#9364,#9365,#9366,#9367,
#9368,#9369,#9370,#9371,#9372,#9373,#9374,#9375,#9376,#9377,#9378,#9379,
#9380,#9381,#9382,#9383,#9384,#9385,#9386,#9387,#9388,#9389,#9390,#9391,
#9392,#9393,#9394,#9395,#9396));
#1363=EDGE_LOOP('',(#9397,#9398,#9399,#9400,#9401,#9402,#9403,#9404));
#1364=EDGE_LOOP('',(#9405,#9406,#9407,#9408,#9409,#9410,#9411,#9412,#9413,
#9414,#9415,#9416,#9417,#9418,#9419,#9420,#9421,#9422,#9423,#9424,#9425,
#9426,#9427,#9428,#9429,#9430,#9431,#9432,#9433,#9434,#9435,#9436,#9437,
#9438,#9439,#9440,#9441,#9442,#9443,#9444,#9445,#9446,#9447,#9448,#9449,
#9450,#9451,#9452,#9453,#9454,#9455,#9456,#9457,#9458,#9459,#9460,#9461,
#9462,#9463,#9464,#9465,#9466,#9467,#9468,#9469,#9470,#9471,#9472,#9473,
#9474,#9475,#9476));
#1365=EDGE_LOOP('',(#9477,#9478,#9479,#9480));
#1366=EDGE_LOOP('',(#9481,#9482,#9483));
#1367=EDGE_LOOP('',(#9484,#9485,#9486));
#1368=EDGE_LOOP('',(#9487,#9488,#9489));
#1369=EDGE_LOOP('',(#9490,#9491,#9492));
#1370=EDGE_LOOP('',(#9493,#9494,#9495));
#1371=EDGE_LOOP('',(#9496,#9497,#9498));
#1372=EDGE_LOOP('',(#9499,#9500,#9501));
#1373=EDGE_LOOP('',(#9502,#9503,#9504));
#1374=EDGE_LOOP('',(#9505,#9506,#9507));
#1375=EDGE_LOOP('',(#9508,#9509,#9510));
#1376=EDGE_LOOP('',(#9511,#9512,#9513));
#1377=EDGE_LOOP('',(#9514,#9515,#9516));
#1378=EDGE_LOOP('',(#9517,#9518,#9519));
#1379=EDGE_LOOP('',(#9520,#9521,#9522));
#1380=EDGE_LOOP('',(#9523,#9524,#9525));
#1381=EDGE_LOOP('',(#9526,#9527,#9528));
#1382=EDGE_LOOP('',(#9529,#9530,#9531));
#1383=EDGE_LOOP('',(#9532,#9533,#9534));
#1384=EDGE_LOOP('',(#9535,#9536,#9537));
#1385=EDGE_LOOP('',(#9538,#9539,#9540));
#1386=EDGE_LOOP('',(#9541,#9542,#9543));
#1387=EDGE_LOOP('',(#9544,#9545,#9546));
#1388=EDGE_LOOP('',(#9547,#9548,#9549));
#1389=EDGE_LOOP('',(#9550,#9551,#9552));
#1390=EDGE_LOOP('',(#9553,#9554,#9555));
#1391=EDGE_LOOP('',(#9556,#9557,#9558));
#1392=EDGE_LOOP('',(#9559,#9560,#9561));
#1393=EDGE_LOOP('',(#9562,#9563,#9564));
#1394=EDGE_LOOP('',(#9565,#9566,#9567));
#1395=EDGE_LOOP('',(#9568,#9569,#9570));
#1396=EDGE_LOOP('',(#9571,#9572,#9573));
#1397=EDGE_LOOP('',(#9574,#9575,#9576));
#1398=EDGE_LOOP('',(#9577,#9578,#9579));
#1399=EDGE_LOOP('',(#9580,#9581,#9582));
#1400=EDGE_LOOP('',(#9583,#9584,#9585));
#1401=EDGE_LOOP('',(#9586,#9587,#9588));
#1402=EDGE_LOOP('',(#9589,#9590,#9591));
#1403=EDGE_LOOP('',(#9592,#9593,#9594));
#1404=EDGE_LOOP('',(#9595,#9596,#9597));
#1405=EDGE_LOOP('',(#9598,#9599,#9600));
#1406=EDGE_LOOP('',(#9601,#9602,#9603));
#1407=EDGE_LOOP('',(#9604,#9605,#9606));
#1408=EDGE_LOOP('',(#9607,#9608,#9609));
#1409=EDGE_LOOP('',(#9610,#9611,#9612));
#1410=EDGE_LOOP('',(#9613,#9614,#9615));
#1411=EDGE_LOOP('',(#9616,#9617,#9618));
#1412=EDGE_LOOP('',(#9619,#9620,#9621));
#1413=EDGE_LOOP('',(#9622,#9623,#9624));
#1414=EDGE_LOOP('',(#9625,#9626,#9627));
#1415=EDGE_LOOP('',(#9628,#9629,#9630));
#1416=EDGE_LOOP('',(#9631,#9632,#9633));
#1417=EDGE_LOOP('',(#9634,#9635,#9636));
#1418=EDGE_LOOP('',(#9637,#9638,#9639));
#1419=EDGE_LOOP('',(#9640,#9641,#9642));
#1420=EDGE_LOOP('',(#9643,#9644,#9645));
#1421=EDGE_LOOP('',(#9646,#9647,#9648));
#1422=EDGE_LOOP('',(#9649,#9650,#9651));
#1423=EDGE_LOOP('',(#9652,#9653,#9654));
#1424=EDGE_LOOP('',(#9655,#9656,#9657));
#1425=EDGE_LOOP('',(#9658,#9659,#9660));
#1426=EDGE_LOOP('',(#9661,#9662,#9663));
#1427=EDGE_LOOP('',(#9664,#9665,#9666));
#1428=EDGE_LOOP('',(#9667,#9668,#9669));
#1429=EDGE_LOOP('',(#9670,#9671,#9672));
#1430=EDGE_LOOP('',(#9673,#9674,#9675));
#1431=EDGE_LOOP('',(#9676,#9677,#9678));
#1432=EDGE_LOOP('',(#9679,#9680,#9681));
#1433=EDGE_LOOP('',(#9682,#9683,#9684));
#1434=EDGE_LOOP('',(#9685,#9686,#9687));
#1435=EDGE_LOOP('',(#9688,#9689,#9690));
#1436=EDGE_LOOP('',(#9691,#9692,#9693));
#1437=EDGE_LOOP('',(#9694,#9695,#9696));
#1438=EDGE_LOOP('',(#9697,#9698,#9699));
#1439=EDGE_LOOP('',(#9700,#9701,#9702));
#1440=EDGE_LOOP('',(#9703,#9704,#9705));
#1441=EDGE_LOOP('',(#9706,#9707,#9708));
#1442=EDGE_LOOP('',(#9709,#9710,#9711));
#1443=EDGE_LOOP('',(#9712,#9713,#9714));
#1444=EDGE_LOOP('',(#9715,#9716,#9717));
#1445=EDGE_LOOP('',(#9718,#9719,#9720));
#1446=EDGE_LOOP('',(#9721,#9722,#9723));
#1447=EDGE_LOOP('',(#9724,#9725,#9726));
#1448=EDGE_LOOP('',(#9727,#9728,#9729));
#1449=EDGE_LOOP('',(#9730,#9731,#9732));
#1450=EDGE_LOOP('',(#9733,#9734,#9735));
#1451=EDGE_LOOP('',(#9736,#9737,#9738));
#1452=EDGE_LOOP('',(#9739,#9740,#9741));
#1453=EDGE_LOOP('',(#9742,#9743,#9744));
#1454=EDGE_LOOP('',(#9745,#9746,#9747));
#1455=EDGE_LOOP('',(#9748,#9749,#9750));
#1456=EDGE_LOOP('',(#9751,#9752,#9753));
#1457=EDGE_LOOP('',(#9754,#9755,#9756));
#1458=EDGE_LOOP('',(#9757,#9758,#9759));
#1459=EDGE_LOOP('',(#9760,#9761,#9762));
#1460=EDGE_LOOP('',(#9763,#9764,#9765,#9766));
#1461=EDGE_LOOP('',(#9767,#9768,#9769,#9770,#9771,#9772,#9773,#9774,#9775,
#9776,#9777,#9778,#9779,#9780,#9781,#9782,#9783,#9784,#9785,#9786,#9787,
#9788,#9789,#9790,#9791,#9792,#9793,#9794,#9795,#9796,#9797,#9798,#9799,
#9800,#9801,#9802,#9803,#9804,#9805,#9806,#9807,#9808,#9809,#9810,#9811,
#9812,#9813,#9814,#9815,#9816,#9817,#9818,#9819,#9820,#9821,#9822,#9823,
#9824,#9825,#9826,#9827,#9828,#9829,#9830,#9831,#9832,#9833,#9834,#9835,
#9836,#9837,#9838,#9839,#9840,#9841,#9842,#9843,#9844,#9845,#9846,#9847,
#9848,#9849,#9850,#9851));
#1462=EDGE_LOOP('',(#9852,#9853,#9854,#9855));
#1463=EDGE_LOOP('',(#9856,#9857,#9858));
#1464=EDGE_LOOP('',(#9859,#9860,#9861));
#1465=EDGE_LOOP('',(#9862,#9863,#9864));
#1466=EDGE_LOOP('',(#9865,#9866,#9867));
#1467=EDGE_LOOP('',(#9868,#9869,#9870));
#1468=EDGE_LOOP('',(#9871,#9872,#9873));
#1469=EDGE_LOOP('',(#9874,#9875,#9876));
#1470=EDGE_LOOP('',(#9877,#9878,#9879));
#1471=EDGE_LOOP('',(#9880,#9881,#9882));
#1472=EDGE_LOOP('',(#9883,#9884,#9885));
#1473=EDGE_LOOP('',(#9886,#9887,#9888));
#1474=EDGE_LOOP('',(#9889,#9890,#9891));
#1475=EDGE_LOOP('',(#9892,#9893,#9894));
#1476=EDGE_LOOP('',(#9895,#9896,#9897));
#1477=EDGE_LOOP('',(#9898,#9899,#9900));
#1478=EDGE_LOOP('',(#9901,#9902,#9903));
#1479=EDGE_LOOP('',(#9904,#9905,#9906));
#1480=EDGE_LOOP('',(#9907,#9908,#9909));
#1481=EDGE_LOOP('',(#9910,#9911,#9912));
#1482=EDGE_LOOP('',(#9913,#9914,#9915));
#1483=EDGE_LOOP('',(#9916,#9917,#9918));
#1484=EDGE_LOOP('',(#9919,#9920,#9921));
#1485=EDGE_LOOP('',(#9922,#9923,#9924));
#1486=EDGE_LOOP('',(#9925,#9926,#9927));
#1487=EDGE_LOOP('',(#9928,#9929,#9930));
#1488=EDGE_LOOP('',(#9931,#9932,#9933));
#1489=EDGE_LOOP('',(#9934,#9935,#9936));
#1490=EDGE_LOOP('',(#9937,#9938,#9939));
#1491=EDGE_LOOP('',(#9940,#9941,#9942));
#1492=EDGE_LOOP('',(#9943,#9944,#9945));
#1493=EDGE_LOOP('',(#9946,#9947,#9948));
#1494=EDGE_LOOP('',(#9949,#9950,#9951));
#1495=EDGE_LOOP('',(#9952,#9953,#9954));
#1496=EDGE_LOOP('',(#9955,#9956,#9957));
#1497=EDGE_LOOP('',(#9958,#9959,#9960));
#1498=EDGE_LOOP('',(#9961,#9962,#9963));
#1499=EDGE_LOOP('',(#9964,#9965,#9966));
#1500=EDGE_LOOP('',(#9967,#9968,#9969));
#1501=EDGE_LOOP('',(#9970,#9971,#9972));
#1502=EDGE_LOOP('',(#9973,#9974,#9975));
#1503=EDGE_LOOP('',(#9976,#9977,#9978));
#1504=EDGE_LOOP('',(#9979,#9980,#9981));
#1505=EDGE_LOOP('',(#9982,#9983,#9984));
#1506=EDGE_LOOP('',(#9985,#9986,#9987));
#1507=EDGE_LOOP('',(#9988,#9989,#9990));
#1508=EDGE_LOOP('',(#9991,#9992,#9993));
#1509=EDGE_LOOP('',(#9994,#9995,#9996));
#1510=EDGE_LOOP('',(#9997,#9998,#9999));
#1511=EDGE_LOOP('',(#10000,#10001,#10002));
#1512=EDGE_LOOP('',(#10003,#10004,#10005));
#1513=EDGE_LOOP('',(#10006,#10007,#10008));
#1514=EDGE_LOOP('',(#10009,#10010,#10011));
#1515=EDGE_LOOP('',(#10012,#10013,#10014));
#1516=EDGE_LOOP('',(#10015,#10016,#10017));
#1517=EDGE_LOOP('',(#10018,#10019,#10020));
#1518=EDGE_LOOP('',(#10021,#10022,#10023));
#1519=EDGE_LOOP('',(#10024,#10025,#10026));
#1520=EDGE_LOOP('',(#10027,#10028,#10029));
#1521=EDGE_LOOP('',(#10030,#10031,#10032));
#1522=EDGE_LOOP('',(#10033,#10034,#10035));
#1523=EDGE_LOOP('',(#10036,#10037,#10038));
#1524=EDGE_LOOP('',(#10039,#10040,#10041));
#1525=LINE('',#15382,#3070);
#1526=LINE('',#15384,#3071);
#1527=LINE('',#15386,#3072);
#1528=LINE('',#15388,#3073);
#1529=LINE('',#15390,#3074);
#1530=LINE('',#15392,#3075);
#1531=LINE('',#15394,#3076);
#1532=LINE('',#15396,#3077);
#1533=LINE('',#15398,#3078);
#1534=LINE('',#15400,#3079);
#1535=LINE('',#15402,#3080);
#1536=LINE('',#15404,#3081);
#1537=LINE('',#15406,#3082);
#1538=LINE('',#15408,#3083);
#1539=LINE('',#15410,#3084);
#1540=LINE('',#15412,#3085);
#1541=LINE('',#15414,#3086);
#1542=LINE('',#15416,#3087);
#1543=LINE('',#15418,#3088);
#1544=LINE('',#15420,#3089);
#1545=LINE('',#15422,#3090);
#1546=LINE('',#15424,#3091);
#1547=LINE('',#15426,#3092);
#1548=LINE('',#15428,#3093);
#1549=LINE('',#15430,#3094);
#1550=LINE('',#15432,#3095);
#1551=LINE('',#15434,#3096);
#1552=LINE('',#15436,#3097);
#1553=LINE('',#15438,#3098);
#1554=LINE('',#15440,#3099);
#1555=LINE('',#15442,#3100);
#1556=LINE('',#15444,#3101);
#1557=LINE('',#15446,#3102);
#1558=LINE('',#15448,#3103);
#1559=LINE('',#15450,#3104);
#1560=LINE('',#15452,#3105);
#1561=LINE('',#15454,#3106);
#1562=LINE('',#15456,#3107);
#1563=LINE('',#15458,#3108);
#1564=LINE('',#15460,#3109);
#1565=LINE('',#15462,#3110);
#1566=LINE('',#15464,#3111);
#1567=LINE('',#15466,#3112);
#1568=LINE('',#15468,#3113);
#1569=LINE('',#15470,#3114);
#1570=LINE('',#15472,#3115);
#1571=LINE('',#15474,#3116);
#1572=LINE('',#15476,#3117);
#1573=LINE('',#15478,#3118);
#1574=LINE('',#15480,#3119);
#1575=LINE('',#15482,#3120);
#1576=LINE('',#15484,#3121);
#1577=LINE('',#15486,#3122);
#1578=LINE('',#15488,#3123);
#1579=LINE('',#15490,#3124);
#1580=LINE('',#15492,#3125);
#1581=LINE('',#15494,#3126);
#1582=LINE('',#15496,#3127);
#1583=LINE('',#15498,#3128);
#1584=LINE('',#15500,#3129);
#1585=LINE('',#15502,#3130);
#1586=LINE('',#15504,#3131);
#1587=LINE('',#15506,#3132);
#1588=LINE('',#15508,#3133);
#1589=LINE('',#15510,#3134);
#1590=LINE('',#15512,#3135);
#1591=LINE('',#15514,#3136);
#1592=LINE('',#15515,#3137);
#1593=LINE('',#15518,#3138);
#1594=LINE('',#15520,#3139);
#1595=LINE('',#15521,#3140);
#1596=LINE('',#15525,#3141);
#1597=LINE('',#15527,#3142);
#1598=LINE('',#15529,#3143);
#1599=LINE('',#15530,#3144);
#1600=LINE('',#15533,#3145);
#1601=LINE('',#15535,#3146);
#1602=LINE('',#15537,#3147);
#1603=LINE('',#15539,#3148);
#1604=LINE('',#15541,#3149);
#1605=LINE('',#15543,#3150);
#1606=LINE('',#15545,#3151);
#1607=LINE('',#15547,#3152);
#1608=LINE('',#15549,#3153);
#1609=LINE('',#15551,#3154);
#1610=LINE('',#15553,#3155);
#1611=LINE('',#15555,#3156);
#1612=LINE('',#15557,#3157);
#1613=LINE('',#15559,#3158);
#1614=LINE('',#15561,#3159);
#1615=LINE('',#15563,#3160);
#1616=LINE('',#15565,#3161);
#1617=LINE('',#15567,#3162);
#1618=LINE('',#15569,#3163);
#1619=LINE('',#15571,#3164);
#1620=LINE('',#15573,#3165);
#1621=LINE('',#15575,#3166);
#1622=LINE('',#15577,#3167);
#1623=LINE('',#15579,#3168);
#1624=LINE('',#15581,#3169);
#1625=LINE('',#15583,#3170);
#1626=LINE('',#15585,#3171);
#1627=LINE('',#15587,#3172);
#1628=LINE('',#15589,#3173);
#1629=LINE('',#15591,#3174);
#1630=LINE('',#15593,#3175);
#1631=LINE('',#15595,#3176);
#1632=LINE('',#15597,#3177);
#1633=LINE('',#15599,#3178);
#1634=LINE('',#15601,#3179);
#1635=LINE('',#15603,#3180);
#1636=LINE('',#15605,#3181);
#1637=LINE('',#15607,#3182);
#1638=LINE('',#15609,#3183);
#1639=LINE('',#15611,#3184);
#1640=LINE('',#15613,#3185);
#1641=LINE('',#15615,#3186);
#1642=LINE('',#15617,#3187);
#1643=LINE('',#15619,#3188);
#1644=LINE('',#15621,#3189);
#1645=LINE('',#15623,#3190);
#1646=LINE('',#15625,#3191);
#1647=LINE('',#15627,#3192);
#1648=LINE('',#15629,#3193);
#1649=LINE('',#15631,#3194);
#1650=LINE('',#15633,#3195);
#1651=LINE('',#15635,#3196);
#1652=LINE('',#15637,#3197);
#1653=LINE('',#15639,#3198);
#1654=LINE('',#15641,#3199);
#1655=LINE('',#15643,#3200);
#1656=LINE('',#15645,#3201);
#1657=LINE('',#15647,#3202);
#1658=LINE('',#15649,#3203);
#1659=LINE('',#15651,#3204);
#1660=LINE('',#15653,#3205);
#1661=LINE('',#15655,#3206);
#1662=LINE('',#15657,#3207);
#1663=LINE('',#15659,#3208);
#1664=LINE('',#15661,#3209);
#1665=LINE('',#15663,#3210);
#1666=LINE('',#15665,#3211);
#1667=LINE('',#15667,#3212);
#1668=LINE('',#15669,#3213);
#1669=LINE('',#15671,#3214);
#1670=LINE('',#15673,#3215);
#1671=LINE('',#15675,#3216);
#1672=LINE('',#15677,#3217);
#1673=LINE('',#15679,#3218);
#1674=LINE('',#15681,#3219);
#1675=LINE('',#15683,#3220);
#1676=LINE('',#15685,#3221);
#1677=LINE('',#15687,#3222);
#1678=LINE('',#15689,#3223);
#1679=LINE('',#15691,#3224);
#1680=LINE('',#15693,#3225);
#1681=LINE('',#15695,#3226);
#1682=LINE('',#15697,#3227);
#1683=LINE('',#15698,#3228);
#1684=LINE('',#15702,#3229);
#1685=LINE('',#15704,#3230);
#1686=LINE('',#15706,#3231);
#1687=LINE('',#15707,#3232);
#1688=LINE('',#15710,#3233);
#1689=LINE('',#15712,#3234);
#1690=LINE('',#15714,#3235);
#1691=LINE('',#15716,#3236);
#1692=LINE('',#15718,#3237);
#1693=LINE('',#15720,#3238);
#1694=LINE('',#15722,#3239);
#1695=LINE('',#15724,#3240);
#1696=LINE('',#15726,#3241);
#1697=LINE('',#15728,#3242);
#1698=LINE('',#15730,#3243);
#1699=LINE('',#15732,#3244);
#1700=LINE('',#15734,#3245);
#1701=LINE('',#15736,#3246);
#1702=LINE('',#15738,#3247);
#1703=LINE('',#15740,#3248);
#1704=LINE('',#15742,#3249);
#1705=LINE('',#15744,#3250);
#1706=LINE('',#15746,#3251);
#1707=LINE('',#15748,#3252);
#1708=LINE('',#15750,#3253);
#1709=LINE('',#15752,#3254);
#1710=LINE('',#15754,#3255);
#1711=LINE('',#15756,#3256);
#1712=LINE('',#15758,#3257);
#1713=LINE('',#15760,#3258);
#1714=LINE('',#15762,#3259);
#1715=LINE('',#15764,#3260);
#1716=LINE('',#15766,#3261);
#1717=LINE('',#15768,#3262);
#1718=LINE('',#15770,#3263);
#1719=LINE('',#15772,#3264);
#1720=LINE('',#15774,#3265);
#1721=LINE('',#15776,#3266);
#1722=LINE('',#15778,#3267);
#1723=LINE('',#15780,#3268);
#1724=LINE('',#15782,#3269);
#1725=LINE('',#15784,#3270);
#1726=LINE('',#15786,#3271);
#1727=LINE('',#15788,#3272);
#1728=LINE('',#15790,#3273);
#1729=LINE('',#15792,#3274);
#1730=LINE('',#15794,#3275);
#1731=LINE('',#15796,#3276);
#1732=LINE('',#15798,#3277);
#1733=LINE('',#15800,#3278);
#1734=LINE('',#15802,#3279);
#1735=LINE('',#15804,#3280);
#1736=LINE('',#15806,#3281);
#1737=LINE('',#15808,#3282);
#1738=LINE('',#15810,#3283);
#1739=LINE('',#15812,#3284);
#1740=LINE('',#15814,#3285);
#1741=LINE('',#15816,#3286);
#1742=LINE('',#15818,#3287);
#1743=LINE('',#15820,#3288);
#1744=LINE('',#15822,#3289);
#1745=LINE('',#15824,#3290);
#1746=LINE('',#15826,#3291);
#1747=LINE('',#15828,#3292);
#1748=LINE('',#15830,#3293);
#1749=LINE('',#15832,#3294);
#1750=LINE('',#15834,#3295);
#1751=LINE('',#15836,#3296);
#1752=LINE('',#15838,#3297);
#1753=LINE('',#15840,#3298);
#1754=LINE('',#15842,#3299);
#1755=LINE('',#15844,#3300);
#1756=LINE('',#15846,#3301);
#1757=LINE('',#15848,#3302);
#1758=LINE('',#15850,#3303);
#1759=LINE('',#15852,#3304);
#1760=LINE('',#15854,#3305);
#1761=LINE('',#15856,#3306);
#1762=LINE('',#15858,#3307);
#1763=LINE('',#15860,#3308);
#1764=LINE('',#15862,#3309);
#1765=LINE('',#15864,#3310);
#1766=LINE('',#15866,#3311);
#1767=LINE('',#15868,#3312);
#1768=LINE('',#15870,#3313);
#1769=LINE('',#15872,#3314);
#1770=LINE('',#15874,#3315);
#1771=LINE('',#15875,#3316);
#1772=LINE('',#15879,#3317);
#1773=LINE('',#15881,#3318);
#1774=LINE('',#15883,#3319);
#1775=LINE('',#15885,#3320);
#1776=LINE('',#15887,#3321);
#1777=LINE('',#15889,#3322);
#1778=LINE('',#15891,#3323);
#1779=LINE('',#15893,#3324);
#1780=LINE('',#15895,#3325);
#1781=LINE('',#15897,#3326);
#1782=LINE('',#15899,#3327);
#1783=LINE('',#15901,#3328);
#1784=LINE('',#15903,#3329);
#1785=LINE('',#15905,#3330);
#1786=LINE('',#15907,#3331);
#1787=LINE('',#15909,#3332);
#1788=LINE('',#15911,#3333);
#1789=LINE('',#15913,#3334);
#1790=LINE('',#15915,#3335);
#1791=LINE('',#15917,#3336);
#1792=LINE('',#15919,#3337);
#1793=LINE('',#15921,#3338);
#1794=LINE('',#15923,#3339);
#1795=LINE('',#15925,#3340);
#1796=LINE('',#15927,#3341);
#1797=LINE('',#15929,#3342);
#1798=LINE('',#15931,#3343);
#1799=LINE('',#15933,#3344);
#1800=LINE('',#15935,#3345);
#1801=LINE('',#15937,#3346);
#1802=LINE('',#15939,#3347);
#1803=LINE('',#15941,#3348);
#1804=LINE('',#15943,#3349);
#1805=LINE('',#15945,#3350);
#1806=LINE('',#15947,#3351);
#1807=LINE('',#15949,#3352);
#1808=LINE('',#15951,#3353);
#1809=LINE('',#15953,#3354);
#1810=LINE('',#15955,#3355);
#1811=LINE('',#15957,#3356);
#1812=LINE('',#15959,#3357);
#1813=LINE('',#15961,#3358);
#1814=LINE('',#15963,#3359);
#1815=LINE('',#15965,#3360);
#1816=LINE('',#15967,#3361);
#1817=LINE('',#15969,#3362);
#1818=LINE('',#15971,#3363);
#1819=LINE('',#15973,#3364);
#1820=LINE('',#15975,#3365);
#1821=LINE('',#15977,#3366);
#1822=LINE('',#15979,#3367);
#1823=LINE('',#15981,#3368);
#1824=LINE('',#15983,#3369);
#1825=LINE('',#15985,#3370);
#1826=LINE('',#15987,#3371);
#1827=LINE('',#15989,#3372);
#1828=LINE('',#15991,#3373);
#1829=LINE('',#15993,#3374);
#1830=LINE('',#15995,#3375);
#1831=LINE('',#15997,#3376);
#1832=LINE('',#15999,#3377);
#1833=LINE('',#16001,#3378);
#1834=LINE('',#16003,#3379);
#1835=LINE('',#16005,#3380);
#1836=LINE('',#16007,#3381);
#1837=LINE('',#16009,#3382);
#1838=LINE('',#16011,#3383);
#1839=LINE('',#16013,#3384);
#1840=LINE('',#16015,#3385);
#1841=LINE('',#16017,#3386);
#1842=LINE('',#16019,#3387);
#1843=LINE('',#16020,#3388);
#1844=LINE('',#16023,#3389);
#1845=LINE('',#16025,#3390);
#1846=LINE('',#16026,#3391);
#1847=LINE('',#16029,#3392);
#1848=LINE('',#16031,#3393);
#1849=LINE('',#16032,#3394);
#1850=LINE('',#16035,#3395);
#1851=LINE('',#16037,#3396);
#1852=LINE('',#16039,#3397);
#1853=LINE('',#16040,#3398);
#1854=LINE('',#16041,#3399);
#1855=LINE('',#16043,#3400);
#1856=LINE('',#16045,#3401);
#1857=LINE('',#16046,#3402);
#1858=LINE('',#16048,#3403);
#1859=LINE('',#16050,#3404);
#1860=LINE('',#16052,#3405);
#1861=LINE('',#16054,#3406);
#1862=LINE('',#16055,#3407);
#1863=LINE('',#16057,#3408);
#1864=LINE('',#16059,#3409);
#1865=LINE('',#16061,#3410);
#1866=LINE('',#16063,#3411);
#1867=LINE('',#16065,#3412);
#1868=LINE('',#16066,#3413);
#1869=LINE('',#16069,#3414);
#1870=LINE('',#16070,#3415);
#1871=LINE('',#16074,#3416);
#1872=LINE('',#16076,#3417);
#1873=LINE('',#16078,#3418);
#1874=LINE('',#16079,#3419);
#1875=LINE('',#16082,#3420);
#1876=LINE('',#16084,#3421);
#1877=LINE('',#16085,#3422);
#1878=LINE('',#16087,#3423);
#1879=LINE('',#16090,#3424);
#1880=LINE('',#16091,#3425);
#1881=LINE('',#16094,#3426);
#1882=LINE('',#16095,#3427);
#1883=LINE('',#16096,#3428);
#1884=LINE('',#16100,#3429);
#1885=LINE('',#16101,#3430);
#1886=LINE('',#16102,#3431);
#1887=LINE('',#16106,#3432);
#1888=LINE('',#16107,#3433);
#1889=LINE('',#16108,#3434);
#1890=LINE('',#16112,#3435);
#1891=LINE('',#16113,#3436);
#1892=LINE('',#16114,#3437);
#1893=LINE('',#16118,#3438);
#1894=LINE('',#16119,#3439);
#1895=LINE('',#16122,#3440);
#1896=LINE('',#16123,#3441);
#1897=LINE('',#16124,#3442);
#1898=LINE('',#16126,#3443);
#1899=LINE('',#16130,#3444);
#1900=LINE('',#16131,#3445);
#1901=LINE('',#16132,#3446);
#1902=LINE('',#16136,#3447);
#1903=LINE('',#16137,#3448);
#1904=LINE('',#16138,#3449);
#1905=LINE('',#16142,#3450);
#1906=LINE('',#16143,#3451);
#1907=LINE('',#16144,#3452);
#1908=LINE('',#16148,#3453);
#1909=LINE('',#16149,#3454);
#1910=LINE('',#16152,#3455);
#1911=LINE('',#16153,#3456);
#1912=LINE('',#16154,#3457);
#1913=LINE('',#16157,#3458);
#1914=LINE('',#16159,#3459);
#1915=LINE('',#16162,#3460);
#1916=LINE('',#16163,#3461);
#1917=LINE('',#16165,#3462);
#1918=LINE('',#16168,#3463);
#1919=LINE('',#16169,#3464);
#1920=LINE('',#16172,#3465);
#1921=LINE('',#16173,#3466);
#1922=LINE('',#16175,#3467);
#1923=LINE('',#16177,#3468);
#1924=LINE('',#16180,#3469);
#1925=LINE('',#16181,#3470);
#1926=LINE('',#16183,#3471);
#1927=LINE('',#16186,#3472);
#1928=LINE('',#16187,#3473);
#1929=LINE('',#16189,#3474);
#1930=LINE('',#16192,#3475);
#1931=LINE('',#16193,#3476);
#1932=LINE('',#16195,#3477);
#1933=LINE('',#16198,#3478);
#1934=LINE('',#16199,#3479);
#1935=LINE('',#16202,#3480);
#1936=LINE('',#16203,#3481);
#1937=LINE('',#16205,#3482);
#1938=LINE('',#16207,#3483);
#1939=LINE('',#16210,#3484);
#1940=LINE('',#16211,#3485);
#1941=LINE('',#16213,#3486);
#1942=LINE('',#16216,#3487);
#1943=LINE('',#16217,#3488);
#1944=LINE('',#16219,#3489);
#1945=LINE('',#16222,#3490);
#1946=LINE('',#16223,#3491);
#1947=LINE('',#16226,#3492);
#1948=LINE('',#16227,#3493);
#1949=LINE('',#16230,#3494);
#1950=LINE('',#16231,#3495);
#1951=LINE('',#16232,#3496);
#1952=LINE('',#16234,#3497);
#1953=LINE('',#16238,#3498);
#1954=LINE('',#16239,#3499);
#1955=LINE('',#16240,#3500);
#1956=LINE('',#16244,#3501);
#1957=LINE('',#16245,#3502);
#1958=LINE('',#16246,#3503);
#1959=LINE('',#16250,#3504);
#1960=LINE('',#16251,#3505);
#1961=LINE('',#16252,#3506);
#1962=LINE('',#16256,#3507);
#1963=LINE('',#16257,#3508);
#1964=LINE('',#16258,#3509);
#1965=LINE('',#16262,#3510);
#1966=LINE('',#16263,#3511);
#1967=LINE('',#16264,#3512);
#1968=LINE('',#16268,#3513);
#1969=LINE('',#16269,#3514);
#1970=LINE('',#16270,#3515);
#1971=LINE('',#16273,#3516);
#1972=LINE('',#16276,#3517);
#1973=LINE('',#16277,#3518);
#1974=LINE('',#16280,#3519);
#1975=LINE('',#16281,#3520);
#1976=LINE('',#16282,#3521);
#1977=LINE('',#16286,#3522);
#1978=LINE('',#16287,#3523);
#1979=LINE('',#16288,#3524);
#1980=LINE('',#16292,#3525);
#1981=LINE('',#16293,#3526);
#1982=LINE('',#16294,#3527);
#1983=LINE('',#16298,#3528);
#1984=LINE('',#16299,#3529);
#1985=LINE('',#16300,#3530);
#1986=LINE('',#16304,#3531);
#1987=LINE('',#16305,#3532);
#1988=LINE('',#16306,#3533);
#1989=LINE('',#16310,#3534);
#1990=LINE('',#16311,#3535);
#1991=LINE('',#16314,#3536);
#1992=LINE('',#16315,#3537);
#1993=LINE('',#16316,#3538);
#1994=LINE('',#16320,#3539);
#1995=LINE('',#16321,#3540);
#1996=LINE('',#16322,#3541);
#1997=LINE('',#16324,#3542);
#1998=LINE('',#16328,#3543);
#1999=LINE('',#16329,#3544);
#2000=LINE('',#16330,#3545);
#2001=LINE('',#16334,#3546);
#2002=LINE('',#16335,#3547);
#2003=LINE('',#16338,#3548);
#2004=LINE('',#16339,#3549);
#2005=LINE('',#16340,#3550);
#2006=LINE('',#16342,#3551);
#2007=LINE('',#16345,#3552);
#2008=LINE('',#16348,#3553);
#2009=LINE('',#16349,#3554);
#2010=LINE('',#16352,#3555);
#2011=LINE('',#16353,#3556);
#2012=LINE('',#16355,#3557);
#2013=LINE('',#16357,#3558);
#2014=LINE('',#16360,#3559);
#2015=LINE('',#16361,#3560);
#2016=LINE('',#16364,#3561);
#2017=LINE('',#16365,#3562);
#2018=LINE('',#16367,#3563);
#2019=LINE('',#16370,#3564);
#2020=LINE('',#16371,#3565);
#2021=LINE('',#16373,#3566);
#2022=LINE('',#16375,#3567);
#2023=LINE('',#16378,#3568);
#2024=LINE('',#16379,#3569);
#2025=LINE('',#16382,#3570);
#2026=LINE('',#16383,#3571);
#2027=LINE('',#16385,#3572);
#2028=LINE('',#16387,#3573);
#2029=LINE('',#16390,#3574);
#2030=LINE('',#16391,#3575);
#2031=LINE('',#16393,#3576);
#2032=LINE('',#16396,#3577);
#2033=LINE('',#16397,#3578);
#2034=LINE('',#16400,#3579);
#2035=LINE('',#16401,#3580);
#2036=LINE('',#16403,#3581);
#2037=LINE('',#16405,#3582);
#2038=LINE('',#16408,#3583);
#2039=LINE('',#16409,#3584);
#2040=LINE('',#16411,#3585);
#2041=LINE('',#16414,#3586);
#2042=LINE('',#16415,#3587);
#2043=LINE('',#16417,#3588);
#2044=LINE('',#16420,#3589);
#2045=LINE('',#16421,#3590);
#2046=LINE('',#16424,#3591);
#2047=LINE('',#16425,#3592);
#2048=LINE('',#16428,#3593);
#2049=LINE('',#16429,#3594);
#2050=LINE('',#16430,#3595);
#2051=LINE('',#16432,#3596);
#2052=LINE('',#16436,#3597);
#2053=LINE('',#16437,#3598);
#2054=LINE('',#16438,#3599);
#2055=LINE('',#16442,#3600);
#2056=LINE('',#16443,#3601);
#2057=LINE('',#16444,#3602);
#2058=LINE('',#16448,#3603);
#2059=LINE('',#16449,#3604);
#2060=LINE('',#16450,#3605);
#2061=LINE('',#16454,#3606);
#2062=LINE('',#16455,#3607);
#2063=LINE('',#16456,#3608);
#2064=LINE('',#16460,#3609);
#2065=LINE('',#16461,#3610);
#2066=LINE('',#16465,#3611);
#2067=LINE('',#16467,#3612);
#2068=LINE('',#16468,#3613);
#2069=LINE('',#16471,#3614);
#2070=LINE('',#16472,#3615);
#2071=LINE('',#16474,#3616);
#2072=LINE('',#16475,#3617);
#2073=LINE('',#16479,#3618);
#2074=LINE('',#16481,#3619);
#2075=LINE('',#16483,#3620);
#2076=LINE('',#16484,#3621);
#2077=LINE('',#16487,#3622);
#2078=LINE('',#16488,#3623);
#2079=LINE('',#16491,#3624);
#2080=LINE('',#16492,#3625);
#2081=LINE('',#16495,#3626);
#2082=LINE('',#16496,#3627);
#2083=LINE('',#16499,#3628);
#2084=LINE('',#16500,#3629);
#2085=LINE('',#16503,#3630);
#2086=LINE('',#16504,#3631);
#2087=LINE('',#16507,#3632);
#2088=LINE('',#16508,#3633);
#2089=LINE('',#16511,#3634);
#2090=LINE('',#16512,#3635);
#2091=LINE('',#16515,#3636);
#2092=LINE('',#16516,#3637);
#2093=LINE('',#16519,#3638);
#2094=LINE('',#16520,#3639);
#2095=LINE('',#16523,#3640);
#2096=LINE('',#16524,#3641);
#2097=LINE('',#16527,#3642);
#2098=LINE('',#16528,#3643);
#2099=LINE('',#16531,#3644);
#2100=LINE('',#16532,#3645);
#2101=LINE('',#16535,#3646);
#2102=LINE('',#16536,#3647);
#2103=LINE('',#16539,#3648);
#2104=LINE('',#16540,#3649);
#2105=LINE('',#16543,#3650);
#2106=LINE('',#16544,#3651);
#2107=LINE('',#16547,#3652);
#2108=LINE('',#16548,#3653);
#2109=LINE('',#16551,#3654);
#2110=LINE('',#16552,#3655);
#2111=LINE('',#16555,#3656);
#2112=LINE('',#16556,#3657);
#2113=LINE('',#16559,#3658);
#2114=LINE('',#16560,#3659);
#2115=LINE('',#16563,#3660);
#2116=LINE('',#16564,#3661);
#2117=LINE('',#16567,#3662);
#2118=LINE('',#16568,#3663);
#2119=LINE('',#16571,#3664);
#2120=LINE('',#16572,#3665);
#2121=LINE('',#16575,#3666);
#2122=LINE('',#16576,#3667);
#2123=LINE('',#16579,#3668);
#2124=LINE('',#16580,#3669);
#2125=LINE('',#16583,#3670);
#2126=LINE('',#16584,#3671);
#2127=LINE('',#16587,#3672);
#2128=LINE('',#16588,#3673);
#2129=LINE('',#16591,#3674);
#2130=LINE('',#16592,#3675);
#2131=LINE('',#16595,#3676);
#2132=LINE('',#16596,#3677);
#2133=LINE('',#16599,#3678);
#2134=LINE('',#16600,#3679);
#2135=LINE('',#16603,#3680);
#2136=LINE('',#16604,#3681);
#2137=LINE('',#16607,#3682);
#2138=LINE('',#16608,#3683);
#2139=LINE('',#16611,#3684);
#2140=LINE('',#16612,#3685);
#2141=LINE('',#16615,#3686);
#2142=LINE('',#16616,#3687);
#2143=LINE('',#16619,#3688);
#2144=LINE('',#16620,#3689);
#2145=LINE('',#16623,#3690);
#2146=LINE('',#16624,#3691);
#2147=LINE('',#16627,#3692);
#2148=LINE('',#16628,#3693);
#2149=LINE('',#16631,#3694);
#2150=LINE('',#16632,#3695);
#2151=LINE('',#16635,#3696);
#2152=LINE('',#16636,#3697);
#2153=LINE('',#16639,#3698);
#2154=LINE('',#16640,#3699);
#2155=LINE('',#16643,#3700);
#2156=LINE('',#16644,#3701);
#2157=LINE('',#16647,#3702);
#2158=LINE('',#16648,#3703);
#2159=LINE('',#16651,#3704);
#2160=LINE('',#16652,#3705);
#2161=LINE('',#16655,#3706);
#2162=LINE('',#16656,#3707);
#2163=LINE('',#16659,#3708);
#2164=LINE('',#16660,#3709);
#2165=LINE('',#16663,#3710);
#2166=LINE('',#16664,#3711);
#2167=LINE('',#16667,#3712);
#2168=LINE('',#16668,#3713);
#2169=LINE('',#16671,#3714);
#2170=LINE('',#16672,#3715);
#2171=LINE('',#16675,#3716);
#2172=LINE('',#16676,#3717);
#2173=LINE('',#16679,#3718);
#2174=LINE('',#16680,#3719);
#2175=LINE('',#16683,#3720);
#2176=LINE('',#16684,#3721);
#2177=LINE('',#16687,#3722);
#2178=LINE('',#16688,#3723);
#2179=LINE('',#16691,#3724);
#2180=LINE('',#16693,#3725);
#2181=LINE('',#16694,#3726);
#2182=LINE('',#16697,#3727);
#2183=LINE('',#16698,#3728);
#2184=LINE('',#16700,#3729);
#2185=LINE('',#16703,#3730);
#2186=LINE('',#16705,#3731);
#2187=LINE('',#16706,#3732);
#2188=LINE('',#16708,#3733);
#2189=LINE('',#16711,#3734);
#2190=LINE('',#16712,#3735);
#2191=LINE('',#16715,#3736);
#2192=LINE('',#16717,#3737);
#2193=LINE('',#16718,#3738);
#2194=LINE('',#16721,#3739);
#2195=LINE('',#16722,#3740);
#2196=LINE('',#16724,#3741);
#2197=LINE('',#16727,#3742);
#2198=LINE('',#16729,#3743);
#2199=LINE('',#16730,#3744);
#2200=LINE('',#16732,#3745);
#2201=LINE('',#16735,#3746);
#2202=LINE('',#16737,#3747);
#2203=LINE('',#16738,#3748);
#2204=LINE('',#16740,#3749);
#2205=LINE('',#16743,#3750);
#2206=LINE('',#16745,#3751);
#2207=LINE('',#16746,#3752);
#2208=LINE('',#16748,#3753);
#2209=LINE('',#16751,#3754);
#2210=LINE('',#16752,#3755);
#2211=LINE('',#16755,#3756);
#2212=LINE('',#16756,#3757);
#2213=LINE('',#16759,#3758);
#2214=LINE('',#16760,#3759);
#2215=LINE('',#16763,#3760);
#2216=LINE('',#16764,#3761);
#2217=LINE('',#16767,#3762);
#2218=LINE('',#16768,#3763);
#2219=LINE('',#16771,#3764);
#2220=LINE('',#16772,#3765);
#2221=LINE('',#16775,#3766);
#2222=LINE('',#16776,#3767);
#2223=LINE('',#16779,#3768);
#2224=LINE('',#16780,#3769);
#2225=LINE('',#16783,#3770);
#2226=LINE('',#16784,#3771);
#2227=LINE('',#16787,#3772);
#2228=LINE('',#16788,#3773);
#2229=LINE('',#16791,#3774);
#2230=LINE('',#16792,#3775);
#2231=LINE('',#16795,#3776);
#2232=LINE('',#16796,#3777);
#2233=LINE('',#16799,#3778);
#2234=LINE('',#16800,#3779);
#2235=LINE('',#16803,#3780);
#2236=LINE('',#16804,#3781);
#2237=LINE('',#16807,#3782);
#2238=LINE('',#16808,#3783);
#2239=LINE('',#16811,#3784);
#2240=LINE('',#16812,#3785);
#2241=LINE('',#16815,#3786);
#2242=LINE('',#16816,#3787);
#2243=LINE('',#16819,#3788);
#2244=LINE('',#16820,#3789);
#2245=LINE('',#16823,#3790);
#2246=LINE('',#16824,#3791);
#2247=LINE('',#16827,#3792);
#2248=LINE('',#16828,#3793);
#2249=LINE('',#16831,#3794);
#2250=LINE('',#16832,#3795);
#2251=LINE('',#16835,#3796);
#2252=LINE('',#16836,#3797);
#2253=LINE('',#16839,#3798);
#2254=LINE('',#16840,#3799);
#2255=LINE('',#16843,#3800);
#2256=LINE('',#16844,#3801);
#2257=LINE('',#16847,#3802);
#2258=LINE('',#16848,#3803);
#2259=LINE('',#16851,#3804);
#2260=LINE('',#16852,#3805);
#2261=LINE('',#16855,#3806);
#2262=LINE('',#16856,#3807);
#2263=LINE('',#16859,#3808);
#2264=LINE('',#16860,#3809);
#2265=LINE('',#16862,#3810);
#2266=LINE('',#16863,#3811);
#2267=LINE('',#16865,#3812);
#2268=LINE('',#16868,#3813);
#2269=LINE('',#16869,#3814);
#2270=LINE('',#16872,#3815);
#2271=LINE('',#16873,#3816);
#2272=LINE('',#16874,#3817);
#2273=LINE('',#16878,#3818);
#2274=LINE('',#16879,#3819);
#2275=LINE('',#16880,#3820);
#2276=LINE('',#16884,#3821);
#2277=LINE('',#16885,#3822);
#2278=LINE('',#16886,#3823);
#2279=LINE('',#16890,#3824);
#2280=LINE('',#16891,#3825);
#2281=LINE('',#16892,#3826);
#2282=LINE('',#16896,#3827);
#2283=LINE('',#16897,#3828);
#2284=LINE('',#16898,#3829);
#2285=LINE('',#16902,#3830);
#2286=LINE('',#16903,#3831);
#2287=LINE('',#16906,#3832);
#2288=LINE('',#16907,#3833);
#2289=LINE('',#16908,#3834);
#2290=LINE('',#16912,#3835);
#2291=LINE('',#16913,#3836);
#2292=LINE('',#16914,#3837);
#2293=LINE('',#16916,#3838);
#2294=LINE('',#16920,#3839);
#2295=LINE('',#16921,#3840);
#2296=LINE('',#16922,#3841);
#2297=LINE('',#16926,#3842);
#2298=LINE('',#16927,#3843);
#2299=LINE('',#16930,#3844);
#2300=LINE('',#16931,#3845);
#2301=LINE('',#16932,#3846);
#2302=LINE('',#16934,#3847);
#2303=LINE('',#16937,#3848);
#2304=LINE('',#16940,#3849);
#2305=LINE('',#16941,#3850);
#2306=LINE('',#16944,#3851);
#2307=LINE('',#16945,#3852);
#2308=LINE('',#16947,#3853);
#2309=LINE('',#16949,#3854);
#2310=LINE('',#16952,#3855);
#2311=LINE('',#16953,#3856);
#2312=LINE('',#16956,#3857);
#2313=LINE('',#16957,#3858);
#2314=LINE('',#16959,#3859);
#2315=LINE('',#16962,#3860);
#2316=LINE('',#16963,#3861);
#2317=LINE('',#16965,#3862);
#2318=LINE('',#16967,#3863);
#2319=LINE('',#16970,#3864);
#2320=LINE('',#16971,#3865);
#2321=LINE('',#16974,#3866);
#2322=LINE('',#16975,#3867);
#2323=LINE('',#16977,#3868);
#2324=LINE('',#16979,#3869);
#2325=LINE('',#16982,#3870);
#2326=LINE('',#16983,#3871);
#2327=LINE('',#16985,#3872);
#2328=LINE('',#16988,#3873);
#2329=LINE('',#16989,#3874);
#2330=LINE('',#16992,#3875);
#2331=LINE('',#16993,#3876);
#2332=LINE('',#16995,#3877);
#2333=LINE('',#16997,#3878);
#2334=LINE('',#17000,#3879);
#2335=LINE('',#17001,#3880);
#2336=LINE('',#17003,#3881);
#2337=LINE('',#17006,#3882);
#2338=LINE('',#17007,#3883);
#2339=LINE('',#17009,#3884);
#2340=LINE('',#17012,#3885);
#2341=LINE('',#17013,#3886);
#2342=LINE('',#17016,#3887);
#2343=LINE('',#17017,#3888);
#2344=LINE('',#17020,#3889);
#2345=LINE('',#17021,#3890);
#2346=LINE('',#17022,#3891);
#2347=LINE('',#17024,#3892);
#2348=LINE('',#17028,#3893);
#2349=LINE('',#17029,#3894);
#2350=LINE('',#17030,#3895);
#2351=LINE('',#17034,#3896);
#2352=LINE('',#17035,#3897);
#2353=LINE('',#17036,#3898);
#2354=LINE('',#17040,#3899);
#2355=LINE('',#17041,#3900);
#2356=LINE('',#17042,#3901);
#2357=LINE('',#17046,#3902);
#2358=LINE('',#17047,#3903);
#2359=LINE('',#17048,#3904);
#2360=LINE('',#17052,#3905);
#2361=LINE('',#17053,#3906);
#2362=LINE('',#17057,#3907);
#2363=LINE('',#17058,#3908);
#2364=LINE('',#17059,#3909);
#2365=LINE('',#17061,#3910);
#2366=LINE('',#17064,#3911);
#2367=LINE('',#17065,#3912);
#2368=LINE('',#17066,#3913);
#2369=LINE('',#17070,#3914);
#2370=LINE('',#17071,#3915);
#2371=LINE('',#17072,#3916);
#2372=LINE('',#17076,#3917);
#2373=LINE('',#17077,#3918);
#2374=LINE('',#17078,#3919);
#2375=LINE('',#17082,#3920);
#2376=LINE('',#17083,#3921);
#2377=LINE('',#17084,#3922);
#2378=LINE('',#17088,#3923);
#2379=LINE('',#17089,#3924);
#2380=LINE('',#17092,#3925);
#2381=LINE('',#17093,#3926);
#2382=LINE('',#17094,#3927);
#2383=LINE('',#17096,#3928);
#2384=LINE('',#17100,#3929);
#2385=LINE('',#17101,#3930);
#2386=LINE('',#17102,#3931);
#2387=LINE('',#17106,#3932);
#2388=LINE('',#17107,#3933);
#2389=LINE('',#17108,#3934);
#2390=LINE('',#17112,#3935);
#2391=LINE('',#17113,#3936);
#2392=LINE('',#17114,#3937);
#2393=LINE('',#17118,#3938);
#2394=LINE('',#17119,#3939);
#2395=LINE('',#17122,#3940);
#2396=LINE('',#17123,#3941);
#2397=LINE('',#17124,#3942);
#2398=LINE('',#17127,#3943);
#2399=LINE('',#17129,#3944);
#2400=LINE('',#17132,#3945);
#2401=LINE('',#17133,#3946);
#2402=LINE('',#17135,#3947);
#2403=LINE('',#17138,#3948);
#2404=LINE('',#17139,#3949);
#2405=LINE('',#17142,#3950);
#2406=LINE('',#17143,#3951);
#2407=LINE('',#17145,#3952);
#2408=LINE('',#17147,#3953);
#2409=LINE('',#17150,#3954);
#2410=LINE('',#17151,#3955);
#2411=LINE('',#17153,#3956);
#2412=LINE('',#17156,#3957);
#2413=LINE('',#17157,#3958);
#2414=LINE('',#17159,#3959);
#2415=LINE('',#17162,#3960);
#2416=LINE('',#17163,#3961);
#2417=LINE('',#17165,#3962);
#2418=LINE('',#17168,#3963);
#2419=LINE('',#17169,#3964);
#2420=LINE('',#17172,#3965);
#2421=LINE('',#17173,#3966);
#2422=LINE('',#17175,#3967);
#2423=LINE('',#17177,#3968);
#2424=LINE('',#17180,#3969);
#2425=LINE('',#17181,#3970);
#2426=LINE('',#17183,#3971);
#2427=LINE('',#17186,#3972);
#2428=LINE('',#17187,#3973);
#2429=LINE('',#17189,#3974);
#2430=LINE('',#17192,#3975);
#2431=LINE('',#17193,#3976);
#2432=LINE('',#17196,#3977);
#2433=LINE('',#17197,#3978);
#2434=LINE('',#17200,#3979);
#2435=LINE('',#17201,#3980);
#2436=LINE('',#17202,#3981);
#2437=LINE('',#17204,#3982);
#2438=LINE('',#17208,#3983);
#2439=LINE('',#17209,#3984);
#2440=LINE('',#17210,#3985);
#2441=LINE('',#17214,#3986);
#2442=LINE('',#17215,#3987);
#2443=LINE('',#17216,#3988);
#2444=LINE('',#17220,#3989);
#2445=LINE('',#17221,#3990);
#2446=LINE('',#17222,#3991);
#2447=LINE('',#17226,#3992);
#2448=LINE('',#17227,#3993);
#2449=LINE('',#17228,#3994);
#2450=LINE('',#17232,#3995);
#2451=LINE('',#17233,#3996);
#2452=LINE('',#17234,#3997);
#2453=LINE('',#17238,#3998);
#2454=LINE('',#17239,#3999);
#2455=LINE('',#17240,#4000);
#2456=LINE('',#17243,#4001);
#2457=LINE('',#17246,#4002);
#2458=LINE('',#17247,#4003);
#2459=LINE('',#17250,#4004);
#2460=LINE('',#17251,#4005);
#2461=LINE('',#17253,#4006);
#2462=LINE('',#17255,#4007);
#2463=LINE('',#17258,#4008);
#2464=LINE('',#17259,#4009);
#2465=LINE('',#17262,#4010);
#2466=LINE('',#17263,#4011);
#2467=LINE('',#17265,#4012);
#2468=LINE('',#17267,#4013);
#2469=LINE('',#17270,#4014);
#2470=LINE('',#17271,#4015);
#2471=LINE('',#17274,#4016);
#2472=LINE('',#17275,#4017);
#2473=LINE('',#17277,#4018);
#2474=LINE('',#17280,#4019);
#2475=LINE('',#17281,#4020);
#2476=LINE('',#17283,#4021);
#2477=LINE('',#17285,#4022);
#2478=LINE('',#17288,#4023);
#2479=LINE('',#17289,#4024);
#2480=LINE('',#17292,#4025);
#2481=LINE('',#17293,#4026);
#2482=LINE('',#17295,#4027);
#2483=LINE('',#17298,#4028);
#2484=LINE('',#17299,#4029);
#2485=LINE('',#17301,#4030);
#2486=LINE('',#17304,#4031);
#2487=LINE('',#17305,#4032);
#2488=LINE('',#17307,#4033);
#2489=LINE('',#17309,#4034);
#2490=LINE('',#17312,#4035);
#2491=LINE('',#17313,#4036);
#2492=LINE('',#17316,#4037);
#2493=LINE('',#17317,#4038);
#2494=LINE('',#17319,#4039);
#2495=LINE('',#17322,#4040);
#2496=LINE('',#17323,#4041);
#2497=LINE('',#17325,#4042);
#2498=LINE('',#17328,#4043);
#2499=LINE('',#17329,#4044);
#2500=LINE('',#17331,#4045);
#2501=LINE('',#17334,#4046);
#2502=LINE('',#17335,#4047);
#2503=LINE('',#17337,#4048);
#2504=LINE('',#17339,#4049);
#2505=LINE('',#17342,#4050);
#2506=LINE('',#17343,#4051);
#2507=LINE('',#17345,#4052);
#2508=LINE('',#17348,#4053);
#2509=LINE('',#17349,#4054);
#2510=LINE('',#17352,#4055);
#2511=LINE('',#17353,#4056);
#2512=LINE('',#17355,#4057);
#2513=LINE('',#17358,#4058);
#2514=LINE('',#17359,#4059);
#2515=LINE('',#17361,#4060);
#2516=LINE('',#17363,#4061);
#2517=LINE('',#17366,#4062);
#2518=LINE('',#17367,#4063);
#2519=LINE('',#17370,#4064);
#2520=LINE('',#17371,#4065);
#2521=LINE('',#17373,#4066);
#2522=LINE('',#17376,#4067);
#2523=LINE('',#17377,#4068);
#2524=LINE('',#17379,#4069);
#2525=LINE('',#17381,#4070);
#2526=LINE('',#17384,#4071);
#2527=LINE('',#17385,#4072);
#2528=LINE('',#17388,#4073);
#2529=LINE('',#17389,#4074);
#2530=LINE('',#17391,#4075);
#2531=LINE('',#17394,#4076);
#2532=LINE('',#17395,#4077);
#2533=LINE('',#17397,#4078);
#2534=LINE('',#17400,#4079);
#2535=LINE('',#17401,#4080);
#2536=LINE('',#17403,#4081);
#2537=LINE('',#17406,#4082);
#2538=LINE('',#17407,#4083);
#2539=LINE('',#17409,#4084);
#2540=LINE('',#17412,#4085);
#2541=LINE('',#17413,#4086);
#2542=LINE('',#17415,#4087);
#2543=LINE('',#17418,#4088);
#2544=LINE('',#17419,#4089);
#2545=LINE('',#17421,#4090);
#2546=LINE('',#17424,#4091);
#2547=LINE('',#17425,#4092);
#2548=LINE('',#17427,#4093);
#2549=LINE('',#17429,#4094);
#2550=LINE('',#17432,#4095);
#2551=LINE('',#17433,#4096);
#2552=LINE('',#17435,#4097);
#2553=LINE('',#17438,#4098);
#2554=LINE('',#17439,#4099);
#2555=LINE('',#17442,#4100);
#2556=LINE('',#17443,#4101);
#2557=LINE('',#17445,#4102);
#2558=LINE('',#17448,#4103);
#2559=LINE('',#17449,#4104);
#2560=LINE('',#17451,#4105);
#2561=LINE('',#17453,#4106);
#2562=LINE('',#17456,#4107);
#2563=LINE('',#17457,#4108);
#2564=LINE('',#17460,#4109);
#2565=LINE('',#17461,#4110);
#2566=LINE('',#17463,#4111);
#2567=LINE('',#17465,#4112);
#2568=LINE('',#17468,#4113);
#2569=LINE('',#17469,#4114);
#2570=LINE('',#17472,#4115);
#2571=LINE('',#17473,#4116);
#2572=LINE('',#17475,#4117);
#2573=LINE('',#17478,#4118);
#2574=LINE('',#17479,#4119);
#2575=LINE('',#17481,#4120);
#2576=LINE('',#17484,#4121);
#2577=LINE('',#17485,#4122);
#2578=LINE('',#17487,#4123);
#2579=LINE('',#17489,#4124);
#2580=LINE('',#17492,#4125);
#2581=LINE('',#17493,#4126);
#2582=LINE('',#17496,#4127);
#2583=LINE('',#17497,#4128);
#2584=LINE('',#17499,#4129);
#2585=LINE('',#17502,#4130);
#2586=LINE('',#17503,#4131);
#2587=LINE('',#17505,#4132);
#2588=LINE('',#17508,#4133);
#2589=LINE('',#17509,#4134);
#2590=LINE('',#17511,#4135);
#2591=LINE('',#17514,#4136);
#2592=LINE('',#17515,#4137);
#2593=LINE('',#17517,#4138);
#2594=LINE('',#17520,#4139);
#2595=LINE('',#17521,#4140);
#2596=LINE('',#17523,#4141);
#2597=LINE('',#17525,#4142);
#2598=LINE('',#17528,#4143);
#2599=LINE('',#17529,#4144);
#2600=LINE('',#17532,#4145);
#2601=LINE('',#17533,#4146);
#2602=LINE('',#17535,#4147);
#2603=LINE('',#17536,#4148);
#2604=LINE('',#17537,#4149);
#2605=LINE('',#17540,#4150);
#2606=LINE('',#17541,#4151);
#2607=LINE('',#17543,#4152);
#2608=LINE('',#17545,#4153);
#2609=LINE('',#17548,#4154);
#2610=LINE('',#17550,#4155);
#2611=LINE('',#17552,#4156);
#2612=LINE('',#17554,#4157);
#2613=LINE('',#17556,#4158);
#2614=LINE('',#17558,#4159);
#2615=LINE('',#17560,#4160);
#2616=LINE('',#17562,#4161);
#2617=LINE('',#17564,#4162);
#2618=LINE('',#17566,#4163);
#2619=LINE('',#17568,#4164);
#2620=LINE('',#17570,#4165);
#2621=LINE('',#17572,#4166);
#2622=LINE('',#17574,#4167);
#2623=LINE('',#17576,#4168);
#2624=LINE('',#17578,#4169);
#2625=LINE('',#17580,#4170);
#2626=LINE('',#17582,#4171);
#2627=LINE('',#17584,#4172);
#2628=LINE('',#17586,#4173);
#2629=LINE('',#17588,#4174);
#2630=LINE('',#17590,#4175);
#2631=LINE('',#17592,#4176);
#2632=LINE('',#17594,#4177);
#2633=LINE('',#17596,#4178);
#2634=LINE('',#17598,#4179);
#2635=LINE('',#17600,#4180);
#2636=LINE('',#17602,#4181);
#2637=LINE('',#17604,#4182);
#2638=LINE('',#17606,#4183);
#2639=LINE('',#17608,#4184);
#2640=LINE('',#17609,#4185);
#2641=LINE('',#17611,#4186);
#2642=LINE('',#17613,#4187);
#2643=LINE('',#17614,#4188);
#2644=LINE('',#17617,#4189);
#2645=LINE('',#17618,#4190);
#2646=LINE('',#17621,#4191);
#2647=LINE('',#17622,#4192);
#2648=LINE('',#17625,#4193);
#2649=LINE('',#17626,#4194);
#2650=LINE('',#17629,#4195);
#2651=LINE('',#17631,#4196);
#2652=LINE('',#17632,#4197);
#2653=LINE('',#17634,#4198);
#2654=LINE('',#17637,#4199);
#2655=LINE('',#17639,#4200);
#2656=LINE('',#17640,#4201);
#2657=LINE('',#17642,#4202);
#2658=LINE('',#17645,#4203);
#2659=LINE('',#17646,#4204);
#2660=LINE('',#17649,#4205);
#2661=LINE('',#17651,#4206);
#2662=LINE('',#17652,#4207);
#2663=LINE('',#17654,#4208);
#2664=LINE('',#17657,#4209);
#2665=LINE('',#17659,#4210);
#2666=LINE('',#17660,#4211);
#2667=LINE('',#17663,#4212);
#2668=LINE('',#17665,#4213);
#2669=LINE('',#17667,#4214);
#2670=LINE('',#17669,#4215);
#2671=LINE('',#17671,#4216);
#2672=LINE('',#17673,#4217);
#2673=LINE('',#17675,#4218);
#2674=LINE('',#17677,#4219);
#2675=LINE('',#17679,#4220);
#2676=LINE('',#17681,#4221);
#2677=LINE('',#17683,#4222);
#2678=LINE('',#17685,#4223);
#2679=LINE('',#17687,#4224);
#2680=LINE('',#17688,#4225);
#2681=LINE('',#17691,#4226);
#2682=LINE('',#17693,#4227);
#2683=LINE('',#17695,#4228);
#2684=LINE('',#17697,#4229);
#2685=LINE('',#17699,#4230);
#2686=LINE('',#17701,#4231);
#2687=LINE('',#17703,#4232);
#2688=LINE('',#17704,#4233);
#2689=LINE('',#17707,#4234);
#2690=LINE('',#17708,#4235);
#2691=LINE('',#17711,#4236);
#2692=LINE('',#17712,#4237);
#2693=LINE('',#17715,#4238);
#2694=LINE('',#17716,#4239);
#2695=LINE('',#17719,#4240);
#2696=LINE('',#17720,#4241);
#2697=LINE('',#17723,#4242);
#2698=LINE('',#17724,#4243);
#2699=LINE('',#17727,#4244);
#2700=LINE('',#17728,#4245);
#2701=LINE('',#17731,#4246);
#2702=LINE('',#17734,#4247);
#2703=LINE('',#17738,#4248);
#2704=LINE('',#17740,#4249);
#2705=LINE('',#17742,#4250);
#2706=LINE('',#17744,#4251);
#2707=LINE('',#17746,#4252);
#2708=LINE('',#17748,#4253);
#2709=LINE('',#17750,#4254);
#2710=LINE('',#17752,#4255);
#2711=LINE('',#17754,#4256);
#2712=LINE('',#17756,#4257);
#2713=LINE('',#17758,#4258);
#2714=LINE('',#17760,#4259);
#2715=LINE('',#17762,#4260);
#2716=LINE('',#17764,#4261);
#2717=LINE('',#17766,#4262);
#2718=LINE('',#17768,#4263);
#2719=LINE('',#17770,#4264);
#2720=LINE('',#17772,#4265);
#2721=LINE('',#17774,#4266);
#2722=LINE('',#17776,#4267);
#2723=LINE('',#17778,#4268);
#2724=LINE('',#17780,#4269);
#2725=LINE('',#17782,#4270);
#2726=LINE('',#17784,#4271);
#2727=LINE('',#17786,#4272);
#2728=LINE('',#17788,#4273);
#2729=LINE('',#17790,#4274);
#2730=LINE('',#17792,#4275);
#2731=LINE('',#17794,#4276);
#2732=LINE('',#17796,#4277);
#2733=LINE('',#17798,#4278);
#2734=LINE('',#17799,#4279);
#2735=LINE('',#17800,#4280);
#2736=LINE('',#17803,#4281);
#2737=LINE('',#17804,#4282);
#2738=LINE('',#17805,#4283);
#2739=LINE('',#17809,#4284);
#2740=LINE('',#17810,#4285);
#2741=LINE('',#17811,#4286);
#2742=LINE('',#17815,#4287);
#2743=LINE('',#17816,#4288);
#2744=LINE('',#17817,#4289);
#2745=LINE('',#17821,#4290);
#2746=LINE('',#17822,#4291);
#2747=LINE('',#17823,#4292);
#2748=LINE('',#17827,#4293);
#2749=LINE('',#17828,#4294);
#2750=LINE('',#17829,#4295);
#2751=LINE('',#17833,#4296);
#2752=LINE('',#17834,#4297);
#2753=LINE('',#17835,#4298);
#2754=LINE('',#17839,#4299);
#2755=LINE('',#17840,#4300);
#2756=LINE('',#17841,#4301);
#2757=LINE('',#17845,#4302);
#2758=LINE('',#17846,#4303);
#2759=LINE('',#17847,#4304);
#2760=LINE('',#17851,#4305);
#2761=LINE('',#17852,#4306);
#2762=LINE('',#17853,#4307);
#2763=LINE('',#17857,#4308);
#2764=LINE('',#17858,#4309);
#2765=LINE('',#17859,#4310);
#2766=LINE('',#17862,#4311);
#2767=LINE('',#17865,#4312);
#2768=LINE('',#17866,#4313);
#2769=LINE('',#17869,#4314);
#2770=LINE('',#17870,#4315);
#2771=LINE('',#17871,#4316);
#2772=LINE('',#17875,#4317);
#2773=LINE('',#17876,#4318);
#2774=LINE('',#17879,#4319);
#2775=LINE('',#17880,#4320);
#2776=LINE('',#17881,#4321);
#2777=LINE('',#17883,#4322);
#2778=LINE('',#17886,#4323);
#2779=LINE('',#17889,#4324);
#2780=LINE('',#17890,#4325);
#2781=LINE('',#17892,#4326);
#2782=LINE('',#17895,#4327);
#2783=LINE('',#17896,#4328);
#2784=LINE('',#17898,#4329);
#2785=LINE('',#17901,#4330);
#2786=LINE('',#17902,#4331);
#2787=LINE('',#17904,#4332);
#2788=LINE('',#17907,#4333);
#2789=LINE('',#17908,#4334);
#2790=LINE('',#17910,#4335);
#2791=LINE('',#17913,#4336);
#2792=LINE('',#17914,#4337);
#2793=LINE('',#17916,#4338);
#2794=LINE('',#17919,#4339);
#2795=LINE('',#17920,#4340);
#2796=LINE('',#17922,#4341);
#2797=LINE('',#17925,#4342);
#2798=LINE('',#17926,#4343);
#2799=LINE('',#17928,#4344);
#2800=LINE('',#17931,#4345);
#2801=LINE('',#17932,#4346);
#2802=LINE('',#17934,#4347);
#2803=LINE('',#17937,#4348);
#2804=LINE('',#17938,#4349);
#2805=LINE('',#17940,#4350);
#2806=LINE('',#17943,#4351);
#2807=LINE('',#17944,#4352);
#2808=LINE('',#17946,#4353);
#2809=LINE('',#17949,#4354);
#2810=LINE('',#17950,#4355);
#2811=LINE('',#17953,#4356);
#2812=LINE('',#17954,#4357);
#2813=LINE('',#17955,#4358);
#2814=LINE('',#17959,#4359);
#2815=LINE('',#17960,#4360);
#2816=LINE('',#17961,#4361);
#2817=LINE('',#17965,#4362);
#2818=LINE('',#17966,#4363);
#2819=LINE('',#17967,#4364);
#2820=LINE('',#17971,#4365);
#2821=LINE('',#17972,#4366);
#2822=LINE('',#17973,#4367);
#2823=LINE('',#17977,#4368);
#2824=LINE('',#17978,#4369);
#2825=LINE('',#17979,#4370);
#2826=LINE('',#17983,#4371);
#2827=LINE('',#17984,#4372);
#2828=LINE('',#17985,#4373);
#2829=LINE('',#17988,#4374);
#2830=LINE('',#17990,#4375);
#2831=LINE('',#17992,#4376);
#2832=LINE('',#17994,#4377);
#2833=LINE('',#17998,#4378);
#2834=LINE('',#17999,#4379);
#2835=LINE('',#18002,#4380);
#2836=LINE('',#18003,#4381);
#2837=LINE('',#18005,#4382);
#2838=LINE('',#18007,#4383);
#2839=LINE('',#18010,#4384);
#2840=LINE('',#18011,#4385);
#2841=LINE('',#18014,#4386);
#2842=LINE('',#18015,#4387);
#2843=LINE('',#18017,#4388);
#2844=LINE('',#18019,#4389);
#2845=LINE('',#18022,#4390);
#2846=LINE('',#18023,#4391);
#2847=LINE('',#18026,#4392);
#2848=LINE('',#18027,#4393);
#2849=LINE('',#18029,#4394);
#2850=LINE('',#18032,#4395);
#2851=LINE('',#18033,#4396);
#2852=LINE('',#18035,#4397);
#2853=LINE('',#18037,#4398);
#2854=LINE('',#18040,#4399);
#2855=LINE('',#18041,#4400);
#2856=LINE('',#18044,#4401);
#2857=LINE('',#18045,#4402);
#2858=LINE('',#18047,#4403);
#2859=LINE('',#18050,#4404);
#2860=LINE('',#18051,#4405);
#2861=LINE('',#18053,#4406);
#2862=LINE('',#18056,#4407);
#2863=LINE('',#18057,#4408);
#2864=LINE('',#18059,#4409);
#2865=LINE('',#18061,#4410);
#2866=LINE('',#18064,#4411);
#2867=LINE('',#18065,#4412);
#2868=LINE('',#18068,#4413);
#2869=LINE('',#18069,#4414);
#2870=LINE('',#18071,#4415);
#2871=LINE('',#18074,#4416);
#2872=LINE('',#18075,#4417);
#2873=LINE('',#18077,#4418);
#2874=LINE('',#18080,#4419);
#2875=LINE('',#18081,#4420);
#2876=LINE('',#18083,#4421);
#2877=LINE('',#18086,#4422);
#2878=LINE('',#18087,#4423);
#2879=LINE('',#18089,#4424);
#2880=LINE('',#18091,#4425);
#2881=LINE('',#18094,#4426);
#2882=LINE('',#18095,#4427);
#2883=LINE('',#18097,#4428);
#2884=LINE('',#18100,#4429);
#2885=LINE('',#18101,#4430);
#2886=LINE('',#18104,#4431);
#2887=LINE('',#18105,#4432);
#2888=LINE('',#18107,#4433);
#2889=LINE('',#18110,#4434);
#2890=LINE('',#18111,#4435);
#2891=LINE('',#18113,#4436);
#2892=LINE('',#18115,#4437);
#2893=LINE('',#18118,#4438);
#2894=LINE('',#18119,#4439);
#2895=LINE('',#18122,#4440);
#2896=LINE('',#18123,#4441);
#2897=LINE('',#18125,#4442);
#2898=LINE('',#18128,#4443);
#2899=LINE('',#18129,#4444);
#2900=LINE('',#18131,#4445);
#2901=LINE('',#18133,#4446);
#2902=LINE('',#18136,#4447);
#2903=LINE('',#18137,#4448);
#2904=LINE('',#18140,#4449);
#2905=LINE('',#18141,#4450);
#2906=LINE('',#18143,#4451);
#2907=LINE('',#18146,#4452);
#2908=LINE('',#18147,#4453);
#2909=LINE('',#18149,#4454);
#2910=LINE('',#18152,#4455);
#2911=LINE('',#18153,#4456);
#2912=LINE('',#18155,#4457);
#2913=LINE('',#18158,#4458);
#2914=LINE('',#18159,#4459);
#2915=LINE('',#18161,#4460);
#2916=LINE('',#18164,#4461);
#2917=LINE('',#18165,#4462);
#2918=LINE('',#18167,#4463);
#2919=LINE('',#18170,#4464);
#2920=LINE('',#18171,#4465);
#2921=LINE('',#18173,#4466);
#2922=LINE('',#18176,#4467);
#2923=LINE('',#18177,#4468);
#2924=LINE('',#18179,#4469);
#2925=LINE('',#18181,#4470);
#2926=LINE('',#18184,#4471);
#2927=LINE('',#18185,#4472);
#2928=LINE('',#18187,#4473);
#2929=LINE('',#18190,#4474);
#2930=LINE('',#18191,#4475);
#2931=LINE('',#18194,#4476);
#2932=LINE('',#18195,#4477);
#2933=LINE('',#18197,#4478);
#2934=LINE('',#18200,#4479);
#2935=LINE('',#18201,#4480);
#2936=LINE('',#18203,#4481);
#2937=LINE('',#18205,#4482);
#2938=LINE('',#18208,#4483);
#2939=LINE('',#18209,#4484);
#2940=LINE('',#18212,#4485);
#2941=LINE('',#18213,#4486);
#2942=LINE('',#18215,#4487);
#2943=LINE('',#18217,#4488);
#2944=LINE('',#18220,#4489);
#2945=LINE('',#18221,#4490);
#2946=LINE('',#18224,#4491);
#2947=LINE('',#18225,#4492);
#2948=LINE('',#18227,#4493);
#2949=LINE('',#18230,#4494);
#2950=LINE('',#18231,#4495);
#2951=LINE('',#18233,#4496);
#2952=LINE('',#18236,#4497);
#2953=LINE('',#18237,#4498);
#2954=LINE('',#18239,#4499);
#2955=LINE('',#18241,#4500);
#2956=LINE('',#18244,#4501);
#2957=LINE('',#18245,#4502);
#2958=LINE('',#18248,#4503);
#2959=LINE('',#18249,#4504);
#2960=LINE('',#18251,#4505);
#2961=LINE('',#18254,#4506);
#2962=LINE('',#18255,#4507);
#2963=LINE('',#18257,#4508);
#2964=LINE('',#18260,#4509);
#2965=LINE('',#18261,#4510);
#2966=LINE('',#18263,#4511);
#2967=LINE('',#18266,#4512);
#2968=LINE('',#18267,#4513);
#2969=LINE('',#18269,#4514);
#2970=LINE('',#18272,#4515);
#2971=LINE('',#18273,#4516);
#2972=LINE('',#18275,#4517);
#2973=LINE('',#18277,#4518);
#2974=LINE('',#18279,#4519);
#2975=LINE('',#18281,#4520);
#2976=LINE('',#18284,#4521);
#2977=LINE('',#18286,#4522);
#2978=LINE('',#18288,#4523);
#2979=LINE('',#18290,#4524);
#2980=LINE('',#18292,#4525);
#2981=LINE('',#18294,#4526);
#2982=LINE('',#18296,#4527);
#2983=LINE('',#18298,#4528);
#2984=LINE('',#18300,#4529);
#2985=LINE('',#18302,#4530);
#2986=LINE('',#18304,#4531);
#2987=LINE('',#18306,#4532);
#2988=LINE('',#18308,#4533);
#2989=LINE('',#18310,#4534);
#2990=LINE('',#18312,#4535);
#2991=LINE('',#18314,#4536);
#2992=LINE('',#18316,#4537);
#2993=LINE('',#18318,#4538);
#2994=LINE('',#18320,#4539);
#2995=LINE('',#18322,#4540);
#2996=LINE('',#18324,#4541);
#2997=LINE('',#18326,#4542);
#2998=LINE('',#18328,#4543);
#2999=LINE('',#18330,#4544);
#3000=LINE('',#18332,#4545);
#3001=LINE('',#18334,#4546);
#3002=LINE('',#18336,#4547);
#3003=LINE('',#18338,#4548);
#3004=LINE('',#18340,#4549);
#3005=LINE('',#18342,#4550);
#3006=LINE('',#18344,#4551);
#3007=LINE('',#18345,#4552);
#3008=LINE('',#18347,#4553);
#3009=LINE('',#18349,#4554);
#3010=LINE('',#18351,#4555);
#3011=LINE('',#18352,#4556);
#3012=LINE('',#18354,#4557);
#3013=LINE('',#18357,#4558);
#3014=LINE('',#18358,#4559);
#3015=LINE('',#18361,#4560);
#3016=LINE('',#18363,#4561);
#3017=LINE('',#18364,#4562);
#3018=LINE('',#18366,#4563);
#3019=LINE('',#18369,#4564);
#3020=LINE('',#18370,#4565);
#3021=LINE('',#18373,#4566);
#3022=LINE('',#18374,#4567);
#3023=LINE('',#18377,#4568);
#3024=LINE('',#18379,#4569);
#3025=LINE('',#18380,#4570);
#3026=LINE('',#18383,#4571);
#3027=LINE('',#18385,#4572);
#3028=LINE('',#18386,#4573);
#3029=LINE('',#18389,#4574);
#3030=LINE('',#18391,#4575);
#3031=LINE('',#18393,#4576);
#3032=LINE('',#18394,#4577);
#3033=LINE('',#18397,#4578);
#3034=LINE('',#18399,#4579);
#3035=LINE('',#18400,#4580);
#3036=LINE('',#18403,#4581);
#3037=LINE('',#18405,#4582);
#3038=LINE('',#18407,#4583);
#3039=LINE('',#18409,#4584);
#3040=LINE('',#18411,#4585);
#3041=LINE('',#18413,#4586);
#3042=LINE('',#18415,#4587);
#3043=LINE('',#18417,#4588);
#3044=LINE('',#18419,#4589);
#3045=LINE('',#18421,#4590);
#3046=LINE('',#18423,#4591);
#3047=LINE('',#18425,#4592);
#3048=LINE('',#18427,#4593);
#3049=LINE('',#18429,#4594);
#3050=LINE('',#18431,#4595);
#3051=LINE('',#18433,#4596);
#3052=LINE('',#18435,#4597);
#3053=LINE('',#18437,#4598);
#3054=LINE('',#18439,#4599);
#3055=LINE('',#18441,#4600);
#3056=LINE('',#18443,#4601);
#3057=LINE('',#18445,#4602);
#3058=LINE('',#18447,#4603);
#3059=LINE('',#18449,#4604);
#3060=LINE('',#18451,#4605);
#3061=LINE('',#18452,#4606);
#3062=LINE('',#18454,#4607);
#3063=LINE('',#18457,#4608);
#3064=LINE('',#18459,#4609);
#3065=LINE('',#18460,#4610);
#3066=LINE('',#18462,#4611);
#3067=LINE('',#18465,#4612);
#3068=LINE('',#18467,#4613);
#3069=LINE('',#18468,#4614);
#3070=VECTOR('',#12325,10.);
#3071=VECTOR('',#12326,1.);
#3072=VECTOR('',#12327,1.);
#3073=VECTOR('',#12328,1.);
#3074=VECTOR('',#12329,1.);
#3075=VECTOR('',#12330,1.);
#3076=VECTOR('',#12331,1.);
#3077=VECTOR('',#12332,1.);
#3078=VECTOR('',#12333,1.);
#3079=VECTOR('',#12334,1.);
#3080=VECTOR('',#12335,1.);
#3081=VECTOR('',#12336,1.);
#3082=VECTOR('',#12337,1.);
#3083=VECTOR('',#12338,1.);
#3084=VECTOR('',#12339,1.);
#3085=VECTOR('',#12340,1.);
#3086=VECTOR('',#12341,1.);
#3087=VECTOR('',#12342,1.);
#3088=VECTOR('',#12343,1.);
#3089=VECTOR('',#12344,1.);
#3090=VECTOR('',#12345,1.);
#3091=VECTOR('',#12346,1.);
#3092=VECTOR('',#12347,1.);
#3093=VECTOR('',#12348,1.);
#3094=VECTOR('',#12349,1.);
#3095=VECTOR('',#12350,1.);
#3096=VECTOR('',#12351,1.);
#3097=VECTOR('',#12352,1.);
#3098=VECTOR('',#12353,1.);
#3099=VECTOR('',#12354,1.);
#3100=VECTOR('',#12355,1.);
#3101=VECTOR('',#12356,1.);
#3102=VECTOR('',#12357,1.);
#3103=VECTOR('',#12358,1.);
#3104=VECTOR('',#12359,1.);
#3105=VECTOR('',#12360,1.);
#3106=VECTOR('',#12361,1.);
#3107=VECTOR('',#12362,1.);
#3108=VECTOR('',#12363,1.);
#3109=VECTOR('',#12364,1.);
#3110=VECTOR('',#12365,1.);
#3111=VECTOR('',#12366,1.);
#3112=VECTOR('',#12367,1.);
#3113=VECTOR('',#12368,1.);
#3114=VECTOR('',#12369,1.);
#3115=VECTOR('',#12370,1.);
#3116=VECTOR('',#12371,1.);
#3117=VECTOR('',#12372,1.);
#3118=VECTOR('',#12373,1.);
#3119=VECTOR('',#12374,1.);
#3120=VECTOR('',#12375,1.);
#3121=VECTOR('',#12376,1.);
#3122=VECTOR('',#12377,1.);
#3123=VECTOR('',#12378,1.);
#3124=VECTOR('',#12379,1.);
#3125=VECTOR('',#12380,1.);
#3126=VECTOR('',#12381,1.);
#3127=VECTOR('',#12382,1.);
#3128=VECTOR('',#12383,1.);
#3129=VECTOR('',#12384,1.);
#3130=VECTOR('',#12385,1.);
#3131=VECTOR('',#12386,1.);
#3132=VECTOR('',#12387,1.);
#3133=VECTOR('',#12388,1.);
#3134=VECTOR('',#12389,1.);
#3135=VECTOR('',#12390,1.);
#3136=VECTOR('',#12391,1.);
#3137=VECTOR('',#12392,1.);
#3138=VECTOR('',#12395,10.);
#3139=VECTOR('',#12396,1.);
#3140=VECTOR('',#12397,1.);
#3141=VECTOR('',#12400,1.);
#3142=VECTOR('',#12401,1.);
#3143=VECTOR('',#12402,1.);
#3144=VECTOR('',#12403,10.);
#3145=VECTOR('',#12406,1.);
#3146=VECTOR('',#12407,1.);
#3147=VECTOR('',#12408,1.);
#3148=VECTOR('',#12409,1.);
#3149=VECTOR('',#12410,1.);
#3150=VECTOR('',#12411,1.);
#3151=VECTOR('',#12412,1.);
#3152=VECTOR('',#12413,1.);
#3153=VECTOR('',#12414,1.);
#3154=VECTOR('',#12415,1.);
#3155=VECTOR('',#12416,1.);
#3156=VECTOR('',#12417,1.);
#3157=VECTOR('',#12418,1.);
#3158=VECTOR('',#12419,1.);
#3159=VECTOR('',#12420,1.);
#3160=VECTOR('',#12421,1.);
#3161=VECTOR('',#12422,1.);
#3162=VECTOR('',#12423,1.);
#3163=VECTOR('',#12424,1.);
#3164=VECTOR('',#12425,1.);
#3165=VECTOR('',#12426,1.);
#3166=VECTOR('',#12427,1.);
#3167=VECTOR('',#12428,1.);
#3168=VECTOR('',#12429,1.);
#3169=VECTOR('',#12430,1.);
#3170=VECTOR('',#12431,1.);
#3171=VECTOR('',#12432,1.);
#3172=VECTOR('',#12433,1.);
#3173=VECTOR('',#12434,1.);
#3174=VECTOR('',#12435,1.);
#3175=VECTOR('',#12436,1.);
#3176=VECTOR('',#12437,1.);
#3177=VECTOR('',#12438,1.);
#3178=VECTOR('',#12439,1.);
#3179=VECTOR('',#12440,1.);
#3180=VECTOR('',#12441,1.);
#3181=VECTOR('',#12442,1.);
#3182=VECTOR('',#12443,1.);
#3183=VECTOR('',#12444,1.);
#3184=VECTOR('',#12445,1.);
#3185=VECTOR('',#12446,1.);
#3186=VECTOR('',#12447,1.);
#3187=VECTOR('',#12448,1.);
#3188=VECTOR('',#12449,1.);
#3189=VECTOR('',#12450,1.);
#3190=VECTOR('',#12451,1.);
#3191=VECTOR('',#12452,1.);
#3192=VECTOR('',#12453,1.);
#3193=VECTOR('',#12454,1.);
#3194=VECTOR('',#12455,1.);
#3195=VECTOR('',#12456,1.);
#3196=VECTOR('',#12457,1.);
#3197=VECTOR('',#12458,1.);
#3198=VECTOR('',#12459,1.);
#3199=VECTOR('',#12460,1.);
#3200=VECTOR('',#12461,1.);
#3201=VECTOR('',#12462,1.);
#3202=VECTOR('',#12463,1.);
#3203=VECTOR('',#12464,1.);
#3204=VECTOR('',#12465,1.);
#3205=VECTOR('',#12466,1.);
#3206=VECTOR('',#12467,1.);
#3207=VECTOR('',#12468,1.);
#3208=VECTOR('',#12469,1.);
#3209=VECTOR('',#12470,1.);
#3210=VECTOR('',#12471,1.);
#3211=VECTOR('',#12472,1.);
#3212=VECTOR('',#12473,1.);
#3213=VECTOR('',#12474,1.);
#3214=VECTOR('',#12475,1.);
#3215=VECTOR('',#12476,1.);
#3216=VECTOR('',#12477,1.);
#3217=VECTOR('',#12478,1.);
#3218=VECTOR('',#12479,1.);
#3219=VECTOR('',#12480,1.);
#3220=VECTOR('',#12481,1.);
#3221=VECTOR('',#12482,1.);
#3222=VECTOR('',#12483,1.);
#3223=VECTOR('',#12484,1.);
#3224=VECTOR('',#12485,1.);
#3225=VECTOR('',#12486,1.);
#3226=VECTOR('',#12487,1.);
#3227=VECTOR('',#12488,1.);
#3228=VECTOR('',#12489,1.);
#3229=VECTOR('',#12492,1.);
#3230=VECTOR('',#12493,1.);
#3231=VECTOR('',#12494,1.);
#3232=VECTOR('',#12495,10.);
#3233=VECTOR('',#12498,1.);
#3234=VECTOR('',#12499,1.);
#3235=VECTOR('',#12500,1.);
#3236=VECTOR('',#12501,1.);
#3237=VECTOR('',#12502,1.);
#3238=VECTOR('',#12503,1.);
#3239=VECTOR('',#12504,1.);
#3240=VECTOR('',#12505,1.);
#3241=VECTOR('',#12506,1.);
#3242=VECTOR('',#12507,1.);
#3243=VECTOR('',#12508,1.);
#3244=VECTOR('',#12509,1.);
#3245=VECTOR('',#12510,1.);
#3246=VECTOR('',#12511,1.);
#3247=VECTOR('',#12512,1.);
#3248=VECTOR('',#12513,1.);
#3249=VECTOR('',#12514,1.);
#3250=VECTOR('',#12515,1.);
#3251=VECTOR('',#12516,1.);
#3252=VECTOR('',#12517,1.);
#3253=VECTOR('',#12518,1.);
#3254=VECTOR('',#12519,1.);
#3255=VECTOR('',#12520,1.);
#3256=VECTOR('',#12521,1.);
#3257=VECTOR('',#12522,1.);
#3258=VECTOR('',#12523,1.);
#3259=VECTOR('',#12524,1.);
#3260=VECTOR('',#12525,1.);
#3261=VECTOR('',#12526,1.);
#3262=VECTOR('',#12527,1.);
#3263=VECTOR('',#12528,1.);
#3264=VECTOR('',#12529,1.);
#3265=VECTOR('',#12530,1.);
#3266=VECTOR('',#12531,1.);
#3267=VECTOR('',#12532,1.);
#3268=VECTOR('',#12533,1.);
#3269=VECTOR('',#12534,1.);
#3270=VECTOR('',#12535,1.);
#3271=VECTOR('',#12536,1.);
#3272=VECTOR('',#12537,1.);
#3273=VECTOR('',#12538,1.);
#3274=VECTOR('',#12539,1.);
#3275=VECTOR('',#12540,1.);
#3276=VECTOR('',#12541,1.);
#3277=VECTOR('',#12542,1.);
#3278=VECTOR('',#12543,1.);
#3279=VECTOR('',#12544,1.);
#3280=VECTOR('',#12545,1.);
#3281=VECTOR('',#12546,1.);
#3282=VECTOR('',#12547,1.);
#3283=VECTOR('',#12548,1.);
#3284=VECTOR('',#12549,1.);
#3285=VECTOR('',#12550,1.);
#3286=VECTOR('',#12551,1.);
#3287=VECTOR('',#12552,1.);
#3288=VECTOR('',#12553,1.);
#3289=VECTOR('',#12554,1.);
#3290=VECTOR('',#12555,1.);
#3291=VECTOR('',#12556,1.);
#3292=VECTOR('',#12557,1.);
#3293=VECTOR('',#12558,1.);
#3294=VECTOR('',#12559,1.);
#3295=VECTOR('',#12560,1.);
#3296=VECTOR('',#12561,1.);
#3297=VECTOR('',#12562,1.);
#3298=VECTOR('',#12563,1.);
#3299=VECTOR('',#12564,1.);
#3300=VECTOR('',#12565,1.);
#3301=VECTOR('',#12566,1.);
#3302=VECTOR('',#12567,1.);
#3303=VECTOR('',#12568,1.);
#3304=VECTOR('',#12569,1.);
#3305=VECTOR('',#12570,1.);
#3306=VECTOR('',#12571,1.);
#3307=VECTOR('',#12572,1.);
#3308=VECTOR('',#12573,1.);
#3309=VECTOR('',#12574,1.);
#3310=VECTOR('',#12575,1.);
#3311=VECTOR('',#12576,1.);
#3312=VECTOR('',#12577,1.);
#3313=VECTOR('',#12578,1.);
#3314=VECTOR('',#12579,1.);
#3315=VECTOR('',#12580,1.);
#3316=VECTOR('',#12581,1.);
#3317=VECTOR('',#12584,10.);
#3318=VECTOR('',#12585,1.);
#3319=VECTOR('',#12586,1.);
#3320=VECTOR('',#12587,1.);
#3321=VECTOR('',#12588,1.);
#3322=VECTOR('',#12589,1.);
#3323=VECTOR('',#12590,1.);
#3324=VECTOR('',#12591,1.);
#3325=VECTOR('',#12592,1.);
#3326=VECTOR('',#12593,1.);
#3327=VECTOR('',#12594,1.);
#3328=VECTOR('',#12595,1.);
#3329=VECTOR('',#12596,1.);
#3330=VECTOR('',#12597,1.);
#3331=VECTOR('',#12598,1.);
#3332=VECTOR('',#12599,1.);
#3333=VECTOR('',#12600,1.);
#3334=VECTOR('',#12601,1.);
#3335=VECTOR('',#12602,1.);
#3336=VECTOR('',#12603,1.);
#3337=VECTOR('',#12604,1.);
#3338=VECTOR('',#12605,1.);
#3339=VECTOR('',#12606,1.);
#3340=VECTOR('',#12607,1.);
#3341=VECTOR('',#12608,1.);
#3342=VECTOR('',#12609,1.);
#3343=VECTOR('',#12610,1.);
#3344=VECTOR('',#12611,1.);
#3345=VECTOR('',#12612,1.);
#3346=VECTOR('',#12613,1.);
#3347=VECTOR('',#12614,1.);
#3348=VECTOR('',#12615,1.);
#3349=VECTOR('',#12616,1.);
#3350=VECTOR('',#12617,1.);
#3351=VECTOR('',#12618,1.);
#3352=VECTOR('',#12619,1.);
#3353=VECTOR('',#12620,1.);
#3354=VECTOR('',#12621,1.);
#3355=VECTOR('',#12622,1.);
#3356=VECTOR('',#12623,1.);
#3357=VECTOR('',#12624,1.);
#3358=VECTOR('',#12625,1.);
#3359=VECTOR('',#12626,1.);
#3360=VECTOR('',#12627,1.);
#3361=VECTOR('',#12628,1.);
#3362=VECTOR('',#12629,1.);
#3363=VECTOR('',#12630,1.);
#3364=VECTOR('',#12631,1.);
#3365=VECTOR('',#12632,1.);
#3366=VECTOR('',#12633,1.);
#3367=VECTOR('',#12634,1.);
#3368=VECTOR('',#12635,1.);
#3369=VECTOR('',#12636,1.);
#3370=VECTOR('',#12637,1.);
#3371=VECTOR('',#12638,1.);
#3372=VECTOR('',#12639,1.);
#3373=VECTOR('',#12640,1.);
#3374=VECTOR('',#12641,1.);
#3375=VECTOR('',#12642,1.);
#3376=VECTOR('',#12643,1.);
#3377=VECTOR('',#12644,1.);
#3378=VECTOR('',#12645,1.);
#3379=VECTOR('',#12646,1.);
#3380=VECTOR('',#12647,1.);
#3381=VECTOR('',#12648,1.);
#3382=VECTOR('',#12649,1.);
#3383=VECTOR('',#12650,1.);
#3384=VECTOR('',#12651,1.);
#3385=VECTOR('',#12652,1.);
#3386=VECTOR('',#12653,1.);
#3387=VECTOR('',#12654,1.);
#3388=VECTOR('',#12655,1.);
#3389=VECTOR('',#12658,10.);
#3390=VECTOR('',#12659,1.);
#3391=VECTOR('',#12660,1.);
#3392=VECTOR('',#12663,1.);
#3393=VECTOR('',#12664,1.);
#3394=VECTOR('',#12665,1.);
#3395=VECTOR('',#12668,1.);
#3396=VECTOR('',#12669,1.);
#3397=VECTOR('',#12670,1.);
#3398=VECTOR('',#12671,1.);
#3399=VECTOR('',#12672,1.);
#3400=VECTOR('',#12673,1.);
#3401=VECTOR('',#12674,1.);
#3402=VECTOR('',#12675,1.);
#3403=VECTOR('',#12676,1.);
#3404=VECTOR('',#12677,1.);
#3405=VECTOR('',#12678,1.);
#3406=VECTOR('',#12679,1.);
#3407=VECTOR('',#12680,1.);
#3408=VECTOR('',#12681,1.);
#3409=VECTOR('',#12682,1.);
#3410=VECTOR('',#12683,1.);
#3411=VECTOR('',#12684,1.);
#3412=VECTOR('',#12685,1.);
#3413=VECTOR('',#12686,1.);
#3414=VECTOR('',#12689,1.);
#3415=VECTOR('',#12690,1.);
#3416=VECTOR('',#12693,1.);
#3417=VECTOR('',#12694,1.);
#3418=VECTOR('',#12695,1.);
#3419=VECTOR('',#12696,1.);
#3420=VECTOR('',#12699,1.);
#3421=VECTOR('',#12700,1.);
#3422=VECTOR('',#12701,1.);
#3423=VECTOR('',#12704,1.);
#3424=VECTOR('',#12707,1.);
#3425=VECTOR('',#12708,1.);
#3426=VECTOR('',#12711,1.);
#3427=VECTOR('',#12712,1.);
#3428=VECTOR('',#12713,1.);
#3429=VECTOR('',#12718,1.);
#3430=VECTOR('',#12719,1.);
#3431=VECTOR('',#12720,1.);
#3432=VECTOR('',#12725,1.);
#3433=VECTOR('',#12726,1.);
#3434=VECTOR('',#12727,1.);
#3435=VECTOR('',#12732,1.);
#3436=VECTOR('',#12733,1.);
#3437=VECTOR('',#12734,1.);
#3438=VECTOR('',#12739,1.);
#3439=VECTOR('',#12740,1.);
#3440=VECTOR('',#12743,1.);
#3441=VECTOR('',#12744,1.);
#3442=VECTOR('',#12745,1.);
#3443=VECTOR('',#12748,1.);
#3444=VECTOR('',#12753,1.);
#3445=VECTOR('',#12754,1.);
#3446=VECTOR('',#12755,1.);
#3447=VECTOR('',#12760,1.);
#3448=VECTOR('',#12761,1.);
#3449=VECTOR('',#12762,1.);
#3450=VECTOR('',#12767,1.);
#3451=VECTOR('',#12768,1.);
#3452=VECTOR('',#12769,1.);
#3453=VECTOR('',#12774,1.);
#3454=VECTOR('',#12775,1.);
#3455=VECTOR('',#12778,1.);
#3456=VECTOR('',#12779,1.);
#3457=VECTOR('',#12780,1.);
#3458=VECTOR('',#12785,1.);
#3459=VECTOR('',#12788,1.);
#3460=VECTOR('',#12791,1.);
#3461=VECTOR('',#12792,1.);
#3462=VECTOR('',#12795,1.);
#3463=VECTOR('',#12798,1.);
#3464=VECTOR('',#12799,1.);
#3465=VECTOR('',#12802,1.);
#3466=VECTOR('',#12803,1.);
#3467=VECTOR('',#12806,1.);
#3468=VECTOR('',#12809,1.);
#3469=VECTOR('',#12812,1.);
#3470=VECTOR('',#12813,1.);
#3471=VECTOR('',#12816,1.);
#3472=VECTOR('',#12819,1.);
#3473=VECTOR('',#12820,1.);
#3474=VECTOR('',#12823,1.);
#3475=VECTOR('',#12826,1.);
#3476=VECTOR('',#12827,1.);
#3477=VECTOR('',#12830,1.);
#3478=VECTOR('',#12833,1.);
#3479=VECTOR('',#12834,1.);
#3480=VECTOR('',#12837,1.);
#3481=VECTOR('',#12838,1.);
#3482=VECTOR('',#12841,1.);
#3483=VECTOR('',#12844,1.);
#3484=VECTOR('',#12847,1.);
#3485=VECTOR('',#12848,1.);
#3486=VECTOR('',#12851,1.);
#3487=VECTOR('',#12854,1.);
#3488=VECTOR('',#12855,1.);
#3489=VECTOR('',#12858,1.);
#3490=VECTOR('',#12861,1.);
#3491=VECTOR('',#12862,1.);
#3492=VECTOR('',#12865,1.);
#3493=VECTOR('',#12866,1.);
#3494=VECTOR('',#12869,1.);
#3495=VECTOR('',#12870,1.);
#3496=VECTOR('',#12871,1.);
#3497=VECTOR('',#12874,1.);
#3498=VECTOR('',#12879,1.);
#3499=VECTOR('',#12880,1.);
#3500=VECTOR('',#12881,1.);
#3501=VECTOR('',#12886,1.);
#3502=VECTOR('',#12887,1.);
#3503=VECTOR('',#12888,1.);
#3504=VECTOR('',#12893,1.);
#3505=VECTOR('',#12894,1.);
#3506=VECTOR('',#12895,1.);
#3507=VECTOR('',#12900,1.);
#3508=VECTOR('',#12901,1.);
#3509=VECTOR('',#12902,1.);
#3510=VECTOR('',#12907,1.);
#3511=VECTOR('',#12908,1.);
#3512=VECTOR('',#12909,1.);
#3513=VECTOR('',#12914,1.);
#3514=VECTOR('',#12915,1.);
#3515=VECTOR('',#12916,1.);
#3516=VECTOR('',#12921,1.);
#3517=VECTOR('',#12924,1.);
#3518=VECTOR('',#12925,1.);
#3519=VECTOR('',#12928,1.);
#3520=VECTOR('',#12929,1.);
#3521=VECTOR('',#12930,1.);
#3522=VECTOR('',#12935,1.);
#3523=VECTOR('',#12936,1.);
#3524=VECTOR('',#12937,1.);
#3525=VECTOR('',#12942,1.);
#3526=VECTOR('',#12943,1.);
#3527=VECTOR('',#12944,1.);
#3528=VECTOR('',#12949,1.);
#3529=VECTOR('',#12950,1.);
#3530=VECTOR('',#12951,1.);
#3531=VECTOR('',#12956,1.);
#3532=VECTOR('',#12957,1.);
#3533=VECTOR('',#12958,1.);
#3534=VECTOR('',#12963,1.);
#3535=VECTOR('',#12964,1.);
#3536=VECTOR('',#12967,1.);
#3537=VECTOR('',#12968,1.);
#3538=VECTOR('',#12969,1.);
#3539=VECTOR('',#12974,1.);
#3540=VECTOR('',#12975,1.);
#3541=VECTOR('',#12976,1.);
#3542=VECTOR('',#12979,1.);
#3543=VECTOR('',#12984,1.);
#3544=VECTOR('',#12985,1.);
#3545=VECTOR('',#12986,1.);
#3546=VECTOR('',#12991,1.);
#3547=VECTOR('',#12992,1.);
#3548=VECTOR('',#12995,1.);
#3549=VECTOR('',#12996,1.);
#3550=VECTOR('',#12997,1.);
#3551=VECTOR('',#13000,1.);
#3552=VECTOR('',#13005,1.);
#3553=VECTOR('',#13008,1.);
#3554=VECTOR('',#13009,1.);
#3555=VECTOR('',#13012,1.);
#3556=VECTOR('',#13013,1.);
#3557=VECTOR('',#13016,1.);
#3558=VECTOR('',#13019,1.);
#3559=VECTOR('',#13022,1.);
#3560=VECTOR('',#13023,1.);
#3561=VECTOR('',#13026,1.);
#3562=VECTOR('',#13027,1.);
#3563=VECTOR('',#13030,1.);
#3564=VECTOR('',#13033,1.);
#3565=VECTOR('',#13034,1.);
#3566=VECTOR('',#13037,1.);
#3567=VECTOR('',#13040,1.);
#3568=VECTOR('',#13043,1.);
#3569=VECTOR('',#13044,1.);
#3570=VECTOR('',#13047,1.);
#3571=VECTOR('',#13048,1.);
#3572=VECTOR('',#13051,1.);
#3573=VECTOR('',#13054,1.);
#3574=VECTOR('',#13057,1.);
#3575=VECTOR('',#13058,1.);
#3576=VECTOR('',#13061,1.);
#3577=VECTOR('',#13064,1.);
#3578=VECTOR('',#13065,1.);
#3579=VECTOR('',#13068,1.);
#3580=VECTOR('',#13069,1.);
#3581=VECTOR('',#13072,1.);
#3582=VECTOR('',#13075,1.);
#3583=VECTOR('',#13078,1.);
#3584=VECTOR('',#13079,1.);
#3585=VECTOR('',#13082,1.);
#3586=VECTOR('',#13085,1.);
#3587=VECTOR('',#13086,1.);
#3588=VECTOR('',#13089,1.);
#3589=VECTOR('',#13092,1.);
#3590=VECTOR('',#13093,1.);
#3591=VECTOR('',#13096,1.);
#3592=VECTOR('',#13097,1.);
#3593=VECTOR('',#13100,1.);
#3594=VECTOR('',#13101,1.);
#3595=VECTOR('',#13102,1.);
#3596=VECTOR('',#13105,1.);
#3597=VECTOR('',#13110,1.);
#3598=VECTOR('',#13111,1.);
#3599=VECTOR('',#13112,1.);
#3600=VECTOR('',#13117,1.);
#3601=VECTOR('',#13118,1.);
#3602=VECTOR('',#13119,1.);
#3603=VECTOR('',#13124,1.);
#3604=VECTOR('',#13125,1.);
#3605=VECTOR('',#13126,1.);
#3606=VECTOR('',#13131,1.);
#3607=VECTOR('',#13132,1.);
#3608=VECTOR('',#13133,1.);
#3609=VECTOR('',#13138,1.);
#3610=VECTOR('',#13139,1.);
#3611=VECTOR('',#13142,1.);
#3612=VECTOR('',#13143,1.);
#3613=VECTOR('',#13144,1.);
#3614=VECTOR('',#13147,1.);
#3615=VECTOR('',#13148,1.);
#3616=VECTOR('',#13151,1.);
#3617=VECTOR('',#13152,1.);
#3618=VECTOR('',#13155,1.);
#3619=VECTOR('',#13156,1.);
#3620=VECTOR('',#13157,1.);
#3621=VECTOR('',#13158,1.);
#3622=VECTOR('',#13161,1.);
#3623=VECTOR('',#13162,1.);
#3624=VECTOR('',#13165,1.);
#3625=VECTOR('',#13166,1.);
#3626=VECTOR('',#13169,1.);
#3627=VECTOR('',#13170,1.);
#3628=VECTOR('',#13173,1.);
#3629=VECTOR('',#13174,1.);
#3630=VECTOR('',#13177,1.);
#3631=VECTOR('',#13178,1.);
#3632=VECTOR('',#13181,1.);
#3633=VECTOR('',#13182,1.);
#3634=VECTOR('',#13185,1.);
#3635=VECTOR('',#13186,1.);
#3636=VECTOR('',#13189,1.);
#3637=VECTOR('',#13190,1.);
#3638=VECTOR('',#13193,1.);
#3639=VECTOR('',#13194,1.);
#3640=VECTOR('',#13197,1.);
#3641=VECTOR('',#13198,1.);
#3642=VECTOR('',#13201,1.);
#3643=VECTOR('',#13202,1.);
#3644=VECTOR('',#13205,1.);
#3645=VECTOR('',#13206,1.);
#3646=VECTOR('',#13209,1.);
#3647=VECTOR('',#13210,1.);
#3648=VECTOR('',#13213,1.);
#3649=VECTOR('',#13214,1.);
#3650=VECTOR('',#13217,1.);
#3651=VECTOR('',#13218,1.);
#3652=VECTOR('',#13221,1.);
#3653=VECTOR('',#13222,1.);
#3654=VECTOR('',#13225,1.);
#3655=VECTOR('',#13226,1.);
#3656=VECTOR('',#13229,1.);
#3657=VECTOR('',#13230,1.);
#3658=VECTOR('',#13233,1.);
#3659=VECTOR('',#13234,1.);
#3660=VECTOR('',#13237,1.);
#3661=VECTOR('',#13238,1.);
#3662=VECTOR('',#13241,1.);
#3663=VECTOR('',#13242,1.);
#3664=VECTOR('',#13245,1.);
#3665=VECTOR('',#13246,1.);
#3666=VECTOR('',#13249,1.);
#3667=VECTOR('',#13250,1.);
#3668=VECTOR('',#13253,1.);
#3669=VECTOR('',#13254,1.);
#3670=VECTOR('',#13257,1.);
#3671=VECTOR('',#13258,1.);
#3672=VECTOR('',#13261,1.);
#3673=VECTOR('',#13262,1.);
#3674=VECTOR('',#13265,1.);
#3675=VECTOR('',#13266,1.);
#3676=VECTOR('',#13269,1.);
#3677=VECTOR('',#13270,1.);
#3678=VECTOR('',#13273,1.);
#3679=VECTOR('',#13274,1.);
#3680=VECTOR('',#13277,1.);
#3681=VECTOR('',#13278,1.);
#3682=VECTOR('',#13281,1.);
#3683=VECTOR('',#13282,1.);
#3684=VECTOR('',#13285,1.);
#3685=VECTOR('',#13286,1.);
#3686=VECTOR('',#13289,1.);
#3687=VECTOR('',#13290,1.);
#3688=VECTOR('',#13293,1.);
#3689=VECTOR('',#13294,1.);
#3690=VECTOR('',#13297,1.);
#3691=VECTOR('',#13298,1.);
#3692=VECTOR('',#13301,1.);
#3693=VECTOR('',#13302,1.);
#3694=VECTOR('',#13305,1.);
#3695=VECTOR('',#13306,1.);
#3696=VECTOR('',#13309,1.);
#3697=VECTOR('',#13310,1.);
#3698=VECTOR('',#13313,1.);
#3699=VECTOR('',#13314,1.);
#3700=VECTOR('',#13317,1.);
#3701=VECTOR('',#13318,1.);
#3702=VECTOR('',#13321,1.);
#3703=VECTOR('',#13322,1.);
#3704=VECTOR('',#13325,1.);
#3705=VECTOR('',#13326,1.);
#3706=VECTOR('',#13329,1.);
#3707=VECTOR('',#13330,1.);
#3708=VECTOR('',#13333,1.);
#3709=VECTOR('',#13334,1.);
#3710=VECTOR('',#13337,1.);
#3711=VECTOR('',#13338,1.);
#3712=VECTOR('',#13341,1.);
#3713=VECTOR('',#13342,1.);
#3714=VECTOR('',#13345,1.);
#3715=VECTOR('',#13346,1.);
#3716=VECTOR('',#13349,1.);
#3717=VECTOR('',#13350,1.);
#3718=VECTOR('',#13353,1.);
#3719=VECTOR('',#13354,1.);
#3720=VECTOR('',#13357,1.);
#3721=VECTOR('',#13358,1.);
#3722=VECTOR('',#13361,1.);
#3723=VECTOR('',#13362,1.);
#3724=VECTOR('',#13365,1.);
#3725=VECTOR('',#13366,1.);
#3726=VECTOR('',#13367,1.);
#3727=VECTOR('',#13370,1.);
#3728=VECTOR('',#13371,1.);
#3729=VECTOR('',#13374,1.);
#3730=VECTOR('',#13377,1.);
#3731=VECTOR('',#13378,1.);
#3732=VECTOR('',#13379,1.);
#3733=VECTOR('',#13382,1.);
#3734=VECTOR('',#13385,1.);
#3735=VECTOR('',#13386,1.);
#3736=VECTOR('',#13389,1.);
#3737=VECTOR('',#13390,1.);
#3738=VECTOR('',#13391,1.);
#3739=VECTOR('',#13394,1.);
#3740=VECTOR('',#13395,1.);
#3741=VECTOR('',#13398,1.);
#3742=VECTOR('',#13401,1.);
#3743=VECTOR('',#13402,1.);
#3744=VECTOR('',#13403,1.);
#3745=VECTOR('',#13406,1.);
#3746=VECTOR('',#13409,1.);
#3747=VECTOR('',#13410,1.);
#3748=VECTOR('',#13411,1.);
#3749=VECTOR('',#13414,1.);
#3750=VECTOR('',#13417,1.);
#3751=VECTOR('',#13418,1.);
#3752=VECTOR('',#13419,1.);
#3753=VECTOR('',#13422,1.);
#3754=VECTOR('',#13425,1.);
#3755=VECTOR('',#13426,1.);
#3756=VECTOR('',#13429,1.);
#3757=VECTOR('',#13430,1.);
#3758=VECTOR('',#13433,1.);
#3759=VECTOR('',#13434,1.);
#3760=VECTOR('',#13437,1.);
#3761=VECTOR('',#13438,1.);
#3762=VECTOR('',#13441,1.);
#3763=VECTOR('',#13442,1.);
#3764=VECTOR('',#13445,1.);
#3765=VECTOR('',#13446,1.);
#3766=VECTOR('',#13449,1.);
#3767=VECTOR('',#13450,1.);
#3768=VECTOR('',#13453,1.);
#3769=VECTOR('',#13454,1.);
#3770=VECTOR('',#13457,1.);
#3771=VECTOR('',#13458,1.);
#3772=VECTOR('',#13461,1.);
#3773=VECTOR('',#13462,1.);
#3774=VECTOR('',#13465,1.);
#3775=VECTOR('',#13466,1.);
#3776=VECTOR('',#13469,1.);
#3777=VECTOR('',#13470,1.);
#3778=VECTOR('',#13473,1.);
#3779=VECTOR('',#13474,1.);
#3780=VECTOR('',#13477,1.);
#3781=VECTOR('',#13478,1.);
#3782=VECTOR('',#13481,1.);
#3783=VECTOR('',#13482,1.);
#3784=VECTOR('',#13485,1.);
#3785=VECTOR('',#13486,1.);
#3786=VECTOR('',#13489,1.);
#3787=VECTOR('',#13490,1.);
#3788=VECTOR('',#13493,1.);
#3789=VECTOR('',#13494,1.);
#3790=VECTOR('',#13497,1.);
#3791=VECTOR('',#13498,1.);
#3792=VECTOR('',#13501,1.);
#3793=VECTOR('',#13502,1.);
#3794=VECTOR('',#13505,1.);
#3795=VECTOR('',#13506,1.);
#3796=VECTOR('',#13509,1.);
#3797=VECTOR('',#13510,1.);
#3798=VECTOR('',#13513,1.);
#3799=VECTOR('',#13514,1.);
#3800=VECTOR('',#13517,1.);
#3801=VECTOR('',#13518,1.);
#3802=VECTOR('',#13521,1.);
#3803=VECTOR('',#13522,1.);
#3804=VECTOR('',#13525,1.);
#3805=VECTOR('',#13526,1.);
#3806=VECTOR('',#13529,1.);
#3807=VECTOR('',#13530,1.);
#3808=VECTOR('',#13533,1.);
#3809=VECTOR('',#13534,1.);
#3810=VECTOR('',#13537,1.);
#3811=VECTOR('',#13538,1.);
#3812=VECTOR('',#13541,1.);
#3813=VECTOR('',#13544,1.);
#3814=VECTOR('',#13545,1.);
#3815=VECTOR('',#13548,1.);
#3816=VECTOR('',#13549,1.);
#3817=VECTOR('',#13550,1.);
#3818=VECTOR('',#13555,1.);
#3819=VECTOR('',#13556,1.);
#3820=VECTOR('',#13557,1.);
#3821=VECTOR('',#13562,1.);
#3822=VECTOR('',#13563,1.);
#3823=VECTOR('',#13564,1.);
#3824=VECTOR('',#13569,1.);
#3825=VECTOR('',#13570,1.);
#3826=VECTOR('',#13571,1.);
#3827=VECTOR('',#13576,1.);
#3828=VECTOR('',#13577,1.);
#3829=VECTOR('',#13578,1.);
#3830=VECTOR('',#13583,1.);
#3831=VECTOR('',#13584,1.);
#3832=VECTOR('',#13587,1.);
#3833=VECTOR('',#13588,1.);
#3834=VECTOR('',#13589,1.);
#3835=VECTOR('',#13594,1.);
#3836=VECTOR('',#13595,1.);
#3837=VECTOR('',#13596,1.);
#3838=VECTOR('',#13599,1.);
#3839=VECTOR('',#13604,1.);
#3840=VECTOR('',#13605,1.);
#3841=VECTOR('',#13606,1.);
#3842=VECTOR('',#13611,1.);
#3843=VECTOR('',#13612,1.);
#3844=VECTOR('',#13615,1.);
#3845=VECTOR('',#13616,1.);
#3846=VECTOR('',#13617,1.);
#3847=VECTOR('',#13620,1.);
#3848=VECTOR('',#13625,1.);
#3849=VECTOR('',#13628,1.);
#3850=VECTOR('',#13629,1.);
#3851=VECTOR('',#13632,1.);
#3852=VECTOR('',#13633,1.);
#3853=VECTOR('',#13636,1.);
#3854=VECTOR('',#13639,1.);
#3855=VECTOR('',#13642,1.);
#3856=VECTOR('',#13643,1.);
#3857=VECTOR('',#13646,1.);
#3858=VECTOR('',#13647,1.);
#3859=VECTOR('',#13650,1.);
#3860=VECTOR('',#13653,1.);
#3861=VECTOR('',#13654,1.);
#3862=VECTOR('',#13657,1.);
#3863=VECTOR('',#13660,1.);
#3864=VECTOR('',#13663,1.);
#3865=VECTOR('',#13664,1.);
#3866=VECTOR('',#13667,1.);
#3867=VECTOR('',#13668,1.);
#3868=VECTOR('',#13671,1.);
#3869=VECTOR('',#13674,1.);
#3870=VECTOR('',#13677,1.);
#3871=VECTOR('',#13678,1.);
#3872=VECTOR('',#13681,1.);
#3873=VECTOR('',#13684,1.);
#3874=VECTOR('',#13685,1.);
#3875=VECTOR('',#13688,1.);
#3876=VECTOR('',#13689,1.);
#3877=VECTOR('',#13692,1.);
#3878=VECTOR('',#13695,1.);
#3879=VECTOR('',#13698,1.);
#3880=VECTOR('',#13699,1.);
#3881=VECTOR('',#13702,1.);
#3882=VECTOR('',#13705,1.);
#3883=VECTOR('',#13706,1.);
#3884=VECTOR('',#13709,1.);
#3885=VECTOR('',#13712,1.);
#3886=VECTOR('',#13713,1.);
#3887=VECTOR('',#13716,1.);
#3888=VECTOR('',#13717,1.);
#3889=VECTOR('',#13720,1.);
#3890=VECTOR('',#13721,1.);
#3891=VECTOR('',#13722,1.);
#3892=VECTOR('',#13725,1.);
#3893=VECTOR('',#13730,1.);
#3894=VECTOR('',#13731,1.);
#3895=VECTOR('',#13732,1.);
#3896=VECTOR('',#13737,1.);
#3897=VECTOR('',#13738,1.);
#3898=VECTOR('',#13739,1.);
#3899=VECTOR('',#13744,1.);
#3900=VECTOR('',#13745,1.);
#3901=VECTOR('',#13746,1.);
#3902=VECTOR('',#13751,1.);
#3903=VECTOR('',#13752,1.);
#3904=VECTOR('',#13753,1.);
#3905=VECTOR('',#13758,1.);
#3906=VECTOR('',#13759,1.);
#3907=VECTOR('',#13762,1.);
#3908=VECTOR('',#13763,1.);
#3909=VECTOR('',#13764,1.);
#3910=VECTOR('',#13767,1.);
#3911=VECTOR('',#13770,1.);
#3912=VECTOR('',#13771,1.);
#3913=VECTOR('',#13772,1.);
#3914=VECTOR('',#13777,1.);
#3915=VECTOR('',#13778,1.);
#3916=VECTOR('',#13779,1.);
#3917=VECTOR('',#13784,1.);
#3918=VECTOR('',#13785,1.);
#3919=VECTOR('',#13786,1.);
#3920=VECTOR('',#13791,1.);
#3921=VECTOR('',#13792,1.);
#3922=VECTOR('',#13793,1.);
#3923=VECTOR('',#13798,1.);
#3924=VECTOR('',#13799,1.);
#3925=VECTOR('',#13802,1.);
#3926=VECTOR('',#13803,1.);
#3927=VECTOR('',#13804,1.);
#3928=VECTOR('',#13807,1.);
#3929=VECTOR('',#13812,1.);
#3930=VECTOR('',#13813,1.);
#3931=VECTOR('',#13814,1.);
#3932=VECTOR('',#13819,1.);
#3933=VECTOR('',#13820,1.);
#3934=VECTOR('',#13821,1.);
#3935=VECTOR('',#13826,1.);
#3936=VECTOR('',#13827,1.);
#3937=VECTOR('',#13828,1.);
#3938=VECTOR('',#13833,1.);
#3939=VECTOR('',#13834,1.);
#3940=VECTOR('',#13837,1.);
#3941=VECTOR('',#13838,1.);
#3942=VECTOR('',#13839,1.);
#3943=VECTOR('',#13844,1.);
#3944=VECTOR('',#13847,1.);
#3945=VECTOR('',#13850,1.);
#3946=VECTOR('',#13851,1.);
#3947=VECTOR('',#13854,1.);
#3948=VECTOR('',#13857,1.);
#3949=VECTOR('',#13858,1.);
#3950=VECTOR('',#13861,1.);
#3951=VECTOR('',#13862,1.);
#3952=VECTOR('',#13865,1.);
#3953=VECTOR('',#13868,1.);
#3954=VECTOR('',#13871,1.);
#3955=VECTOR('',#13872,1.);
#3956=VECTOR('',#13875,1.);
#3957=VECTOR('',#13878,1.);
#3958=VECTOR('',#13879,1.);
#3959=VECTOR('',#13882,1.);
#3960=VECTOR('',#13885,1.);
#3961=VECTOR('',#13886,1.);
#3962=VECTOR('',#13889,1.);
#3963=VECTOR('',#13892,1.);
#3964=VECTOR('',#13893,1.);
#3965=VECTOR('',#13896,1.);
#3966=VECTOR('',#13897,1.);
#3967=VECTOR('',#13900,1.);
#3968=VECTOR('',#13903,1.);
#3969=VECTOR('',#13906,1.);
#3970=VECTOR('',#13907,1.);
#3971=VECTOR('',#13910,1.);
#3972=VECTOR('',#13913,1.);
#3973=VECTOR('',#13914,1.);
#3974=VECTOR('',#13917,1.);
#3975=VECTOR('',#13920,1.);
#3976=VECTOR('',#13921,1.);
#3977=VECTOR('',#13924,1.);
#3978=VECTOR('',#13925,1.);
#3979=VECTOR('',#13928,1.);
#3980=VECTOR('',#13929,1.);
#3981=VECTOR('',#13930,1.);
#3982=VECTOR('',#13933,1.);
#3983=VECTOR('',#13938,1.);
#3984=VECTOR('',#13939,1.);
#3985=VECTOR('',#13940,1.);
#3986=VECTOR('',#13945,1.);
#3987=VECTOR('',#13946,1.);
#3988=VECTOR('',#13947,1.);
#3989=VECTOR('',#13952,1.);
#3990=VECTOR('',#13953,1.);
#3991=VECTOR('',#13954,1.);
#3992=VECTOR('',#13959,1.);
#3993=VECTOR('',#13960,1.);
#3994=VECTOR('',#13961,1.);
#3995=VECTOR('',#13966,1.);
#3996=VECTOR('',#13967,1.);
#3997=VECTOR('',#13968,1.);
#3998=VECTOR('',#13973,1.);
#3999=VECTOR('',#13974,1.);
#4000=VECTOR('',#13975,1.);
#4001=VECTOR('',#13980,1.);
#4002=VECTOR('',#13983,1.);
#4003=VECTOR('',#13984,1.);
#4004=VECTOR('',#13987,1.);
#4005=VECTOR('',#13988,1.);
#4006=VECTOR('',#13991,1.);
#4007=VECTOR('',#13994,1.);
#4008=VECTOR('',#13997,1.);
#4009=VECTOR('',#13998,1.);
#4010=VECTOR('',#14001,1.);
#4011=VECTOR('',#14002,1.);
#4012=VECTOR('',#14005,1.);
#4013=VECTOR('',#14008,1.);
#4014=VECTOR('',#14011,1.);
#4015=VECTOR('',#14012,1.);
#4016=VECTOR('',#14015,1.);
#4017=VECTOR('',#14016,1.);
#4018=VECTOR('',#14019,1.);
#4019=VECTOR('',#14022,1.);
#4020=VECTOR('',#14023,1.);
#4021=VECTOR('',#14026,1.);
#4022=VECTOR('',#14029,1.);
#4023=VECTOR('',#14032,1.);
#4024=VECTOR('',#14033,1.);
#4025=VECTOR('',#14036,1.);
#4026=VECTOR('',#14037,1.);
#4027=VECTOR('',#14040,1.);
#4028=VECTOR('',#14043,1.);
#4029=VECTOR('',#14044,1.);
#4030=VECTOR('',#14047,1.);
#4031=VECTOR('',#14050,1.);
#4032=VECTOR('',#14051,1.);
#4033=VECTOR('',#14054,1.);
#4034=VECTOR('',#14057,1.);
#4035=VECTOR('',#14060,1.);
#4036=VECTOR('',#14061,1.);
#4037=VECTOR('',#14064,1.);
#4038=VECTOR('',#14065,1.);
#4039=VECTOR('',#14068,1.);
#4040=VECTOR('',#14071,1.);
#4041=VECTOR('',#14072,1.);
#4042=VECTOR('',#14075,1.);
#4043=VECTOR('',#14078,1.);
#4044=VECTOR('',#14079,1.);
#4045=VECTOR('',#14082,1.);
#4046=VECTOR('',#14085,1.);
#4047=VECTOR('',#14086,1.);
#4048=VECTOR('',#14089,1.);
#4049=VECTOR('',#14092,1.);
#4050=VECTOR('',#14095,1.);
#4051=VECTOR('',#14096,1.);
#4052=VECTOR('',#14099,1.);
#4053=VECTOR('',#14102,1.);
#4054=VECTOR('',#14103,1.);
#4055=VECTOR('',#14106,1.);
#4056=VECTOR('',#14107,1.);
#4057=VECTOR('',#14110,1.);
#4058=VECTOR('',#14113,1.);
#4059=VECTOR('',#14114,1.);
#4060=VECTOR('',#14117,1.);
#4061=VECTOR('',#14120,1.);
#4062=VECTOR('',#14123,1.);
#4063=VECTOR('',#14124,1.);
#4064=VECTOR('',#14127,1.);
#4065=VECTOR('',#14128,1.);
#4066=VECTOR('',#14131,1.);
#4067=VECTOR('',#14134,1.);
#4068=VECTOR('',#14135,1.);
#4069=VECTOR('',#14138,1.);
#4070=VECTOR('',#14141,1.);
#4071=VECTOR('',#14144,1.);
#4072=VECTOR('',#14145,1.);
#4073=VECTOR('',#14148,1.);
#4074=VECTOR('',#14149,1.);
#4075=VECTOR('',#14152,1.);
#4076=VECTOR('',#14155,1.);
#4077=VECTOR('',#14156,1.);
#4078=VECTOR('',#14159,1.);
#4079=VECTOR('',#14162,1.);
#4080=VECTOR('',#14163,1.);
#4081=VECTOR('',#14166,1.);
#4082=VECTOR('',#14169,1.);
#4083=VECTOR('',#14170,1.);
#4084=VECTOR('',#14173,1.);
#4085=VECTOR('',#14176,1.);
#4086=VECTOR('',#14177,1.);
#4087=VECTOR('',#14180,1.);
#4088=VECTOR('',#14183,1.);
#4089=VECTOR('',#14184,1.);
#4090=VECTOR('',#14187,1.);
#4091=VECTOR('',#14190,1.);
#4092=VECTOR('',#14191,1.);
#4093=VECTOR('',#14194,1.);
#4094=VECTOR('',#14197,1.);
#4095=VECTOR('',#14200,1.);
#4096=VECTOR('',#14201,1.);
#4097=VECTOR('',#14204,1.);
#4098=VECTOR('',#14207,1.);
#4099=VECTOR('',#14208,1.);
#4100=VECTOR('',#14211,1.);
#4101=VECTOR('',#14212,1.);
#4102=VECTOR('',#14215,1.);
#4103=VECTOR('',#14218,1.);
#4104=VECTOR('',#14219,1.);
#4105=VECTOR('',#14222,1.);
#4106=VECTOR('',#14225,1.);
#4107=VECTOR('',#14228,1.);
#4108=VECTOR('',#14229,1.);
#4109=VECTOR('',#14232,1.);
#4110=VECTOR('',#14233,1.);
#4111=VECTOR('',#14236,1.);
#4112=VECTOR('',#14239,1.);
#4113=VECTOR('',#14242,1.);
#4114=VECTOR('',#14243,1.);
#4115=VECTOR('',#14246,1.);
#4116=VECTOR('',#14247,1.);
#4117=VECTOR('',#14250,1.);
#4118=VECTOR('',#14253,1.);
#4119=VECTOR('',#14254,1.);
#4120=VECTOR('',#14257,1.);
#4121=VECTOR('',#14260,1.);
#4122=VECTOR('',#14261,1.);
#4123=VECTOR('',#14264,1.);
#4124=VECTOR('',#14267,1.);
#4125=VECTOR('',#14270,1.);
#4126=VECTOR('',#14271,1.);
#4127=VECTOR('',#14274,1.);
#4128=VECTOR('',#14275,1.);
#4129=VECTOR('',#14278,1.);
#4130=VECTOR('',#14281,1.);
#4131=VECTOR('',#14282,1.);
#4132=VECTOR('',#14285,1.);
#4133=VECTOR('',#14288,1.);
#4134=VECTOR('',#14289,1.);
#4135=VECTOR('',#14292,1.);
#4136=VECTOR('',#14295,1.);
#4137=VECTOR('',#14296,1.);
#4138=VECTOR('',#14299,1.);
#4139=VECTOR('',#14302,1.);
#4140=VECTOR('',#14303,1.);
#4141=VECTOR('',#14306,1.);
#4142=VECTOR('',#14309,1.);
#4143=VECTOR('',#14312,1.);
#4144=VECTOR('',#14313,1.);
#4145=VECTOR('',#14316,1.);
#4146=VECTOR('',#14317,1.);
#4147=VECTOR('',#14318,1.);
#4148=VECTOR('',#14319,1.);
#4149=VECTOR('',#14320,1.);
#4150=VECTOR('',#14323,1.);
#4151=VECTOR('',#14324,1.);
#4152=VECTOR('',#14327,1.);
#4153=VECTOR('',#14330,1.);
#4154=VECTOR('',#14333,1.);
#4155=VECTOR('',#14334,1.);
#4156=VECTOR('',#14335,1.);
#4157=VECTOR('',#14336,1.);
#4158=VECTOR('',#14337,1.);
#4159=VECTOR('',#14338,1.);
#4160=VECTOR('',#14339,1.);
#4161=VECTOR('',#14340,1.);
#4162=VECTOR('',#14341,1.);
#4163=VECTOR('',#14342,1.);
#4164=VECTOR('',#14343,1.);
#4165=VECTOR('',#14344,1.);
#4166=VECTOR('',#14345,1.);
#4167=VECTOR('',#14346,1.);
#4168=VECTOR('',#14347,1.);
#4169=VECTOR('',#14348,1.);
#4170=VECTOR('',#14349,1.);
#4171=VECTOR('',#14350,1.);
#4172=VECTOR('',#14351,1.);
#4173=VECTOR('',#14352,1.);
#4174=VECTOR('',#14353,1.);
#4175=VECTOR('',#14354,1.);
#4176=VECTOR('',#14355,1.);
#4177=VECTOR('',#14356,1.);
#4178=VECTOR('',#14357,1.);
#4179=VECTOR('',#14358,1.);
#4180=VECTOR('',#14359,1.);
#4181=VECTOR('',#14360,1.);
#4182=VECTOR('',#14361,1.);
#4183=VECTOR('',#14362,1.);
#4184=VECTOR('',#14363,1.);
#4185=VECTOR('',#14364,1.);
#4186=VECTOR('',#14367,1.);
#4187=VECTOR('',#14370,1.);
#4188=VECTOR('',#14371,1.);
#4189=VECTOR('',#14376,1.);
#4190=VECTOR('',#14377,1.);
#4191=VECTOR('',#14382,1.);
#4192=VECTOR('',#14383,1.);
#4193=VECTOR('',#14388,1.);
#4194=VECTOR('',#14389,1.);
#4195=VECTOR('',#14394,1.);
#4196=VECTOR('',#14397,1.);
#4197=VECTOR('',#14398,1.);
#4198=VECTOR('',#14401,1.);
#4199=VECTOR('',#14406,1.);
#4200=VECTOR('',#14409,1.);
#4201=VECTOR('',#14410,1.);
#4202=VECTOR('',#14413,1.);
#4203=VECTOR('',#14418,1.);
#4204=VECTOR('',#14419,1.);
#4205=VECTOR('',#14424,1.);
#4206=VECTOR('',#14427,1.);
#4207=VECTOR('',#14428,1.);
#4208=VECTOR('',#14431,1.);
#4209=VECTOR('',#14436,1.);
#4210=VECTOR('',#14439,1.);
#4211=VECTOR('',#14440,1.);
#4212=VECTOR('',#14445,1.);
#4213=VECTOR('',#14448,1.);
#4214=VECTOR('',#14451,1.);
#4215=VECTOR('',#14454,1.);
#4216=VECTOR('',#14457,1.);
#4217=VECTOR('',#14460,1.);
#4218=VECTOR('',#14463,1.);
#4219=VECTOR('',#14466,1.);
#4220=VECTOR('',#14469,1.);
#4221=VECTOR('',#14472,1.);
#4222=VECTOR('',#14475,1.);
#4223=VECTOR('',#14478,1.);
#4224=VECTOR('',#14481,1.);
#4225=VECTOR('',#14482,1.);
#4226=VECTOR('',#14487,1.);
#4227=VECTOR('',#14490,1.);
#4228=VECTOR('',#14493,1.);
#4229=VECTOR('',#14496,1.);
#4230=VECTOR('',#14499,1.);
#4231=VECTOR('',#14502,1.);
#4232=VECTOR('',#14505,1.);
#4233=VECTOR('',#14506,1.);
#4234=VECTOR('',#14511,1.);
#4235=VECTOR('',#14512,1.);
#4236=VECTOR('',#14517,1.);
#4237=VECTOR('',#14518,1.);
#4238=VECTOR('',#14523,1.);
#4239=VECTOR('',#14524,1.);
#4240=VECTOR('',#14529,1.);
#4241=VECTOR('',#14530,1.);
#4242=VECTOR('',#14535,1.);
#4243=VECTOR('',#14536,1.);
#4244=VECTOR('',#14541,1.);
#4245=VECTOR('',#14542,1.);
#4246=VECTOR('',#14547,1.);
#4247=VECTOR('',#14552,1.);
#4248=VECTOR('',#14557,1.);
#4249=VECTOR('',#14558,1.);
#4250=VECTOR('',#14559,1.);
#4251=VECTOR('',#14560,1.);
#4252=VECTOR('',#14561,1.);
#4253=VECTOR('',#14562,1.);
#4254=VECTOR('',#14563,1.);
#4255=VECTOR('',#14564,1.);
#4256=VECTOR('',#14565,1.);
#4257=VECTOR('',#14566,1.);
#4258=VECTOR('',#14567,1.);
#4259=VECTOR('',#14568,1.);
#4260=VECTOR('',#14569,1.);
#4261=VECTOR('',#14570,1.);
#4262=VECTOR('',#14571,1.);
#4263=VECTOR('',#14572,1.);
#4264=VECTOR('',#14573,1.);
#4265=VECTOR('',#14574,1.);
#4266=VECTOR('',#14575,1.);
#4267=VECTOR('',#14576,1.);
#4268=VECTOR('',#14577,1.);
#4269=VECTOR('',#14578,1.);
#4270=VECTOR('',#14579,1.);
#4271=VECTOR('',#14580,1.);
#4272=VECTOR('',#14581,1.);
#4273=VECTOR('',#14582,1.);
#4274=VECTOR('',#14583,1.);
#4275=VECTOR('',#14584,1.);
#4276=VECTOR('',#14585,1.);
#4277=VECTOR('',#14586,1.);
#4278=VECTOR('',#14587,1.);
#4279=VECTOR('',#14588,1.);
#4280=VECTOR('',#14589,1.);
#4281=VECTOR('',#14592,1.);
#4282=VECTOR('',#14593,1.);
#4283=VECTOR('',#14594,1.);
#4284=VECTOR('',#14599,1.);
#4285=VECTOR('',#14600,1.);
#4286=VECTOR('',#14601,1.);
#4287=VECTOR('',#14606,1.);
#4288=VECTOR('',#14607,1.);
#4289=VECTOR('',#14608,1.);
#4290=VECTOR('',#14613,1.);
#4291=VECTOR('',#14614,1.);
#4292=VECTOR('',#14615,1.);
#4293=VECTOR('',#14620,1.);
#4294=VECTOR('',#14621,1.);
#4295=VECTOR('',#14622,1.);
#4296=VECTOR('',#14627,1.);
#4297=VECTOR('',#14628,1.);
#4298=VECTOR('',#14629,1.);
#4299=VECTOR('',#14634,1.);
#4300=VECTOR('',#14635,1.);
#4301=VECTOR('',#14636,1.);
#4302=VECTOR('',#14641,1.);
#4303=VECTOR('',#14642,1.);
#4304=VECTOR('',#14643,1.);
#4305=VECTOR('',#14648,1.);
#4306=VECTOR('',#14649,1.);
#4307=VECTOR('',#14650,1.);
#4308=VECTOR('',#14655,1.);
#4309=VECTOR('',#14656,1.);
#4310=VECTOR('',#14657,1.);
#4311=VECTOR('',#14662,1.);
#4312=VECTOR('',#14665,1.);
#4313=VECTOR('',#14666,1.);
#4314=VECTOR('',#14669,1.);
#4315=VECTOR('',#14670,1.);
#4316=VECTOR('',#14671,1.);
#4317=VECTOR('',#14676,1.);
#4318=VECTOR('',#14677,1.);
#4319=VECTOR('',#14680,1.);
#4320=VECTOR('',#14681,1.);
#4321=VECTOR('',#14682,1.);
#4322=VECTOR('',#14685,1.);
#4323=VECTOR('',#14690,1.);
#4324=VECTOR('',#14693,1.);
#4325=VECTOR('',#14694,1.);
#4326=VECTOR('',#14697,1.);
#4327=VECTOR('',#14700,1.);
#4328=VECTOR('',#14701,1.);
#4329=VECTOR('',#14704,1.);
#4330=VECTOR('',#14707,1.);
#4331=VECTOR('',#14708,1.);
#4332=VECTOR('',#14711,1.);
#4333=VECTOR('',#14714,1.);
#4334=VECTOR('',#14715,1.);
#4335=VECTOR('',#14718,1.);
#4336=VECTOR('',#14721,1.);
#4337=VECTOR('',#14722,1.);
#4338=VECTOR('',#14725,1.);
#4339=VECTOR('',#14728,1.);
#4340=VECTOR('',#14729,1.);
#4341=VECTOR('',#14732,1.);
#4342=VECTOR('',#14735,1.);
#4343=VECTOR('',#14736,1.);
#4344=VECTOR('',#14739,1.);
#4345=VECTOR('',#14742,1.);
#4346=VECTOR('',#14743,1.);
#4347=VECTOR('',#14746,1.);
#4348=VECTOR('',#14749,1.);
#4349=VECTOR('',#14750,1.);
#4350=VECTOR('',#14753,1.);
#4351=VECTOR('',#14756,1.);
#4352=VECTOR('',#14757,1.);
#4353=VECTOR('',#14760,1.);
#4354=VECTOR('',#14763,1.);
#4355=VECTOR('',#14764,1.);
#4356=VECTOR('',#14767,1.);
#4357=VECTOR('',#14768,1.);
#4358=VECTOR('',#14769,1.);
#4359=VECTOR('',#14774,1.);
#4360=VECTOR('',#14775,1.);
#4361=VECTOR('',#14776,1.);
#4362=VECTOR('',#14781,1.);
#4363=VECTOR('',#14782,1.);
#4364=VECTOR('',#14783,1.);
#4365=VECTOR('',#14788,1.);
#4366=VECTOR('',#14789,1.);
#4367=VECTOR('',#14790,1.);
#4368=VECTOR('',#14795,1.);
#4369=VECTOR('',#14796,1.);
#4370=VECTOR('',#14797,1.);
#4371=VECTOR('',#14802,1.);
#4372=VECTOR('',#14803,1.);
#4373=VECTOR('',#14804,1.);
#4374=VECTOR('',#14809,1.);
#4375=VECTOR('',#14812,1.);
#4376=VECTOR('',#14815,1.);
#4377=VECTOR('',#14818,1.);
#4378=VECTOR('',#14823,1.);
#4379=VECTOR('',#14824,1.);
#4380=VECTOR('',#14827,1.);
#4381=VECTOR('',#14828,1.);
#4382=VECTOR('',#14831,1.);
#4383=VECTOR('',#14834,1.);
#4384=VECTOR('',#14837,1.);
#4385=VECTOR('',#14838,1.);
#4386=VECTOR('',#14841,1.);
#4387=VECTOR('',#14842,1.);
#4388=VECTOR('',#14845,1.);
#4389=VECTOR('',#14848,1.);
#4390=VECTOR('',#14851,1.);
#4391=VECTOR('',#14852,1.);
#4392=VECTOR('',#14855,1.);
#4393=VECTOR('',#14856,1.);
#4394=VECTOR('',#14859,1.);
#4395=VECTOR('',#14862,1.);
#4396=VECTOR('',#14863,1.);
#4397=VECTOR('',#14866,1.);
#4398=VECTOR('',#14869,1.);
#4399=VECTOR('',#14872,1.);
#4400=VECTOR('',#14873,1.);
#4401=VECTOR('',#14876,1.);
#4402=VECTOR('',#14877,1.);
#4403=VECTOR('',#14880,1.);
#4404=VECTOR('',#14883,1.);
#4405=VECTOR('',#14884,1.);
#4406=VECTOR('',#14887,1.);
#4407=VECTOR('',#14890,1.);
#4408=VECTOR('',#14891,1.);
#4409=VECTOR('',#14894,1.);
#4410=VECTOR('',#14897,1.);
#4411=VECTOR('',#14900,1.);
#4412=VECTOR('',#14901,1.);
#4413=VECTOR('',#14904,1.);
#4414=VECTOR('',#14905,1.);
#4415=VECTOR('',#14908,1.);
#4416=VECTOR('',#14911,1.);
#4417=VECTOR('',#14912,1.);
#4418=VECTOR('',#14915,1.);
#4419=VECTOR('',#14918,1.);
#4420=VECTOR('',#14919,1.);
#4421=VECTOR('',#14922,1.);
#4422=VECTOR('',#14925,1.);
#4423=VECTOR('',#14926,1.);
#4424=VECTOR('',#14929,1.);
#4425=VECTOR('',#14932,1.);
#4426=VECTOR('',#14935,1.);
#4427=VECTOR('',#14936,1.);
#4428=VECTOR('',#14939,1.);
#4429=VECTOR('',#14942,1.);
#4430=VECTOR('',#14943,1.);
#4431=VECTOR('',#14946,1.);
#4432=VECTOR('',#14947,1.);
#4433=VECTOR('',#14950,1.);
#4434=VECTOR('',#14953,1.);
#4435=VECTOR('',#14954,1.);
#4436=VECTOR('',#14957,1.);
#4437=VECTOR('',#14960,1.);
#4438=VECTOR('',#14963,1.);
#4439=VECTOR('',#14964,1.);
#4440=VECTOR('',#14967,1.);
#4441=VECTOR('',#14968,1.);
#4442=VECTOR('',#14971,1.);
#4443=VECTOR('',#14974,1.);
#4444=VECTOR('',#14975,1.);
#4445=VECTOR('',#14978,1.);
#4446=VECTOR('',#14981,1.);
#4447=VECTOR('',#14984,1.);
#4448=VECTOR('',#14985,1.);
#4449=VECTOR('',#14988,1.);
#4450=VECTOR('',#14989,1.);
#4451=VECTOR('',#14992,1.);
#4452=VECTOR('',#14995,1.);
#4453=VECTOR('',#14996,1.);
#4454=VECTOR('',#14999,1.);
#4455=VECTOR('',#15002,1.);
#4456=VECTOR('',#15003,1.);
#4457=VECTOR('',#15006,1.);
#4458=VECTOR('',#15009,1.);
#4459=VECTOR('',#15010,1.);
#4460=VECTOR('',#15013,1.);
#4461=VECTOR('',#15016,1.);
#4462=VECTOR('',#15017,1.);
#4463=VECTOR('',#15020,1.);
#4464=VECTOR('',#15023,1.);
#4465=VECTOR('',#15024,1.);
#4466=VECTOR('',#15027,1.);
#4467=VECTOR('',#15030,1.);
#4468=VECTOR('',#15031,1.);
#4469=VECTOR('',#15034,1.);
#4470=VECTOR('',#15037,1.);
#4471=VECTOR('',#15040,1.);
#4472=VECTOR('',#15041,1.);
#4473=VECTOR('',#15044,1.);
#4474=VECTOR('',#15047,1.);
#4475=VECTOR('',#15048,1.);
#4476=VECTOR('',#15051,1.);
#4477=VECTOR('',#15052,1.);
#4478=VECTOR('',#15055,1.);
#4479=VECTOR('',#15058,1.);
#4480=VECTOR('',#15059,1.);
#4481=VECTOR('',#15062,1.);
#4482=VECTOR('',#15065,1.);
#4483=VECTOR('',#15068,1.);
#4484=VECTOR('',#15069,1.);
#4485=VECTOR('',#15072,1.);
#4486=VECTOR('',#15073,1.);
#4487=VECTOR('',#15076,1.);
#4488=VECTOR('',#15079,1.);
#4489=VECTOR('',#15082,1.);
#4490=VECTOR('',#15083,1.);
#4491=VECTOR('',#15086,1.);
#4492=VECTOR('',#15087,1.);
#4493=VECTOR('',#15090,1.);
#4494=VECTOR('',#15093,1.);
#4495=VECTOR('',#15094,1.);
#4496=VECTOR('',#15097,1.);
#4497=VECTOR('',#15100,1.);
#4498=VECTOR('',#15101,1.);
#4499=VECTOR('',#15104,1.);
#4500=VECTOR('',#15107,1.);
#4501=VECTOR('',#15110,1.);
#4502=VECTOR('',#15111,1.);
#4503=VECTOR('',#15114,1.);
#4504=VECTOR('',#15115,1.);
#4505=VECTOR('',#15118,1.);
#4506=VECTOR('',#15121,1.);
#4507=VECTOR('',#15122,1.);
#4508=VECTOR('',#15125,1.);
#4509=VECTOR('',#15128,1.);
#4510=VECTOR('',#15129,1.);
#4511=VECTOR('',#15132,1.);
#4512=VECTOR('',#15135,1.);
#4513=VECTOR('',#15136,1.);
#4514=VECTOR('',#15139,1.);
#4515=VECTOR('',#15142,1.);
#4516=VECTOR('',#15143,1.);
#4517=VECTOR('',#15146,1.);
#4518=VECTOR('',#15149,1.);
#4519=VECTOR('',#15152,1.);
#4520=VECTOR('',#15155,1.);
#4521=VECTOR('',#15158,1.);
#4522=VECTOR('',#15159,1.);
#4523=VECTOR('',#15160,1.);
#4524=VECTOR('',#15161,1.);
#4525=VECTOR('',#15162,1.);
#4526=VECTOR('',#15163,1.);
#4527=VECTOR('',#15164,1.);
#4528=VECTOR('',#15165,1.);
#4529=VECTOR('',#15166,1.);
#4530=VECTOR('',#15167,1.);
#4531=VECTOR('',#15168,1.);
#4532=VECTOR('',#15169,1.);
#4533=VECTOR('',#15170,1.);
#4534=VECTOR('',#15171,1.);
#4535=VECTOR('',#15172,1.);
#4536=VECTOR('',#15173,1.);
#4537=VECTOR('',#15174,1.);
#4538=VECTOR('',#15175,1.);
#4539=VECTOR('',#15176,1.);
#4540=VECTOR('',#15177,1.);
#4541=VECTOR('',#15178,1.);
#4542=VECTOR('',#15179,1.);
#4543=VECTOR('',#15180,1.);
#4544=VECTOR('',#15181,1.);
#4545=VECTOR('',#15182,1.);
#4546=VECTOR('',#15183,1.);
#4547=VECTOR('',#15184,1.);
#4548=VECTOR('',#15185,1.);
#4549=VECTOR('',#15186,1.);
#4550=VECTOR('',#15187,1.);
#4551=VECTOR('',#15188,1.);
#4552=VECTOR('',#15189,1.);
#4553=VECTOR('',#15192,1.);
#4554=VECTOR('',#15195,1.);
#4555=VECTOR('',#15198,1.);
#4556=VECTOR('',#15199,1.);
#4557=VECTOR('',#15202,1.);
#4558=VECTOR('',#15207,1.);
#4559=VECTOR('',#15208,1.);
#4560=VECTOR('',#15213,1.);
#4561=VECTOR('',#15216,1.);
#4562=VECTOR('',#15217,1.);
#4563=VECTOR('',#15220,1.);
#4564=VECTOR('',#15225,1.);
#4565=VECTOR('',#15226,1.);
#4566=VECTOR('',#15231,1.);
#4567=VECTOR('',#15232,1.);
#4568=VECTOR('',#15237,1.);
#4569=VECTOR('',#15240,1.);
#4570=VECTOR('',#15241,1.);
#4571=VECTOR('',#15246,1.);
#4572=VECTOR('',#15249,1.);
#4573=VECTOR('',#15250,1.);
#4574=VECTOR('',#15255,1.);
#4575=VECTOR('',#15258,1.);
#4576=VECTOR('',#15261,1.);
#4577=VECTOR('',#15262,1.);
#4578=VECTOR('',#15267,1.);
#4579=VECTOR('',#15270,1.);
#4580=VECTOR('',#15271,1.);
#4581=VECTOR('',#15276,1.);
#4582=VECTOR('',#15279,1.);
#4583=VECTOR('',#15282,1.);
#4584=VECTOR('',#15285,1.);
#4585=VECTOR('',#15288,1.);
#4586=VECTOR('',#15291,1.);
#4587=VECTOR('',#15294,1.);
#4588=VECTOR('',#15297,1.);
#4589=VECTOR('',#15300,1.);
#4590=VECTOR('',#15303,1.);
#4591=VECTOR('',#15306,1.);
#4592=VECTOR('',#15309,1.);
#4593=VECTOR('',#15312,1.);
#4594=VECTOR('',#15315,1.);
#4595=VECTOR('',#15318,1.);
#4596=VECTOR('',#15321,1.);
#4597=VECTOR('',#15324,1.);
#4598=VECTOR('',#15327,1.);
#4599=VECTOR('',#15330,1.);
#4600=VECTOR('',#15333,1.);
#4601=VECTOR('',#15336,1.);
#4602=VECTOR('',#15339,1.);
#4603=VECTOR('',#15342,1.);
#4604=VECTOR('',#15345,1.);
#4605=VECTOR('',#15348,1.);
#4606=VECTOR('',#15349,1.);
#4607=VECTOR('',#15352,1.);
#4608=VECTOR('',#15357,1.);
#4609=VECTOR('',#15360,1.);
#4610=VECTOR('',#15361,1.);
#4611=VECTOR('',#15364,1.);
#4612=VECTOR('',#15369,1.);
#4613=VECTOR('',#15372,1.);
#4614=VECTOR('',#15373,1.);
#4615=VERTEX_POINT('',#15380);
#4616=VERTEX_POINT('',#15381);
#4617=VERTEX_POINT('',#15383);
#4618=VERTEX_POINT('',#15385);
#4619=VERTEX_POINT('',#15387);
#4620=VERTEX_POINT('',#15389);
#4621=VERTEX_POINT('',#15391);
#4622=VERTEX_POINT('',#15393);
#4623=VERTEX_POINT('',#15395);
#4624=VERTEX_POINT('',#15397);
#4625=VERTEX_POINT('',#15399);
#4626=VERTEX_POINT('',#15401);
#4627=VERTEX_POINT('',#15403);
#4628=VERTEX_POINT('',#15405);
#4629=VERTEX_POINT('',#15407);
#4630=VERTEX_POINT('',#15409);
#4631=VERTEX_POINT('',#15411);
#4632=VERTEX_POINT('',#15413);
#4633=VERTEX_POINT('',#15415);
#4634=VERTEX_POINT('',#15417);
#4635=VERTEX_POINT('',#15419);
#4636=VERTEX_POINT('',#15421);
#4637=VERTEX_POINT('',#15423);
#4638=VERTEX_POINT('',#15425);
#4639=VERTEX_POINT('',#15427);
#4640=VERTEX_POINT('',#15429);
#4641=VERTEX_POINT('',#15431);
#4642=VERTEX_POINT('',#15433);
#4643=VERTEX_POINT('',#15435);
#4644=VERTEX_POINT('',#15437);
#4645=VERTEX_POINT('',#15439);
#4646=VERTEX_POINT('',#15441);
#4647=VERTEX_POINT('',#15443);
#4648=VERTEX_POINT('',#15445);
#4649=VERTEX_POINT('',#15447);
#4650=VERTEX_POINT('',#15449);
#4651=VERTEX_POINT('',#15451);
#4652=VERTEX_POINT('',#15453);
#4653=VERTEX_POINT('',#15455);
#4654=VERTEX_POINT('',#15457);
#4655=VERTEX_POINT('',#15459);
#4656=VERTEX_POINT('',#15461);
#4657=VERTEX_POINT('',#15463);
#4658=VERTEX_POINT('',#15465);
#4659=VERTEX_POINT('',#15467);
#4660=VERTEX_POINT('',#15469);
#4661=VERTEX_POINT('',#15471);
#4662=VERTEX_POINT('',#15473);
#4663=VERTEX_POINT('',#15475);
#4664=VERTEX_POINT('',#15477);
#4665=VERTEX_POINT('',#15479);
#4666=VERTEX_POINT('',#15481);
#4667=VERTEX_POINT('',#15483);
#4668=VERTEX_POINT('',#15485);
#4669=VERTEX_POINT('',#15487);
#4670=VERTEX_POINT('',#15489);
#4671=VERTEX_POINT('',#15491);
#4672=VERTEX_POINT('',#15493);
#4673=VERTEX_POINT('',#15495);
#4674=VERTEX_POINT('',#15497);
#4675=VERTEX_POINT('',#15499);
#4676=VERTEX_POINT('',#15501);
#4677=VERTEX_POINT('',#15503);
#4678=VERTEX_POINT('',#15505);
#4679=VERTEX_POINT('',#15507);
#4680=VERTEX_POINT('',#15509);
#4681=VERTEX_POINT('',#15511);
#4682=VERTEX_POINT('',#15513);
#4683=VERTEX_POINT('',#15517);
#4684=VERTEX_POINT('',#15519);
#4685=VERTEX_POINT('',#15523);
#4686=VERTEX_POINT('',#15524);
#4687=VERTEX_POINT('',#15526);
#4688=VERTEX_POINT('',#15528);
#4689=VERTEX_POINT('',#15532);
#4690=VERTEX_POINT('',#15534);
#4691=VERTEX_POINT('',#15536);
#4692=VERTEX_POINT('',#15538);
#4693=VERTEX_POINT('',#15540);
#4694=VERTEX_POINT('',#15542);
#4695=VERTEX_POINT('',#15544);
#4696=VERTEX_POINT('',#15546);
#4697=VERTEX_POINT('',#15548);
#4698=VERTEX_POINT('',#15550);
#4699=VERTEX_POINT('',#15552);
#4700=VERTEX_POINT('',#15554);
#4701=VERTEX_POINT('',#15556);
#4702=VERTEX_POINT('',#15558);
#4703=VERTEX_POINT('',#15560);
#4704=VERTEX_POINT('',#15562);
#4705=VERTEX_POINT('',#15564);
#4706=VERTEX_POINT('',#15566);
#4707=VERTEX_POINT('',#15568);
#4708=VERTEX_POINT('',#15570);
#4709=VERTEX_POINT('',#15572);
#4710=VERTEX_POINT('',#15574);
#4711=VERTEX_POINT('',#15576);
#4712=VERTEX_POINT('',#15578);
#4713=VERTEX_POINT('',#15580);
#4714=VERTEX_POINT('',#15582);
#4715=VERTEX_POINT('',#15584);
#4716=VERTEX_POINT('',#15586);
#4717=VERTEX_POINT('',#15588);
#4718=VERTEX_POINT('',#15590);
#4719=VERTEX_POINT('',#15592);
#4720=VERTEX_POINT('',#15594);
#4721=VERTEX_POINT('',#15596);
#4722=VERTEX_POINT('',#15598);
#4723=VERTEX_POINT('',#15600);
#4724=VERTEX_POINT('',#15602);
#4725=VERTEX_POINT('',#15604);
#4726=VERTEX_POINT('',#15606);
#4727=VERTEX_POINT('',#15608);
#4728=VERTEX_POINT('',#15610);
#4729=VERTEX_POINT('',#15612);
#4730=VERTEX_POINT('',#15614);
#4731=VERTEX_POINT('',#15616);
#4732=VERTEX_POINT('',#15618);
#4733=VERTEX_POINT('',#15620);
#4734=VERTEX_POINT('',#15622);
#4735=VERTEX_POINT('',#15624);
#4736=VERTEX_POINT('',#15626);
#4737=VERTEX_POINT('',#15628);
#4738=VERTEX_POINT('',#15630);
#4739=VERTEX_POINT('',#15632);
#4740=VERTEX_POINT('',#15634);
#4741=VERTEX_POINT('',#15636);
#4742=VERTEX_POINT('',#15638);
#4743=VERTEX_POINT('',#15640);
#4744=VERTEX_POINT('',#15642);
#4745=VERTEX_POINT('',#15644);
#4746=VERTEX_POINT('',#15646);
#4747=VERTEX_POINT('',#15648);
#4748=VERTEX_POINT('',#15650);
#4749=VERTEX_POINT('',#15652);
#4750=VERTEX_POINT('',#15654);
#4751=VERTEX_POINT('',#15656);
#4752=VERTEX_POINT('',#15658);
#4753=VERTEX_POINT('',#15660);
#4754=VERTEX_POINT('',#15662);
#4755=VERTEX_POINT('',#15664);
#4756=VERTEX_POINT('',#15666);
#4757=VERTEX_POINT('',#15668);
#4758=VERTEX_POINT('',#15670);
#4759=VERTEX_POINT('',#15672);
#4760=VERTEX_POINT('',#15674);
#4761=VERTEX_POINT('',#15676);
#4762=VERTEX_POINT('',#15678);
#4763=VERTEX_POINT('',#15680);
#4764=VERTEX_POINT('',#15682);
#4765=VERTEX_POINT('',#15684);
#4766=VERTEX_POINT('',#15686);
#4767=VERTEX_POINT('',#15688);
#4768=VERTEX_POINT('',#15690);
#4769=VERTEX_POINT('',#15692);
#4770=VERTEX_POINT('',#15694);
#4771=VERTEX_POINT('',#15696);
#4772=VERTEX_POINT('',#15700);
#4773=VERTEX_POINT('',#15701);
#4774=VERTEX_POINT('',#15703);
#4775=VERTEX_POINT('',#15705);
#4776=VERTEX_POINT('',#15709);
#4777=VERTEX_POINT('',#15711);
#4778=VERTEX_POINT('',#15713);
#4779=VERTEX_POINT('',#15715);
#4780=VERTEX_POINT('',#15717);
#4781=VERTEX_POINT('',#15719);
#4782=VERTEX_POINT('',#15721);
#4783=VERTEX_POINT('',#15723);
#4784=VERTEX_POINT('',#15725);
#4785=VERTEX_POINT('',#15727);
#4786=VERTEX_POINT('',#15729);
#4787=VERTEX_POINT('',#15731);
#4788=VERTEX_POINT('',#15733);
#4789=VERTEX_POINT('',#15735);
#4790=VERTEX_POINT('',#15737);
#4791=VERTEX_POINT('',#15739);
#4792=VERTEX_POINT('',#15741);
#4793=VERTEX_POINT('',#15743);
#4794=VERTEX_POINT('',#15745);
#4795=VERTEX_POINT('',#15747);
#4796=VERTEX_POINT('',#15749);
#4797=VERTEX_POINT('',#15751);
#4798=VERTEX_POINT('',#15753);
#4799=VERTEX_POINT('',#15755);
#4800=VERTEX_POINT('',#15757);
#4801=VERTEX_POINT('',#15759);
#4802=VERTEX_POINT('',#15761);
#4803=VERTEX_POINT('',#15763);
#4804=VERTEX_POINT('',#15765);
#4805=VERTEX_POINT('',#15767);
#4806=VERTEX_POINT('',#15769);
#4807=VERTEX_POINT('',#15771);
#4808=VERTEX_POINT('',#15773);
#4809=VERTEX_POINT('',#15775);
#4810=VERTEX_POINT('',#15777);
#4811=VERTEX_POINT('',#15779);
#4812=VERTEX_POINT('',#15781);
#4813=VERTEX_POINT('',#15783);
#4814=VERTEX_POINT('',#15785);
#4815=VERTEX_POINT('',#15787);
#4816=VERTEX_POINT('',#15789);
#4817=VERTEX_POINT('',#15791);
#4818=VERTEX_POINT('',#15793);
#4819=VERTEX_POINT('',#15795);
#4820=VERTEX_POINT('',#15797);
#4821=VERTEX_POINT('',#15799);
#4822=VERTEX_POINT('',#15801);
#4823=VERTEX_POINT('',#15803);
#4824=VERTEX_POINT('',#15805);
#4825=VERTEX_POINT('',#15807);
#4826=VERTEX_POINT('',#15809);
#4827=VERTEX_POINT('',#15811);
#4828=VERTEX_POINT('',#15813);
#4829=VERTEX_POINT('',#15815);
#4830=VERTEX_POINT('',#15817);
#4831=VERTEX_POINT('',#15819);
#4832=VERTEX_POINT('',#15821);
#4833=VERTEX_POINT('',#15823);
#4834=VERTEX_POINT('',#15825);
#4835=VERTEX_POINT('',#15827);
#4836=VERTEX_POINT('',#15829);
#4837=VERTEX_POINT('',#15831);
#4838=VERTEX_POINT('',#15833);
#4839=VERTEX_POINT('',#15835);
#4840=VERTEX_POINT('',#15837);
#4841=VERTEX_POINT('',#15839);
#4842=VERTEX_POINT('',#15841);
#4843=VERTEX_POINT('',#15843);
#4844=VERTEX_POINT('',#15845);
#4845=VERTEX_POINT('',#15847);
#4846=VERTEX_POINT('',#15849);
#4847=VERTEX_POINT('',#15851);
#4848=VERTEX_POINT('',#15853);
#4849=VERTEX_POINT('',#15855);
#4850=VERTEX_POINT('',#15857);
#4851=VERTEX_POINT('',#15859);
#4852=VERTEX_POINT('',#15861);
#4853=VERTEX_POINT('',#15863);
#4854=VERTEX_POINT('',#15865);
#4855=VERTEX_POINT('',#15867);
#4856=VERTEX_POINT('',#15869);
#4857=VERTEX_POINT('',#15871);
#4858=VERTEX_POINT('',#15873);
#4859=VERTEX_POINT('',#15877);
#4860=VERTEX_POINT('',#15878);
#4861=VERTEX_POINT('',#15880);
#4862=VERTEX_POINT('',#15882);
#4863=VERTEX_POINT('',#15884);
#4864=VERTEX_POINT('',#15886);
#4865=VERTEX_POINT('',#15888);
#4866=VERTEX_POINT('',#15890);
#4867=VERTEX_POINT('',#15892);
#4868=VERTEX_POINT('',#15894);
#4869=VERTEX_POINT('',#15896);
#4870=VERTEX_POINT('',#15898);
#4871=VERTEX_POINT('',#15900);
#4872=VERTEX_POINT('',#15902);
#4873=VERTEX_POINT('',#15904);
#4874=VERTEX_POINT('',#15906);
#4875=VERTEX_POINT('',#15908);
#4876=VERTEX_POINT('',#15910);
#4877=VERTEX_POINT('',#15912);
#4878=VERTEX_POINT('',#15914);
#4879=VERTEX_POINT('',#15916);
#4880=VERTEX_POINT('',#15918);
#4881=VERTEX_POINT('',#15920);
#4882=VERTEX_POINT('',#15922);
#4883=VERTEX_POINT('',#15924);
#4884=VERTEX_POINT('',#15926);
#4885=VERTEX_POINT('',#15928);
#4886=VERTEX_POINT('',#15930);
#4887=VERTEX_POINT('',#15932);
#4888=VERTEX_POINT('',#15934);
#4889=VERTEX_POINT('',#15936);
#4890=VERTEX_POINT('',#15938);
#4891=VERTEX_POINT('',#15940);
#4892=VERTEX_POINT('',#15942);
#4893=VERTEX_POINT('',#15944);
#4894=VERTEX_POINT('',#15946);
#4895=VERTEX_POINT('',#15948);
#4896=VERTEX_POINT('',#15950);
#4897=VERTEX_POINT('',#15952);
#4898=VERTEX_POINT('',#15954);
#4899=VERTEX_POINT('',#15956);
#4900=VERTEX_POINT('',#15958);
#4901=VERTEX_POINT('',#15960);
#4902=VERTEX_POINT('',#15962);
#4903=VERTEX_POINT('',#15964);
#4904=VERTEX_POINT('',#15966);
#4905=VERTEX_POINT('',#15968);
#4906=VERTEX_POINT('',#15970);
#4907=VERTEX_POINT('',#15972);
#4908=VERTEX_POINT('',#15974);
#4909=VERTEX_POINT('',#15976);
#4910=VERTEX_POINT('',#15978);
#4911=VERTEX_POINT('',#15980);
#4912=VERTEX_POINT('',#15982);
#4913=VERTEX_POINT('',#15984);
#4914=VERTEX_POINT('',#15986);
#4915=VERTEX_POINT('',#15988);
#4916=VERTEX_POINT('',#15990);
#4917=VERTEX_POINT('',#15992);
#4918=VERTEX_POINT('',#15994);
#4919=VERTEX_POINT('',#15996);
#4920=VERTEX_POINT('',#15998);
#4921=VERTEX_POINT('',#16000);
#4922=VERTEX_POINT('',#16002);
#4923=VERTEX_POINT('',#16004);
#4924=VERTEX_POINT('',#16006);
#4925=VERTEX_POINT('',#16008);
#4926=VERTEX_POINT('',#16010);
#4927=VERTEX_POINT('',#16012);
#4928=VERTEX_POINT('',#16014);
#4929=VERTEX_POINT('',#16016);
#4930=VERTEX_POINT('',#16018);
#4931=VERTEX_POINT('',#16022);
#4932=VERTEX_POINT('',#16024);
#4933=VERTEX_POINT('',#16028);
#4934=VERTEX_POINT('',#16030);
#4935=VERTEX_POINT('',#16034);
#4936=VERTEX_POINT('',#16036);
#4937=VERTEX_POINT('',#16038);
#4938=VERTEX_POINT('',#16042);
#4939=VERTEX_POINT('',#16044);
#4940=VERTEX_POINT('',#16047);
#4941=VERTEX_POINT('',#16049);
#4942=VERTEX_POINT('',#16051);
#4943=VERTEX_POINT('',#16053);
#4944=VERTEX_POINT('',#16056);
#4945=VERTEX_POINT('',#16058);
#4946=VERTEX_POINT('',#16060);
#4947=VERTEX_POINT('',#16062);
#4948=VERTEX_POINT('',#16064);
#4949=VERTEX_POINT('',#16068);
#4950=VERTEX_POINT('',#16072);
#4951=VERTEX_POINT('',#16073);
#4952=VERTEX_POINT('',#16075);
#4953=VERTEX_POINT('',#16077);
#4954=VERTEX_POINT('',#16081);
#4955=VERTEX_POINT('',#16083);
#4956=VERTEX_POINT('',#16089);
#4957=VERTEX_POINT('',#16093);
#4958=VERTEX_POINT('',#16099);
#4959=VERTEX_POINT('',#16105);
#4960=VERTEX_POINT('',#16111);
#4961=VERTEX_POINT('',#16117);
#4962=VERTEX_POINT('',#16121);
#4963=VERTEX_POINT('',#16129);
#4964=VERTEX_POINT('',#16135);
#4965=VERTEX_POINT('',#16141);
#4966=VERTEX_POINT('',#16147);
#4967=VERTEX_POINT('',#16151);
#4968=VERTEX_POINT('',#16161);
#4969=VERTEX_POINT('',#16167);
#4970=VERTEX_POINT('',#16171);
#4971=VERTEX_POINT('',#16179);
#4972=VERTEX_POINT('',#16185);
#4973=VERTEX_POINT('',#16191);
#4974=VERTEX_POINT('',#16197);
#4975=VERTEX_POINT('',#16201);
#4976=VERTEX_POINT('',#16209);
#4977=VERTEX_POINT('',#16215);
#4978=VERTEX_POINT('',#16221);
#4979=VERTEX_POINT('',#16225);
#4980=VERTEX_POINT('',#16229);
#4981=VERTEX_POINT('',#16237);
#4982=VERTEX_POINT('',#16243);
#4983=VERTEX_POINT('',#16249);
#4984=VERTEX_POINT('',#16255);
#4985=VERTEX_POINT('',#16261);
#4986=VERTEX_POINT('',#16267);
#4987=VERTEX_POINT('',#16275);
#4988=VERTEX_POINT('',#16279);
#4989=VERTEX_POINT('',#16285);
#4990=VERTEX_POINT('',#16291);
#4991=VERTEX_POINT('',#16297);
#4992=VERTEX_POINT('',#16303);
#4993=VERTEX_POINT('',#16309);
#4994=VERTEX_POINT('',#16313);
#4995=VERTEX_POINT('',#16319);
#4996=VERTEX_POINT('',#16327);
#4997=VERTEX_POINT('',#16333);
#4998=VERTEX_POINT('',#16337);
#4999=VERTEX_POINT('',#16347);
#5000=VERTEX_POINT('',#16351);
#5001=VERTEX_POINT('',#16359);
#5002=VERTEX_POINT('',#16363);
#5003=VERTEX_POINT('',#16369);
#5004=VERTEX_POINT('',#16377);
#5005=VERTEX_POINT('',#16381);
#5006=VERTEX_POINT('',#16389);
#5007=VERTEX_POINT('',#16395);
#5008=VERTEX_POINT('',#16399);
#5009=VERTEX_POINT('',#16407);
#5010=VERTEX_POINT('',#16413);
#5011=VERTEX_POINT('',#16419);
#5012=VERTEX_POINT('',#16423);
#5013=VERTEX_POINT('',#16427);
#5014=VERTEX_POINT('',#16435);
#5015=VERTEX_POINT('',#16441);
#5016=VERTEX_POINT('',#16447);
#5017=VERTEX_POINT('',#16453);
#5018=VERTEX_POINT('',#16459);
#5019=VERTEX_POINT('',#16463);
#5020=VERTEX_POINT('',#16464);
#5021=VERTEX_POINT('',#16466);
#5022=VERTEX_POINT('',#16470);
#5023=VERTEX_POINT('',#16477);
#5024=VERTEX_POINT('',#16478);
#5025=VERTEX_POINT('',#16480);
#5026=VERTEX_POINT('',#16482);
#5027=VERTEX_POINT('',#16486);
#5028=VERTEX_POINT('',#16490);
#5029=VERTEX_POINT('',#16494);
#5030=VERTEX_POINT('',#16498);
#5031=VERTEX_POINT('',#16502);
#5032=VERTEX_POINT('',#16506);
#5033=VERTEX_POINT('',#16510);
#5034=VERTEX_POINT('',#16514);
#5035=VERTEX_POINT('',#16518);
#5036=VERTEX_POINT('',#16522);
#5037=VERTEX_POINT('',#16526);
#5038=VERTEX_POINT('',#16530);
#5039=VERTEX_POINT('',#16534);
#5040=VERTEX_POINT('',#16538);
#5041=VERTEX_POINT('',#16542);
#5042=VERTEX_POINT('',#16546);
#5043=VERTEX_POINT('',#16550);
#5044=VERTEX_POINT('',#16554);
#5045=VERTEX_POINT('',#16558);
#5046=VERTEX_POINT('',#16562);
#5047=VERTEX_POINT('',#16566);
#5048=VERTEX_POINT('',#16570);
#5049=VERTEX_POINT('',#16574);
#5050=VERTEX_POINT('',#16578);
#5051=VERTEX_POINT('',#16582);
#5052=VERTEX_POINT('',#16586);
#5053=VERTEX_POINT('',#16590);
#5054=VERTEX_POINT('',#16594);
#5055=VERTEX_POINT('',#16598);
#5056=VERTEX_POINT('',#16602);
#5057=VERTEX_POINT('',#16606);
#5058=VERTEX_POINT('',#16610);
#5059=VERTEX_POINT('',#16614);
#5060=VERTEX_POINT('',#16618);
#5061=VERTEX_POINT('',#16622);
#5062=VERTEX_POINT('',#16626);
#5063=VERTEX_POINT('',#16630);
#5064=VERTEX_POINT('',#16634);
#5065=VERTEX_POINT('',#16638);
#5066=VERTEX_POINT('',#16642);
#5067=VERTEX_POINT('',#16646);
#5068=VERTEX_POINT('',#16650);
#5069=VERTEX_POINT('',#16654);
#5070=VERTEX_POINT('',#16658);
#5071=VERTEX_POINT('',#16662);
#5072=VERTEX_POINT('',#16666);
#5073=VERTEX_POINT('',#16670);
#5074=VERTEX_POINT('',#16674);
#5075=VERTEX_POINT('',#16678);
#5076=VERTEX_POINT('',#16682);
#5077=VERTEX_POINT('',#16686);
#5078=VERTEX_POINT('',#16690);
#5079=VERTEX_POINT('',#16692);
#5080=VERTEX_POINT('',#16696);
#5081=VERTEX_POINT('',#16702);
#5082=VERTEX_POINT('',#16704);
#5083=VERTEX_POINT('',#16710);
#5084=VERTEX_POINT('',#16714);
#5085=VERTEX_POINT('',#16716);
#5086=VERTEX_POINT('',#16720);
#5087=VERTEX_POINT('',#16726);
#5088=VERTEX_POINT('',#16728);
#5089=VERTEX_POINT('',#16734);
#5090=VERTEX_POINT('',#16736);
#5091=VERTEX_POINT('',#16742);
#5092=VERTEX_POINT('',#16744);
#5093=VERTEX_POINT('',#16750);
#5094=VERTEX_POINT('',#16754);
#5095=VERTEX_POINT('',#16758);
#5096=VERTEX_POINT('',#16762);
#5097=VERTEX_POINT('',#16766);
#5098=VERTEX_POINT('',#16770);
#5099=VERTEX_POINT('',#16774);
#5100=VERTEX_POINT('',#16778);
#5101=VERTEX_POINT('',#16782);
#5102=VERTEX_POINT('',#16786);
#5103=VERTEX_POINT('',#16790);
#5104=VERTEX_POINT('',#16794);
#5105=VERTEX_POINT('',#16798);
#5106=VERTEX_POINT('',#16802);
#5107=VERTEX_POINT('',#16806);
#5108=VERTEX_POINT('',#16810);
#5109=VERTEX_POINT('',#16814);
#5110=VERTEX_POINT('',#16818);
#5111=VERTEX_POINT('',#16822);
#5112=VERTEX_POINT('',#16826);
#5113=VERTEX_POINT('',#16830);
#5114=VERTEX_POINT('',#16834);
#5115=VERTEX_POINT('',#16838);
#5116=VERTEX_POINT('',#16842);
#5117=VERTEX_POINT('',#16846);
#5118=VERTEX_POINT('',#16850);
#5119=VERTEX_POINT('',#16854);
#5120=VERTEX_POINT('',#16858);
#5121=VERTEX_POINT('',#16867);
#5122=VERTEX_POINT('',#16871);
#5123=VERTEX_POINT('',#16877);
#5124=VERTEX_POINT('',#16883);
#5125=VERTEX_POINT('',#16889);
#5126=VERTEX_POINT('',#16895);
#5127=VERTEX_POINT('',#16901);
#5128=VERTEX_POINT('',#16905);
#5129=VERTEX_POINT('',#16911);
#5130=VERTEX_POINT('',#16919);
#5131=VERTEX_POINT('',#16925);
#5132=VERTEX_POINT('',#16929);
#5133=VERTEX_POINT('',#16939);
#5134=VERTEX_POINT('',#16943);
#5135=VERTEX_POINT('',#16951);
#5136=VERTEX_POINT('',#16955);
#5137=VERTEX_POINT('',#16961);
#5138=VERTEX_POINT('',#16969);
#5139=VERTEX_POINT('',#16973);
#5140=VERTEX_POINT('',#16981);
#5141=VERTEX_POINT('',#16987);
#5142=VERTEX_POINT('',#16991);
#5143=VERTEX_POINT('',#16999);
#5144=VERTEX_POINT('',#17005);
#5145=VERTEX_POINT('',#17011);
#5146=VERTEX_POINT('',#17015);
#5147=VERTEX_POINT('',#17019);
#5148=VERTEX_POINT('',#17027);
#5149=VERTEX_POINT('',#17033);
#5150=VERTEX_POINT('',#17039);
#5151=VERTEX_POINT('',#17045);
#5152=VERTEX_POINT('',#17051);
#5153=VERTEX_POINT('',#17055);
#5154=VERTEX_POINT('',#17056);
#5155=VERTEX_POINT('',#17063);
#5156=VERTEX_POINT('',#17069);
#5157=VERTEX_POINT('',#17075);
#5158=VERTEX_POINT('',#17081);
#5159=VERTEX_POINT('',#17087);
#5160=VERTEX_POINT('',#17091);
#5161=VERTEX_POINT('',#17099);
#5162=VERTEX_POINT('',#17105);
#5163=VERTEX_POINT('',#17111);
#5164=VERTEX_POINT('',#17117);
#5165=VERTEX_POINT('',#17121);
#5166=VERTEX_POINT('',#17131);
#5167=VERTEX_POINT('',#17137);
#5168=VERTEX_POINT('',#17141);
#5169=VERTEX_POINT('',#17149);
#5170=VERTEX_POINT('',#17155);
#5171=VERTEX_POINT('',#17161);
#5172=VERTEX_POINT('',#17167);
#5173=VERTEX_POINT('',#17171);
#5174=VERTEX_POINT('',#17179);
#5175=VERTEX_POINT('',#17185);
#5176=VERTEX_POINT('',#17191);
#5177=VERTEX_POINT('',#17195);
#5178=VERTEX_POINT('',#17199);
#5179=VERTEX_POINT('',#17207);
#5180=VERTEX_POINT('',#17213);
#5181=VERTEX_POINT('',#17219);
#5182=VERTEX_POINT('',#17225);
#5183=VERTEX_POINT('',#17231);
#5184=VERTEX_POINT('',#17237);
#5185=VERTEX_POINT('',#17245);
#5186=VERTEX_POINT('',#17249);
#5187=VERTEX_POINT('',#17257);
#5188=VERTEX_POINT('',#17261);
#5189=VERTEX_POINT('',#17269);
#5190=VERTEX_POINT('',#17273);
#5191=VERTEX_POINT('',#17279);
#5192=VERTEX_POINT('',#17287);
#5193=VERTEX_POINT('',#17291);
#5194=VERTEX_POINT('',#17297);
#5195=VERTEX_POINT('',#17303);
#5196=VERTEX_POINT('',#17311);
#5197=VERTEX_POINT('',#17315);
#5198=VERTEX_POINT('',#17321);
#5199=VERTEX_POINT('',#17327);
#5200=VERTEX_POINT('',#17333);
#5201=VERTEX_POINT('',#17341);
#5202=VERTEX_POINT('',#17347);
#5203=VERTEX_POINT('',#17351);
#5204=VERTEX_POINT('',#17357);
#5205=VERTEX_POINT('',#17365);
#5206=VERTEX_POINT('',#17369);
#5207=VERTEX_POINT('',#17375);
#5208=VERTEX_POINT('',#17383);
#5209=VERTEX_POINT('',#17387);
#5210=VERTEX_POINT('',#17393);
#5211=VERTEX_POINT('',#17399);
#5212=VERTEX_POINT('',#17405);
#5213=VERTEX_POINT('',#17411);
#5214=VERTEX_POINT('',#17417);
#5215=VERTEX_POINT('',#17423);
#5216=VERTEX_POINT('',#17431);
#5217=VERTEX_POINT('',#17437);
#5218=VERTEX_POINT('',#17441);
#5219=VERTEX_POINT('',#17447);
#5220=VERTEX_POINT('',#17455);
#5221=VERTEX_POINT('',#17459);
#5222=VERTEX_POINT('',#17467);
#5223=VERTEX_POINT('',#17471);
#5224=VERTEX_POINT('',#17477);
#5225=VERTEX_POINT('',#17483);
#5226=VERTEX_POINT('',#17491);
#5227=VERTEX_POINT('',#17495);
#5228=VERTEX_POINT('',#17501);
#5229=VERTEX_POINT('',#17507);
#5230=VERTEX_POINT('',#17513);
#5231=VERTEX_POINT('',#17519);
#5232=VERTEX_POINT('',#17527);
#5233=VERTEX_POINT('',#17531);
#5234=VERTEX_POINT('',#17534);
#5235=VERTEX_POINT('',#17539);
#5236=VERTEX_POINT('',#17547);
#5237=VERTEX_POINT('',#17549);
#5238=VERTEX_POINT('',#17551);
#5239=VERTEX_POINT('',#17553);
#5240=VERTEX_POINT('',#17555);
#5241=VERTEX_POINT('',#17557);
#5242=VERTEX_POINT('',#17559);
#5243=VERTEX_POINT('',#17561);
#5244=VERTEX_POINT('',#17563);
#5245=VERTEX_POINT('',#17565);
#5246=VERTEX_POINT('',#17567);
#5247=VERTEX_POINT('',#17569);
#5248=VERTEX_POINT('',#17571);
#5249=VERTEX_POINT('',#17573);
#5250=VERTEX_POINT('',#17575);
#5251=VERTEX_POINT('',#17577);
#5252=VERTEX_POINT('',#17579);
#5253=VERTEX_POINT('',#17581);
#5254=VERTEX_POINT('',#17583);
#5255=VERTEX_POINT('',#17585);
#5256=VERTEX_POINT('',#17587);
#5257=VERTEX_POINT('',#17589);
#5258=VERTEX_POINT('',#17591);
#5259=VERTEX_POINT('',#17593);
#5260=VERTEX_POINT('',#17595);
#5261=VERTEX_POINT('',#17597);
#5262=VERTEX_POINT('',#17599);
#5263=VERTEX_POINT('',#17601);
#5264=VERTEX_POINT('',#17603);
#5265=VERTEX_POINT('',#17605);
#5266=VERTEX_POINT('',#17607);
#5267=VERTEX_POINT('',#17737);
#5268=VERTEX_POINT('',#17739);
#5269=VERTEX_POINT('',#17741);
#5270=VERTEX_POINT('',#17743);
#5271=VERTEX_POINT('',#17745);
#5272=VERTEX_POINT('',#17747);
#5273=VERTEX_POINT('',#17749);
#5274=VERTEX_POINT('',#17751);
#5275=VERTEX_POINT('',#17753);
#5276=VERTEX_POINT('',#17755);
#5277=VERTEX_POINT('',#17757);
#5278=VERTEX_POINT('',#17759);
#5279=VERTEX_POINT('',#17761);
#5280=VERTEX_POINT('',#17763);
#5281=VERTEX_POINT('',#17765);
#5282=VERTEX_POINT('',#17767);
#5283=VERTEX_POINT('',#17769);
#5284=VERTEX_POINT('',#17771);
#5285=VERTEX_POINT('',#17773);
#5286=VERTEX_POINT('',#17775);
#5287=VERTEX_POINT('',#17777);
#5288=VERTEX_POINT('',#17779);
#5289=VERTEX_POINT('',#17781);
#5290=VERTEX_POINT('',#17783);
#5291=VERTEX_POINT('',#17785);
#5292=VERTEX_POINT('',#17787);
#5293=VERTEX_POINT('',#17789);
#5294=VERTEX_POINT('',#17791);
#5295=VERTEX_POINT('',#17793);
#5296=VERTEX_POINT('',#17795);
#5297=VERTEX_POINT('',#17797);
#5298=VERTEX_POINT('',#17802);
#5299=VERTEX_POINT('',#17808);
#5300=VERTEX_POINT('',#17814);
#5301=VERTEX_POINT('',#17820);
#5302=VERTEX_POINT('',#17826);
#5303=VERTEX_POINT('',#17832);
#5304=VERTEX_POINT('',#17838);
#5305=VERTEX_POINT('',#17844);
#5306=VERTEX_POINT('',#17850);
#5307=VERTEX_POINT('',#17856);
#5308=VERTEX_POINT('',#17864);
#5309=VERTEX_POINT('',#17868);
#5310=VERTEX_POINT('',#17874);
#5311=VERTEX_POINT('',#17878);
#5312=VERTEX_POINT('',#17888);
#5313=VERTEX_POINT('',#17894);
#5314=VERTEX_POINT('',#17900);
#5315=VERTEX_POINT('',#17906);
#5316=VERTEX_POINT('',#17912);
#5317=VERTEX_POINT('',#17918);
#5318=VERTEX_POINT('',#17924);
#5319=VERTEX_POINT('',#17930);
#5320=VERTEX_POINT('',#17936);
#5321=VERTEX_POINT('',#17942);
#5322=VERTEX_POINT('',#17948);
#5323=VERTEX_POINT('',#17952);
#5324=VERTEX_POINT('',#17958);
#5325=VERTEX_POINT('',#17964);
#5326=VERTEX_POINT('',#17970);
#5327=VERTEX_POINT('',#17976);
#5328=VERTEX_POINT('',#17982);
#5329=VERTEX_POINT('',#17997);
#5330=VERTEX_POINT('',#18001);
#5331=VERTEX_POINT('',#18009);
#5332=VERTEX_POINT('',#18013);
#5333=VERTEX_POINT('',#18021);
#5334=VERTEX_POINT('',#18025);
#5335=VERTEX_POINT('',#18031);
#5336=VERTEX_POINT('',#18039);
#5337=VERTEX_POINT('',#18043);
#5338=VERTEX_POINT('',#18049);
#5339=VERTEX_POINT('',#18055);
#5340=VERTEX_POINT('',#18063);
#5341=VERTEX_POINT('',#18067);
#5342=VERTEX_POINT('',#18073);
#5343=VERTEX_POINT('',#18079);
#5344=VERTEX_POINT('',#18085);
#5345=VERTEX_POINT('',#18093);
#5346=VERTEX_POINT('',#18099);
#5347=VERTEX_POINT('',#18103);
#5348=VERTEX_POINT('',#18109);
#5349=VERTEX_POINT('',#18117);
#5350=VERTEX_POINT('',#18121);
#5351=VERTEX_POINT('',#18127);
#5352=VERTEX_POINT('',#18135);
#5353=VERTEX_POINT('',#18139);
#5354=VERTEX_POINT('',#18145);
#5355=VERTEX_POINT('',#18151);
#5356=VERTEX_POINT('',#18157);
#5357=VERTEX_POINT('',#18163);
#5358=VERTEX_POINT('',#18169);
#5359=VERTEX_POINT('',#18175);
#5360=VERTEX_POINT('',#18183);
#5361=VERTEX_POINT('',#18189);
#5362=VERTEX_POINT('',#18193);
#5363=VERTEX_POINT('',#18199);
#5364=VERTEX_POINT('',#18207);
#5365=VERTEX_POINT('',#18211);
#5366=VERTEX_POINT('',#18219);
#5367=VERTEX_POINT('',#18223);
#5368=VERTEX_POINT('',#18229);
#5369=VERTEX_POINT('',#18235);
#5370=VERTEX_POINT('',#18243);
#5371=VERTEX_POINT('',#18247);
#5372=VERTEX_POINT('',#18253);
#5373=VERTEX_POINT('',#18259);
#5374=VERTEX_POINT('',#18265);
#5375=VERTEX_POINT('',#18271);
#5376=VERTEX_POINT('',#18283);
#5377=VERTEX_POINT('',#18285);
#5378=VERTEX_POINT('',#18287);
#5379=VERTEX_POINT('',#18289);
#5380=VERTEX_POINT('',#18291);
#5381=VERTEX_POINT('',#18293);
#5382=VERTEX_POINT('',#18295);
#5383=VERTEX_POINT('',#18297);
#5384=VERTEX_POINT('',#18299);
#5385=VERTEX_POINT('',#18301);
#5386=VERTEX_POINT('',#18303);
#5387=VERTEX_POINT('',#18305);
#5388=VERTEX_POINT('',#18307);
#5389=VERTEX_POINT('',#18309);
#5390=VERTEX_POINT('',#18311);
#5391=VERTEX_POINT('',#18313);
#5392=VERTEX_POINT('',#18315);
#5393=VERTEX_POINT('',#18317);
#5394=VERTEX_POINT('',#18319);
#5395=VERTEX_POINT('',#18321);
#5396=VERTEX_POINT('',#18323);
#5397=VERTEX_POINT('',#18325);
#5398=VERTEX_POINT('',#18327);
#5399=VERTEX_POINT('',#18329);
#5400=VERTEX_POINT('',#18331);
#5401=VERTEX_POINT('',#18333);
#5402=VERTEX_POINT('',#18335);
#5403=VERTEX_POINT('',#18337);
#5404=VERTEX_POINT('',#18339);
#5405=VERTEX_POINT('',#18341);
#5406=VERTEX_POINT('',#18343);
#5407=EDGE_CURVE('',#4615,#4616,#1525,.T.);
#5408=EDGE_CURVE('',#4617,#4615,#1526,.T.);
#5409=EDGE_CURVE('',#4618,#4617,#1527,.T.);
#5410=EDGE_CURVE('',#4619,#4618,#1528,.T.);
#5411=EDGE_CURVE('',#4620,#4619,#1529,.T.);
#5412=EDGE_CURVE('',#4621,#4620,#1530,.T.);
#5413=EDGE_CURVE('',#4622,#4621,#1531,.T.);
#5414=EDGE_CURVE('',#4623,#4622,#1532,.T.);
#5415=EDGE_CURVE('',#4624,#4623,#1533,.T.);
#5416=EDGE_CURVE('',#4625,#4624,#1534,.T.);
#5417=EDGE_CURVE('',#4626,#4625,#1535,.T.);
#5418=EDGE_CURVE('',#4627,#4626,#1536,.T.);
#5419=EDGE_CURVE('',#4628,#4627,#1537,.T.);
#5420=EDGE_CURVE('',#4629,#4628,#1538,.T.);
#5421=EDGE_CURVE('',#4630,#4629,#1539,.T.);
#5422=EDGE_CURVE('',#4631,#4630,#1540,.T.);
#5423=EDGE_CURVE('',#4632,#4631,#1541,.T.);
#5424=EDGE_CURVE('',#4633,#4632,#1542,.T.);
#5425=EDGE_CURVE('',#4634,#4633,#1543,.T.);
#5426=EDGE_CURVE('',#4635,#4634,#1544,.T.);
#5427=EDGE_CURVE('',#4636,#4635,#1545,.T.);
#5428=EDGE_CURVE('',#4637,#4636,#1546,.T.);
#5429=EDGE_CURVE('',#4638,#4637,#1547,.T.);
#5430=EDGE_CURVE('',#4639,#4638,#1548,.T.);
#5431=EDGE_CURVE('',#4640,#4639,#1549,.T.);
#5432=EDGE_CURVE('',#4641,#4640,#1550,.T.);
#5433=EDGE_CURVE('',#4642,#4641,#1551,.T.);
#5434=EDGE_CURVE('',#4643,#4642,#1552,.T.);
#5435=EDGE_CURVE('',#4644,#4643,#1553,.T.);
#5436=EDGE_CURVE('',#4645,#4644,#1554,.T.);
#5437=EDGE_CURVE('',#4646,#4645,#1555,.T.);
#5438=EDGE_CURVE('',#4647,#4646,#1556,.T.);
#5439=EDGE_CURVE('',#4648,#4647,#1557,.T.);
#5440=EDGE_CURVE('',#4649,#4648,#1558,.T.);
#5441=EDGE_CURVE('',#4649,#4650,#1559,.T.);
#5442=EDGE_CURVE('',#4650,#4651,#1560,.T.);
#5443=EDGE_CURVE('',#4652,#4651,#1561,.T.);
#5444=EDGE_CURVE('',#4653,#4652,#1562,.T.);
#5445=EDGE_CURVE('',#4654,#4653,#1563,.T.);
#5446=EDGE_CURVE('',#4655,#4654,#1564,.T.);
#5447=EDGE_CURVE('',#4656,#4655,#1565,.T.);
#5448=EDGE_CURVE('',#4657,#4656,#1566,.T.);
#5449=EDGE_CURVE('',#4658,#4657,#1567,.T.);
#5450=EDGE_CURVE('',#4659,#4658,#1568,.T.);
#5451=EDGE_CURVE('',#4660,#4659,#1569,.T.);
#5452=EDGE_CURVE('',#4661,#4660,#1570,.T.);
#5453=EDGE_CURVE('',#4662,#4661,#1571,.T.);
#5454=EDGE_CURVE('',#4663,#4662,#1572,.T.);
#5455=EDGE_CURVE('',#4664,#4663,#1573,.T.);
#5456=EDGE_CURVE('',#4665,#4664,#1574,.T.);
#5457=EDGE_CURVE('',#4666,#4665,#1575,.T.);
#5458=EDGE_CURVE('',#4667,#4666,#1576,.T.);
#5459=EDGE_CURVE('',#4668,#4667,#1577,.T.);
#5460=EDGE_CURVE('',#4669,#4668,#1578,.T.);
#5461=EDGE_CURVE('',#4670,#4669,#1579,.T.);
#5462=EDGE_CURVE('',#4671,#4670,#1580,.T.);
#5463=EDGE_CURVE('',#4672,#4671,#1581,.T.);
#5464=EDGE_CURVE('',#4673,#4672,#1582,.T.);
#5465=EDGE_CURVE('',#4674,#4673,#1583,.T.);
#5466=EDGE_CURVE('',#4675,#4674,#1584,.T.);
#5467=EDGE_CURVE('',#4676,#4675,#1585,.T.);
#5468=EDGE_CURVE('',#4677,#4676,#1586,.T.);
#5469=EDGE_CURVE('',#4678,#4677,#1587,.T.);
#5470=EDGE_CURVE('',#4679,#4678,#1588,.T.);
#5471=EDGE_CURVE('',#4680,#4679,#1589,.T.);
#5472=EDGE_CURVE('',#4681,#4680,#1590,.T.);
#5473=EDGE_CURVE('',#4682,#4681,#1591,.T.);
#5474=EDGE_CURVE('',#4616,#4682,#1592,.T.);
#5475=EDGE_CURVE('',#4683,#4616,#1593,.T.);
#5476=EDGE_CURVE('',#4684,#4683,#1594,.T.);
#5477=EDGE_CURVE('',#4684,#4615,#1595,.T.);
#5478=EDGE_CURVE('',#4685,#4686,#1596,.T.);
#5479=EDGE_CURVE('',#4687,#4685,#1597,.T.);
#5480=EDGE_CURVE('',#4687,#4688,#1598,.T.);
#5481=EDGE_CURVE('',#4688,#4686,#1599,.T.);
#5482=EDGE_CURVE('',#4688,#4689,#1600,.T.);
#5483=EDGE_CURVE('',#4689,#4690,#1601,.T.);
#5484=EDGE_CURVE('',#4691,#4690,#1602,.T.);
#5485=EDGE_CURVE('',#4692,#4691,#1603,.T.);
#5486=EDGE_CURVE('',#4693,#4692,#1604,.T.);
#5487=EDGE_CURVE('',#4694,#4693,#1605,.T.);
#5488=EDGE_CURVE('',#4695,#4694,#1606,.T.);
#5489=EDGE_CURVE('',#4696,#4695,#1607,.T.);
#5490=EDGE_CURVE('',#4697,#4696,#1608,.T.);
#5491=EDGE_CURVE('',#4698,#4697,#1609,.T.);
#5492=EDGE_CURVE('',#4699,#4698,#1610,.T.);
#5493=EDGE_CURVE('',#4700,#4699,#1611,.T.);
#5494=EDGE_CURVE('',#4701,#4700,#1612,.T.);
#5495=EDGE_CURVE('',#4702,#4701,#1613,.T.);
#5496=EDGE_CURVE('',#4703,#4702,#1614,.T.);
#5497=EDGE_CURVE('',#4704,#4703,#1615,.T.);
#5498=EDGE_CURVE('',#4705,#4704,#1616,.T.);
#5499=EDGE_CURVE('',#4706,#4705,#1617,.T.);
#5500=EDGE_CURVE('',#4707,#4706,#1618,.T.);
#5501=EDGE_CURVE('',#4708,#4707,#1619,.T.);
#5502=EDGE_CURVE('',#4709,#4708,#1620,.T.);
#5503=EDGE_CURVE('',#4710,#4709,#1621,.T.);
#5504=EDGE_CURVE('',#4711,#4710,#1622,.T.);
#5505=EDGE_CURVE('',#4712,#4711,#1623,.T.);
#5506=EDGE_CURVE('',#4713,#4712,#1624,.T.);
#5507=EDGE_CURVE('',#4714,#4713,#1625,.T.);
#5508=EDGE_CURVE('',#4715,#4714,#1626,.T.);
#5509=EDGE_CURVE('',#4716,#4715,#1627,.T.);
#5510=EDGE_CURVE('',#4717,#4716,#1628,.T.);
#5511=EDGE_CURVE('',#4718,#4717,#1629,.T.);
#5512=EDGE_CURVE('',#4719,#4718,#1630,.T.);
#5513=EDGE_CURVE('',#4720,#4719,#1631,.T.);
#5514=EDGE_CURVE('',#4721,#4720,#1632,.T.);
#5515=EDGE_CURVE('',#4722,#4721,#1633,.T.);
#5516=EDGE_CURVE('',#4723,#4722,#1634,.T.);
#5517=EDGE_CURVE('',#4724,#4723,#1635,.T.);
#5518=EDGE_CURVE('',#4725,#4724,#1636,.T.);
#5519=EDGE_CURVE('',#4726,#4725,#1637,.T.);
#5520=EDGE_CURVE('',#4727,#4726,#1638,.T.);
#5521=EDGE_CURVE('',#4728,#4727,#1639,.T.);
#5522=EDGE_CURVE('',#4729,#4728,#1640,.T.);
#5523=EDGE_CURVE('',#4730,#4729,#1641,.T.);
#5524=EDGE_CURVE('',#4731,#4730,#1642,.T.);
#5525=EDGE_CURVE('',#4732,#4731,#1643,.T.);
#5526=EDGE_CURVE('',#4733,#4732,#1644,.T.);
#5527=EDGE_CURVE('',#4734,#4733,#1645,.T.);
#5528=EDGE_CURVE('',#4735,#4734,#1646,.T.);
#5529=EDGE_CURVE('',#4736,#4735,#1647,.T.);
#5530=EDGE_CURVE('',#4737,#4736,#1648,.T.);
#5531=EDGE_CURVE('',#4738,#4737,#1649,.T.);
#5532=EDGE_CURVE('',#4739,#4738,#1650,.T.);
#5533=EDGE_CURVE('',#4740,#4739,#1651,.T.);
#5534=EDGE_CURVE('',#4741,#4740,#1652,.T.);
#5535=EDGE_CURVE('',#4742,#4741,#1653,.T.);
#5536=EDGE_CURVE('',#4743,#4742,#1654,.T.);
#5537=EDGE_CURVE('',#4744,#4743,#1655,.T.);
#5538=EDGE_CURVE('',#4745,#4744,#1656,.T.);
#5539=EDGE_CURVE('',#4746,#4745,#1657,.T.);
#5540=EDGE_CURVE('',#4747,#4746,#1658,.T.);
#5541=EDGE_CURVE('',#4748,#4747,#1659,.T.);
#5542=EDGE_CURVE('',#4749,#4748,#1660,.T.);
#5543=EDGE_CURVE('',#4750,#4749,#1661,.T.);
#5544=EDGE_CURVE('',#4751,#4750,#1662,.T.);
#5545=EDGE_CURVE('',#4752,#4751,#1663,.T.);
#5546=EDGE_CURVE('',#4753,#4752,#1664,.T.);
#5547=EDGE_CURVE('',#4754,#4753,#1665,.T.);
#5548=EDGE_CURVE('',#4755,#4754,#1666,.T.);
#5549=EDGE_CURVE('',#4756,#4755,#1667,.T.);
#5550=EDGE_CURVE('',#4757,#4756,#1668,.T.);
#5551=EDGE_CURVE('',#4758,#4757,#1669,.T.);
#5552=EDGE_CURVE('',#4759,#4758,#1670,.T.);
#5553=EDGE_CURVE('',#4760,#4759,#1671,.T.);
#5554=EDGE_CURVE('',#4761,#4760,#1672,.T.);
#5555=EDGE_CURVE('',#4762,#4761,#1673,.T.);
#5556=EDGE_CURVE('',#4763,#4762,#1674,.T.);
#5557=EDGE_CURVE('',#4764,#4763,#1675,.T.);
#5558=EDGE_CURVE('',#4765,#4764,#1676,.T.);
#5559=EDGE_CURVE('',#4766,#4765,#1677,.T.);
#5560=EDGE_CURVE('',#4767,#4766,#1678,.T.);
#5561=EDGE_CURVE('',#4768,#4767,#1679,.T.);
#5562=EDGE_CURVE('',#4769,#4768,#1680,.T.);
#5563=EDGE_CURVE('',#4770,#4769,#1681,.T.);
#5564=EDGE_CURVE('',#4771,#4770,#1682,.T.);
#5565=EDGE_CURVE('',#4686,#4771,#1683,.T.);
#5566=EDGE_CURVE('',#4772,#4773,#1684,.T.);
#5567=EDGE_CURVE('',#4774,#4772,#1685,.T.);
#5568=EDGE_CURVE('',#4774,#4775,#1686,.T.);
#5569=EDGE_CURVE('',#4775,#4773,#1687,.T.);
#5570=EDGE_CURVE('',#4775,#4776,#1688,.T.);
#5571=EDGE_CURVE('',#4776,#4777,#1689,.T.);
#5572=EDGE_CURVE('',#4778,#4777,#1690,.T.);
#5573=EDGE_CURVE('',#4779,#4778,#1691,.T.);
#5574=EDGE_CURVE('',#4780,#4779,#1692,.T.);
#5575=EDGE_CURVE('',#4781,#4780,#1693,.T.);
#5576=EDGE_CURVE('',#4782,#4781,#1694,.T.);
#5577=EDGE_CURVE('',#4783,#4782,#1695,.T.);
#5578=EDGE_CURVE('',#4784,#4783,#1696,.T.);
#5579=EDGE_CURVE('',#4785,#4784,#1697,.T.);
#5580=EDGE_CURVE('',#4786,#4785,#1698,.T.);
#5581=EDGE_CURVE('',#4787,#4786,#1699,.T.);
#5582=EDGE_CURVE('',#4788,#4787,#1700,.T.);
#5583=EDGE_CURVE('',#4789,#4788,#1701,.T.);
#5584=EDGE_CURVE('',#4790,#4789,#1702,.T.);
#5585=EDGE_CURVE('',#4791,#4790,#1703,.T.);
#5586=EDGE_CURVE('',#4792,#4791,#1704,.T.);
#5587=EDGE_CURVE('',#4793,#4792,#1705,.T.);
#5588=EDGE_CURVE('',#4794,#4793,#1706,.T.);
#5589=EDGE_CURVE('',#4795,#4794,#1707,.T.);
#5590=EDGE_CURVE('',#4796,#4795,#1708,.T.);
#5591=EDGE_CURVE('',#4797,#4796,#1709,.T.);
#5592=EDGE_CURVE('',#4798,#4797,#1710,.T.);
#5593=EDGE_CURVE('',#4799,#4798,#1711,.T.);
#5594=EDGE_CURVE('',#4800,#4799,#1712,.T.);
#5595=EDGE_CURVE('',#4801,#4800,#1713,.T.);
#5596=EDGE_CURVE('',#4802,#4801,#1714,.T.);
#5597=EDGE_CURVE('',#4803,#4802,#1715,.T.);
#5598=EDGE_CURVE('',#4804,#4803,#1716,.T.);
#5599=EDGE_CURVE('',#4805,#4804,#1717,.T.);
#5600=EDGE_CURVE('',#4806,#4805,#1718,.T.);
#5601=EDGE_CURVE('',#4807,#4806,#1719,.T.);
#5602=EDGE_CURVE('',#4808,#4807,#1720,.T.);
#5603=EDGE_CURVE('',#4809,#4808,#1721,.T.);
#5604=EDGE_CURVE('',#4809,#4810,#1722,.T.);
#5605=EDGE_CURVE('',#4811,#4810,#1723,.T.);
#5606=EDGE_CURVE('',#4812,#4811,#1724,.T.);
#5607=EDGE_CURVE('',#4813,#4812,#1725,.T.);
#5608=EDGE_CURVE('',#4814,#4813,#1726,.T.);
#5609=EDGE_CURVE('',#4815,#4814,#1727,.T.);
#5610=EDGE_CURVE('',#4816,#4815,#1728,.T.);
#5611=EDGE_CURVE('',#4817,#4816,#1729,.T.);
#5612=EDGE_CURVE('',#4818,#4817,#1730,.T.);
#5613=EDGE_CURVE('',#4819,#4818,#1731,.T.);
#5614=EDGE_CURVE('',#4820,#4819,#1732,.T.);
#5615=EDGE_CURVE('',#4821,#4820,#1733,.T.);
#5616=EDGE_CURVE('',#4822,#4821,#1734,.T.);
#5617=EDGE_CURVE('',#4823,#4822,#1735,.T.);
#5618=EDGE_CURVE('',#4824,#4823,#1736,.T.);
#5619=EDGE_CURVE('',#4825,#4824,#1737,.T.);
#5620=EDGE_CURVE('',#4826,#4825,#1738,.T.);
#5621=EDGE_CURVE('',#4827,#4826,#1739,.T.);
#5622=EDGE_CURVE('',#4828,#4827,#1740,.T.);
#5623=EDGE_CURVE('',#4829,#4828,#1741,.T.);
#5624=EDGE_CURVE('',#4830,#4829,#1742,.T.);
#5625=EDGE_CURVE('',#4831,#4830,#1743,.T.);
#5626=EDGE_CURVE('',#4832,#4831,#1744,.T.);
#5627=EDGE_CURVE('',#4833,#4832,#1745,.T.);
#5628=EDGE_CURVE('',#4834,#4833,#1746,.T.);
#5629=EDGE_CURVE('',#4835,#4834,#1747,.T.);
#5630=EDGE_CURVE('',#4836,#4835,#1748,.T.);
#5631=EDGE_CURVE('',#4837,#4836,#1749,.T.);
#5632=EDGE_CURVE('',#4838,#4837,#1750,.T.);
#5633=EDGE_CURVE('',#4839,#4838,#1751,.T.);
#5634=EDGE_CURVE('',#4840,#4839,#1752,.T.);
#5635=EDGE_CURVE('',#4841,#4840,#1753,.T.);
#5636=EDGE_CURVE('',#4842,#4841,#1754,.T.);
#5637=EDGE_CURVE('',#4843,#4842,#1755,.T.);
#5638=EDGE_CURVE('',#4844,#4843,#1756,.T.);
#5639=EDGE_CURVE('',#4845,#4844,#1757,.T.);
#5640=EDGE_CURVE('',#4846,#4845,#1758,.T.);
#5641=EDGE_CURVE('',#4847,#4846,#1759,.T.);
#5642=EDGE_CURVE('',#4848,#4847,#1760,.T.);
#5643=EDGE_CURVE('',#4849,#4848,#1761,.T.);
#5644=EDGE_CURVE('',#4850,#4849,#1762,.T.);
#5645=EDGE_CURVE('',#4851,#4850,#1763,.T.);
#5646=EDGE_CURVE('',#4852,#4851,#1764,.T.);
#5647=EDGE_CURVE('',#4853,#4852,#1765,.T.);
#5648=EDGE_CURVE('',#4854,#4853,#1766,.T.);
#5649=EDGE_CURVE('',#4855,#4854,#1767,.T.);
#5650=EDGE_CURVE('',#4856,#4855,#1768,.T.);
#5651=EDGE_CURVE('',#4857,#4856,#1769,.T.);
#5652=EDGE_CURVE('',#4858,#4857,#1770,.T.);
#5653=EDGE_CURVE('',#4773,#4858,#1771,.T.);
#5654=EDGE_CURVE('',#4859,#4860,#1772,.T.);
#5655=EDGE_CURVE('',#4861,#4859,#1773,.T.);
#5656=EDGE_CURVE('',#4862,#4861,#1774,.T.);
#5657=EDGE_CURVE('',#4863,#4862,#1775,.T.);
#5658=EDGE_CURVE('',#4864,#4863,#1776,.T.);
#5659=EDGE_CURVE('',#4865,#4864,#1777,.T.);
#5660=EDGE_CURVE('',#4866,#4865,#1778,.T.);
#5661=EDGE_CURVE('',#4867,#4866,#1779,.T.);
#5662=EDGE_CURVE('',#4868,#4867,#1780,.T.);
#5663=EDGE_CURVE('',#4869,#4868,#1781,.T.);
#5664=EDGE_CURVE('',#4870,#4869,#1782,.T.);
#5665=EDGE_CURVE('',#4871,#4870,#1783,.T.);
#5666=EDGE_CURVE('',#4872,#4871,#1784,.T.);
#5667=EDGE_CURVE('',#4873,#4872,#1785,.T.);
#5668=EDGE_CURVE('',#4874,#4873,#1786,.T.);
#5669=EDGE_CURVE('',#4875,#4874,#1787,.T.);
#5670=EDGE_CURVE('',#4876,#4875,#1788,.T.);
#5671=EDGE_CURVE('',#4877,#4876,#1789,.T.);
#5672=EDGE_CURVE('',#4878,#4877,#1790,.T.);
#5673=EDGE_CURVE('',#4879,#4878,#1791,.T.);
#5674=EDGE_CURVE('',#4880,#4879,#1792,.T.);
#5675=EDGE_CURVE('',#4881,#4880,#1793,.T.);
#5676=EDGE_CURVE('',#4882,#4881,#1794,.T.);
#5677=EDGE_CURVE('',#4883,#4882,#1795,.T.);
#5678=EDGE_CURVE('',#4884,#4883,#1796,.T.);
#5679=EDGE_CURVE('',#4885,#4884,#1797,.T.);
#5680=EDGE_CURVE('',#4886,#4885,#1798,.T.);
#5681=EDGE_CURVE('',#4887,#4886,#1799,.T.);
#5682=EDGE_CURVE('',#4888,#4887,#1800,.T.);
#5683=EDGE_CURVE('',#4889,#4888,#1801,.T.);
#5684=EDGE_CURVE('',#4890,#4889,#1802,.T.);
#5685=EDGE_CURVE('',#4891,#4890,#1803,.T.);
#5686=EDGE_CURVE('',#4892,#4891,#1804,.T.);
#5687=EDGE_CURVE('',#4893,#4892,#1805,.T.);
#5688=EDGE_CURVE('',#4894,#4893,#1806,.T.);
#5689=EDGE_CURVE('',#4895,#4894,#1807,.T.);
#5690=EDGE_CURVE('',#4895,#4896,#1808,.T.);
#5691=EDGE_CURVE('',#4897,#4896,#1809,.T.);
#5692=EDGE_CURVE('',#4898,#4897,#1810,.T.);
#5693=EDGE_CURVE('',#4898,#4899,#1811,.T.);
#5694=EDGE_CURVE('',#4900,#4899,#1812,.T.);
#5695=EDGE_CURVE('',#4901,#4900,#1813,.T.);
#5696=EDGE_CURVE('',#4902,#4901,#1814,.T.);
#5697=EDGE_CURVE('',#4903,#4902,#1815,.T.);
#5698=EDGE_CURVE('',#4904,#4903,#1816,.T.);
#5699=EDGE_CURVE('',#4905,#4904,#1817,.T.);
#5700=EDGE_CURVE('',#4906,#4905,#1818,.T.);
#5701=EDGE_CURVE('',#4907,#4906,#1819,.T.);
#5702=EDGE_CURVE('',#4908,#4907,#1820,.T.);
#5703=EDGE_CURVE('',#4909,#4908,#1821,.T.);
#5704=EDGE_CURVE('',#4910,#4909,#1822,.T.);
#5705=EDGE_CURVE('',#4911,#4910,#1823,.T.);
#5706=EDGE_CURVE('',#4912,#4911,#1824,.T.);
#5707=EDGE_CURVE('',#4913,#4912,#1825,.T.);
#5708=EDGE_CURVE('',#4914,#4913,#1826,.T.);
#5709=EDGE_CURVE('',#4915,#4914,#1827,.T.);
#5710=EDGE_CURVE('',#4916,#4915,#1828,.T.);
#5711=EDGE_CURVE('',#4917,#4916,#1829,.T.);
#5712=EDGE_CURVE('',#4918,#4917,#1830,.T.);
#5713=EDGE_CURVE('',#4919,#4918,#1831,.T.);
#5714=EDGE_CURVE('',#4920,#4919,#1832,.T.);
#5715=EDGE_CURVE('',#4921,#4920,#1833,.T.);
#5716=EDGE_CURVE('',#4922,#4921,#1834,.T.);
#5717=EDGE_CURVE('',#4923,#4922,#1835,.T.);
#5718=EDGE_CURVE('',#4924,#4923,#1836,.T.);
#5719=EDGE_CURVE('',#4925,#4924,#1837,.T.);
#5720=EDGE_CURVE('',#4926,#4925,#1838,.T.);
#5721=EDGE_CURVE('',#4927,#4926,#1839,.T.);
#5722=EDGE_CURVE('',#4928,#4927,#1840,.T.);
#5723=EDGE_CURVE('',#4929,#4928,#1841,.T.);
#5724=EDGE_CURVE('',#4930,#4929,#1842,.T.);
#5725=EDGE_CURVE('',#4860,#4930,#1843,.T.);
#5726=EDGE_CURVE('',#4931,#4860,#1844,.T.);
#5727=EDGE_CURVE('',#4932,#4931,#1845,.T.);
#5728=EDGE_CURVE('',#4932,#4859,#1846,.T.);
#5729=EDGE_CURVE('',#4933,#4689,#1847,.T.);
#5730=EDGE_CURVE('',#4934,#4933,#1848,.T.);
#5731=EDGE_CURVE('',#4934,#4690,#1849,.T.);
#5732=EDGE_CURVE('',#4935,#4894,#1850,.T.);
#5733=EDGE_CURVE('',#4936,#4893,#1851,.T.);
#5734=EDGE_CURVE('',#4936,#4937,#1852,.T.);
#5735=EDGE_CURVE('',#4937,#4898,#1853,.T.);
#5736=EDGE_CURVE('',#4897,#4810,#1854,.T.);
#5737=EDGE_CURVE('',#4938,#4809,#1855,.T.);
#5738=EDGE_CURVE('',#4938,#4939,#1856,.T.);
#5739=EDGE_CURVE('',#4939,#4723,#1857,.T.);
#5740=EDGE_CURVE('',#4722,#4940,#1858,.T.);
#5741=EDGE_CURVE('',#4940,#4941,#1859,.T.);
#5742=EDGE_CURVE('',#4941,#4942,#1860,.T.);
#5743=EDGE_CURVE('',#4943,#4942,#1861,.T.);
#5744=EDGE_CURVE('',#4943,#4650,#1862,.T.);
#5745=EDGE_CURVE('',#4944,#4649,#1863,.T.);
#5746=EDGE_CURVE('',#4945,#4944,#1864,.T.);
#5747=EDGE_CURVE('',#4945,#4946,#1865,.T.);
#5748=EDGE_CURVE('',#4946,#4947,#1866,.T.);
#5749=EDGE_CURVE('',#4947,#4948,#1867,.T.);
#5750=EDGE_CURVE('',#4935,#4948,#1868,.T.);
#5751=EDGE_CURVE('',#4949,#4937,#1869,.T.);
#5752=EDGE_CURVE('',#4949,#4899,#1870,.T.);
#5753=EDGE_CURVE('',#4950,#4951,#1871,.T.);
#5754=EDGE_CURVE('',#4952,#4951,#1872,.T.);
#5755=EDGE_CURVE('',#4953,#4952,#1873,.T.);
#5756=EDGE_CURVE('',#4953,#4950,#1874,.T.);
#5757=EDGE_CURVE('',#4954,#4776,#1875,.T.);
#5758=EDGE_CURVE('',#4955,#4954,#1876,.T.);
#5759=EDGE_CURVE('',#4955,#4777,#1877,.T.);
#5760=EDGE_CURVE('',#4687,#4933,#1878,.T.);
#5761=EDGE_CURVE('',#4956,#4949,#1879,.T.);
#5762=EDGE_CURVE('',#4956,#4900,#1880,.T.);
#5763=EDGE_CURVE('',#4957,#4956,#1881,.T.);
#5764=EDGE_CURVE('',#4957,#4901,#1882,.T.);
#5765=EDGE_CURVE('',#4956,#4901,#1883,.T.);
#5766=EDGE_CURVE('',#4958,#4957,#1884,.T.);
#5767=EDGE_CURVE('',#4958,#4902,#1885,.T.);
#5768=EDGE_CURVE('',#4957,#4902,#1886,.T.);
#5769=EDGE_CURVE('',#4959,#4958,#1887,.T.);
#5770=EDGE_CURVE('',#4959,#4903,#1888,.T.);
#5771=EDGE_CURVE('',#4958,#4903,#1889,.T.);
#5772=EDGE_CURVE('',#4960,#4959,#1890,.T.);
#5773=EDGE_CURVE('',#4960,#4904,#1891,.T.);
#5774=EDGE_CURVE('',#4959,#4904,#1892,.T.);
#5775=EDGE_CURVE('',#4961,#4960,#1893,.T.);
#5776=EDGE_CURVE('',#4961,#4904,#1894,.T.);
#5777=EDGE_CURVE('',#4962,#4961,#1895,.T.);
#5778=EDGE_CURVE('',#4962,#4906,#1896,.T.);
#5779=EDGE_CURVE('',#4961,#4906,#1897,.T.);
#5780=EDGE_CURVE('',#4961,#4905,#1898,.T.);
#5781=EDGE_CURVE('',#4963,#4962,#1899,.T.);
#5782=EDGE_CURVE('',#4963,#4907,#1900,.T.);
#5783=EDGE_CURVE('',#4962,#4907,#1901,.T.);
#5784=EDGE_CURVE('',#4964,#4963,#1902,.T.);
#5785=EDGE_CURVE('',#4964,#4908,#1903,.T.);
#5786=EDGE_CURVE('',#4963,#4908,#1904,.T.);
#5787=EDGE_CURVE('',#4965,#4964,#1905,.T.);
#5788=EDGE_CURVE('',#4965,#4909,#1906,.T.);
#5789=EDGE_CURVE('',#4964,#4909,#1907,.T.);
#5790=EDGE_CURVE('',#4966,#4965,#1908,.T.);
#5791=EDGE_CURVE('',#4966,#4909,#1909,.T.);
#5792=EDGE_CURVE('',#4967,#4966,#1910,.T.);
#5793=EDGE_CURVE('',#4967,#4910,#1911,.T.);
#5794=EDGE_CURVE('',#4966,#4910,#1912,.T.);
#5795=EDGE_CURVE('',#4967,#4911,#1913,.T.);
#5796=EDGE_CURVE('',#4967,#4912,#1914,.T.);
#5797=EDGE_CURVE('',#4968,#4967,#1915,.T.);
#5798=EDGE_CURVE('',#4968,#4912,#1916,.T.);
#5799=EDGE_CURVE('',#4968,#4913,#1917,.T.);
#5800=EDGE_CURVE('',#4969,#4968,#1918,.T.);
#5801=EDGE_CURVE('',#4969,#4913,#1919,.T.);
#5802=EDGE_CURVE('',#4970,#4969,#1920,.T.);
#5803=EDGE_CURVE('',#4970,#4913,#1921,.T.);
#5804=EDGE_CURVE('',#4970,#4914,#1922,.T.);
#5805=EDGE_CURVE('',#4970,#4915,#1923,.T.);
#5806=EDGE_CURVE('',#4971,#4970,#1924,.T.);
#5807=EDGE_CURVE('',#4971,#4915,#1925,.T.);
#5808=EDGE_CURVE('',#4971,#4916,#1926,.T.);
#5809=EDGE_CURVE('',#4972,#4971,#1927,.T.);
#5810=EDGE_CURVE('',#4972,#4916,#1928,.T.);
#5811=EDGE_CURVE('',#4972,#4917,#1929,.T.);
#5812=EDGE_CURVE('',#4973,#4972,#1930,.T.);
#5813=EDGE_CURVE('',#4973,#4917,#1931,.T.);
#5814=EDGE_CURVE('',#4973,#4918,#1932,.T.);
#5815=EDGE_CURVE('',#4974,#4973,#1933,.T.);
#5816=EDGE_CURVE('',#4974,#4918,#1934,.T.);
#5817=EDGE_CURVE('',#4975,#4974,#1935,.T.);
#5818=EDGE_CURVE('',#4975,#4918,#1936,.T.);
#5819=EDGE_CURVE('',#4975,#4919,#1937,.T.);
#5820=EDGE_CURVE('',#4975,#4920,#1938,.T.);
#5821=EDGE_CURVE('',#4976,#4975,#1939,.T.);
#5822=EDGE_CURVE('',#4976,#4920,#1940,.T.);
#5823=EDGE_CURVE('',#4976,#4921,#1941,.T.);
#5824=EDGE_CURVE('',#4977,#4976,#1942,.T.);
#5825=EDGE_CURVE('',#4977,#4921,#1943,.T.);
#5826=EDGE_CURVE('',#4977,#4922,#1944,.T.);
#5827=EDGE_CURVE('',#4978,#4977,#1945,.T.);
#5828=EDGE_CURVE('',#4978,#4922,#1946,.T.);
#5829=EDGE_CURVE('',#4979,#4978,#1947,.T.);
#5830=EDGE_CURVE('',#4979,#4922,#1948,.T.);
#5831=EDGE_CURVE('',#4980,#4979,#1949,.T.);
#5832=EDGE_CURVE('',#4980,#4924,#1950,.T.);
#5833=EDGE_CURVE('',#4979,#4924,#1951,.T.);
#5834=EDGE_CURVE('',#4979,#4923,#1952,.T.);
#5835=EDGE_CURVE('',#4981,#4980,#1953,.T.);
#5836=EDGE_CURVE('',#4981,#4925,#1954,.T.);
#5837=EDGE_CURVE('',#4980,#4925,#1955,.T.);
#5838=EDGE_CURVE('',#4982,#4981,#1956,.T.);
#5839=EDGE_CURVE('',#4982,#4926,#1957,.T.);
#5840=EDGE_CURVE('',#4981,#4926,#1958,.T.);
#5841=EDGE_CURVE('',#4983,#4982,#1959,.T.);
#5842=EDGE_CURVE('',#4983,#4927,#1960,.T.);
#5843=EDGE_CURVE('',#4982,#4927,#1961,.T.);
#5844=EDGE_CURVE('',#4984,#4983,#1962,.T.);
#5845=EDGE_CURVE('',#4984,#4928,#1963,.T.);
#5846=EDGE_CURVE('',#4983,#4928,#1964,.T.);
#5847=EDGE_CURVE('',#4985,#4984,#1965,.T.);
#5848=EDGE_CURVE('',#4985,#4929,#1966,.T.);
#5849=EDGE_CURVE('',#4984,#4929,#1967,.T.);
#5850=EDGE_CURVE('',#4986,#4985,#1968,.T.);
#5851=EDGE_CURVE('',#4986,#4930,#1969,.T.);
#5852=EDGE_CURVE('',#4985,#4930,#1970,.T.);
#5853=EDGE_CURVE('',#4931,#4986,#1971,.T.);
#5854=EDGE_CURVE('',#4987,#4932,#1972,.T.);
#5855=EDGE_CURVE('',#4987,#4861,#1973,.T.);
#5856=EDGE_CURVE('',#4988,#4987,#1974,.T.);
#5857=EDGE_CURVE('',#4988,#4862,#1975,.T.);
#5858=EDGE_CURVE('',#4987,#4862,#1976,.T.);
#5859=EDGE_CURVE('',#4989,#4988,#1977,.T.);
#5860=EDGE_CURVE('',#4989,#4863,#1978,.T.);
#5861=EDGE_CURVE('',#4988,#4863,#1979,.T.);
#5862=EDGE_CURVE('',#4990,#4989,#1980,.T.);
#5863=EDGE_CURVE('',#4990,#4864,#1981,.T.);
#5864=EDGE_CURVE('',#4989,#4864,#1982,.T.);
#5865=EDGE_CURVE('',#4991,#4990,#1983,.T.);
#5866=EDGE_CURVE('',#4991,#4865,#1984,.T.);
#5867=EDGE_CURVE('',#4990,#4865,#1985,.T.);
#5868=EDGE_CURVE('',#4992,#4991,#1986,.T.);
#5869=EDGE_CURVE('',#4992,#4866,#1987,.T.);
#5870=EDGE_CURVE('',#4991,#4866,#1988,.T.);
#5871=EDGE_CURVE('',#4993,#4992,#1989,.T.);
#5872=EDGE_CURVE('',#4993,#4866,#1990,.T.);
#5873=EDGE_CURVE('',#4994,#4993,#1991,.T.);
#5874=EDGE_CURVE('',#4994,#4867,#1992,.T.);
#5875=EDGE_CURVE('',#4993,#4867,#1993,.T.);
#5876=EDGE_CURVE('',#4995,#4994,#1994,.T.);
#5877=EDGE_CURVE('',#4995,#4869,#1995,.T.);
#5878=EDGE_CURVE('',#4994,#4869,#1996,.T.);
#5879=EDGE_CURVE('',#4994,#4868,#1997,.T.);
#5880=EDGE_CURVE('',#4996,#4995,#1998,.T.);
#5881=EDGE_CURVE('',#4996,#4870,#1999,.T.);
#5882=EDGE_CURVE('',#4995,#4870,#2000,.T.);
#5883=EDGE_CURVE('',#4997,#4996,#2001,.T.);
#5884=EDGE_CURVE('',#4997,#4870,#2002,.T.);
#5885=EDGE_CURVE('',#4998,#4997,#2003,.T.);
#5886=EDGE_CURVE('',#4998,#4872,#2004,.T.);
#5887=EDGE_CURVE('',#4997,#4872,#2005,.T.);
#5888=EDGE_CURVE('',#4997,#4871,#2006,.T.);
#5889=EDGE_CURVE('',#4998,#4873,#2007,.T.);
#5890=EDGE_CURVE('',#4999,#4998,#2008,.T.);
#5891=EDGE_CURVE('',#4999,#4873,#2009,.T.);
#5892=EDGE_CURVE('',#5000,#4999,#2010,.T.);
#5893=EDGE_CURVE('',#5000,#4873,#2011,.T.);
#5894=EDGE_CURVE('',#5000,#4874,#2012,.T.);
#5895=EDGE_CURVE('',#5000,#4875,#2013,.T.);
#5896=EDGE_CURVE('',#5001,#5000,#2014,.T.);
#5897=EDGE_CURVE('',#5001,#4875,#2015,.T.);
#5898=EDGE_CURVE('',#5002,#5001,#2016,.T.);
#5899=EDGE_CURVE('',#5002,#4875,#2017,.T.);
#5900=EDGE_CURVE('',#5002,#4876,#2018,.T.);
#5901=EDGE_CURVE('',#5003,#5002,#2019,.T.);
#5902=EDGE_CURVE('',#5003,#4876,#2020,.T.);
#5903=EDGE_CURVE('',#5003,#4877,#2021,.T.);
#5904=EDGE_CURVE('',#5003,#4878,#2022,.T.);
#5905=EDGE_CURVE('',#5004,#5003,#2023,.T.);
#5906=EDGE_CURVE('',#5004,#4878,#2024,.T.);
#5907=EDGE_CURVE('',#5005,#5004,#2025,.T.);
#5908=EDGE_CURVE('',#5005,#4878,#2026,.T.);
#5909=EDGE_CURVE('',#5005,#4879,#2027,.T.);
#5910=EDGE_CURVE('',#5005,#4880,#2028,.T.);
#5911=EDGE_CURVE('',#5006,#5005,#2029,.T.);
#5912=EDGE_CURVE('',#5006,#4880,#2030,.T.);
#5913=EDGE_CURVE('',#5006,#4881,#2031,.T.);
#5914=EDGE_CURVE('',#5007,#5006,#2032,.T.);
#5915=EDGE_CURVE('',#5007,#4881,#2033,.T.);
#5916=EDGE_CURVE('',#5008,#5007,#2034,.T.);
#5917=EDGE_CURVE('',#5008,#4881,#2035,.T.);
#5918=EDGE_CURVE('',#5008,#4882,#2036,.T.);
#5919=EDGE_CURVE('',#5008,#4883,#2037,.T.);
#5920=EDGE_CURVE('',#5009,#5008,#2038,.T.);
#5921=EDGE_CURVE('',#5009,#4883,#2039,.T.);
#5922=EDGE_CURVE('',#5009,#4884,#2040,.T.);
#5923=EDGE_CURVE('',#5010,#5009,#2041,.T.);
#5924=EDGE_CURVE('',#5010,#4884,#2042,.T.);
#5925=EDGE_CURVE('',#5010,#4885,#2043,.T.);
#5926=EDGE_CURVE('',#5011,#5010,#2044,.T.);
#5927=EDGE_CURVE('',#5011,#4885,#2045,.T.);
#5928=EDGE_CURVE('',#5012,#5011,#2046,.T.);
#5929=EDGE_CURVE('',#5012,#4885,#2047,.T.);
#5930=EDGE_CURVE('',#5013,#5012,#2048,.T.);
#5931=EDGE_CURVE('',#5013,#4887,#2049,.T.);
#5932=EDGE_CURVE('',#5012,#4887,#2050,.T.);
#5933=EDGE_CURVE('',#5012,#4886,#2051,.T.);
#5934=EDGE_CURVE('',#5014,#5013,#2052,.T.);
#5935=EDGE_CURVE('',#5014,#4888,#2053,.T.);
#5936=EDGE_CURVE('',#5013,#4888,#2054,.T.);
#5937=EDGE_CURVE('',#5015,#5014,#2055,.T.);
#5938=EDGE_CURVE('',#5015,#4889,#2056,.T.);
#5939=EDGE_CURVE('',#5014,#4889,#2057,.T.);
#5940=EDGE_CURVE('',#5016,#5015,#2058,.T.);
#5941=EDGE_CURVE('',#5016,#4890,#2059,.T.);
#5942=EDGE_CURVE('',#5015,#4890,#2060,.T.);
#5943=EDGE_CURVE('',#5017,#5016,#2061,.T.);
#5944=EDGE_CURVE('',#5017,#4891,#2062,.T.);
#5945=EDGE_CURVE('',#5016,#4891,#2063,.T.);
#5946=EDGE_CURVE('',#5018,#5017,#2064,.T.);
#5947=EDGE_CURVE('',#5018,#4892,#2065,.T.);
#5948=EDGE_CURVE('',#5019,#5020,#2066,.T.);
#5949=EDGE_CURVE('',#5020,#5021,#2067,.T.);
#5950=EDGE_CURVE('',#5019,#5021,#2068,.T.);
#5951=EDGE_CURVE('',#5022,#5019,#2069,.T.);
#5952=EDGE_CURVE('',#5022,#5020,#2070,.T.);
#5953=EDGE_CURVE('',#4951,#5021,#2071,.T.);
#5954=EDGE_CURVE('',#4950,#5019,#2072,.T.);
#5955=EDGE_CURVE('',#5023,#5024,#2073,.T.);
#5956=EDGE_CURVE('',#5023,#5025,#2074,.T.);
#5957=EDGE_CURVE('',#5025,#5026,#2075,.T.);
#5958=EDGE_CURVE('',#5024,#5026,#2076,.T.);
#5959=EDGE_CURVE('',#5026,#5027,#2077,.T.);
#5960=EDGE_CURVE('',#5024,#5027,#2078,.T.);
#5961=EDGE_CURVE('',#5028,#5027,#2079,.T.);
#5962=EDGE_CURVE('',#5024,#5028,#2080,.T.);
#5963=EDGE_CURVE('',#5027,#5029,#2081,.T.);
#5964=EDGE_CURVE('',#5028,#5029,#2082,.T.);
#5965=EDGE_CURVE('',#5030,#5029,#2083,.T.);
#5966=EDGE_CURVE('',#5028,#5030,#2084,.T.);
#5967=EDGE_CURVE('',#5029,#5031,#2085,.T.);
#5968=EDGE_CURVE('',#5030,#5031,#2086,.T.);
#5969=EDGE_CURVE('',#5032,#5031,#2087,.T.);
#5970=EDGE_CURVE('',#5030,#5032,#2088,.T.);
#5971=EDGE_CURVE('',#5033,#5031,#2089,.T.);
#5972=EDGE_CURVE('',#5032,#5033,#2090,.T.);
#5973=EDGE_CURVE('',#5031,#5034,#2091,.T.);
#5974=EDGE_CURVE('',#5033,#5034,#2092,.T.);
#5975=EDGE_CURVE('',#5035,#5034,#2093,.T.);
#5976=EDGE_CURVE('',#5033,#5035,#2094,.T.);
#5977=EDGE_CURVE('',#5034,#5036,#2095,.T.);
#5978=EDGE_CURVE('',#5035,#5036,#2096,.T.);
#5979=EDGE_CURVE('',#5036,#5037,#2097,.T.);
#5980=EDGE_CURVE('',#5035,#5037,#2098,.T.);
#5981=EDGE_CURVE('',#5038,#5037,#2099,.T.);
#5982=EDGE_CURVE('',#5035,#5038,#2100,.T.);
#5983=EDGE_CURVE('',#5039,#5037,#2101,.T.);
#5984=EDGE_CURVE('',#5038,#5039,#2102,.T.);
#5985=EDGE_CURVE('',#5037,#5040,#2103,.T.);
#5986=EDGE_CURVE('',#5039,#5040,#2104,.T.);
#5987=EDGE_CURVE('',#5040,#5041,#2105,.T.);
#5988=EDGE_CURVE('',#5039,#5041,#2106,.T.);
#5989=EDGE_CURVE('',#5042,#5041,#2107,.T.);
#5990=EDGE_CURVE('',#5039,#5042,#2108,.T.);
#5991=EDGE_CURVE('',#5043,#5041,#2109,.T.);
#5992=EDGE_CURVE('',#5042,#5043,#2110,.T.);
#5993=EDGE_CURVE('',#5041,#5044,#2111,.T.);
#5994=EDGE_CURVE('',#5043,#5044,#2112,.T.);
#5995=EDGE_CURVE('',#5044,#5045,#2113,.T.);
#5996=EDGE_CURVE('',#5043,#5045,#2114,.T.);
#5997=EDGE_CURVE('',#5046,#5045,#2115,.T.);
#5998=EDGE_CURVE('',#5043,#5046,#2116,.T.);
#5999=EDGE_CURVE('',#5047,#5045,#2117,.T.);
#6000=EDGE_CURVE('',#5046,#5047,#2118,.T.);
#6001=EDGE_CURVE('',#5045,#5048,#2119,.T.);
#6002=EDGE_CURVE('',#5047,#5048,#2120,.T.);
#6003=EDGE_CURVE('',#5049,#5048,#2121,.T.);
#6004=EDGE_CURVE('',#5047,#5049,#2122,.T.);
#6005=EDGE_CURVE('',#5048,#5050,#2123,.T.);
#6006=EDGE_CURVE('',#5049,#5050,#2124,.T.);
#6007=EDGE_CURVE('',#5051,#5050,#2125,.T.);
#6008=EDGE_CURVE('',#5049,#5051,#2126,.T.);
#6009=EDGE_CURVE('',#5050,#5052,#2127,.T.);
#6010=EDGE_CURVE('',#5051,#5052,#2128,.T.);
#6011=EDGE_CURVE('',#5053,#5052,#2129,.T.);
#6012=EDGE_CURVE('',#5051,#5053,#2130,.T.);
#6013=EDGE_CURVE('',#5052,#5054,#2131,.T.);
#6014=EDGE_CURVE('',#5053,#5054,#2132,.T.);
#6015=EDGE_CURVE('',#5055,#5054,#2133,.T.);
#6016=EDGE_CURVE('',#5053,#5055,#2134,.T.);
#6017=EDGE_CURVE('',#5054,#5056,#2135,.T.);
#6018=EDGE_CURVE('',#5055,#5056,#2136,.T.);
#6019=EDGE_CURVE('',#5057,#5056,#2137,.T.);
#6020=EDGE_CURVE('',#5055,#5057,#2138,.T.);
#6021=EDGE_CURVE('',#5056,#5058,#2139,.T.);
#6022=EDGE_CURVE('',#5057,#5058,#2140,.T.);
#6023=EDGE_CURVE('',#5059,#5058,#2141,.T.);
#6024=EDGE_CURVE('',#5057,#5059,#2142,.T.);
#6025=EDGE_CURVE('',#5058,#5060,#2143,.T.);
#6026=EDGE_CURVE('',#5059,#5060,#2144,.T.);
#6027=EDGE_CURVE('',#5061,#5060,#2145,.T.);
#6028=EDGE_CURVE('',#5059,#5061,#2146,.T.);
#6029=EDGE_CURVE('',#5060,#5062,#2147,.T.);
#6030=EDGE_CURVE('',#5061,#5062,#2148,.T.);
#6031=EDGE_CURVE('',#5063,#5062,#2149,.T.);
#6032=EDGE_CURVE('',#5061,#5063,#2150,.T.);
#6033=EDGE_CURVE('',#5062,#5064,#2151,.T.);
#6034=EDGE_CURVE('',#5063,#5064,#2152,.T.);
#6035=EDGE_CURVE('',#5065,#5064,#2153,.T.);
#6036=EDGE_CURVE('',#5063,#5065,#2154,.T.);
#6037=EDGE_CURVE('',#5064,#5066,#2155,.T.);
#6038=EDGE_CURVE('',#5065,#5066,#2156,.T.);
#6039=EDGE_CURVE('',#5067,#5066,#2157,.T.);
#6040=EDGE_CURVE('',#5065,#5067,#2158,.T.);
#6041=EDGE_CURVE('',#5066,#5068,#2159,.T.);
#6042=EDGE_CURVE('',#5067,#5068,#2160,.T.);
#6043=EDGE_CURVE('',#5068,#5069,#2161,.T.);
#6044=EDGE_CURVE('',#5067,#5069,#2162,.T.);
#6045=EDGE_CURVE('',#5070,#5069,#2163,.T.);
#6046=EDGE_CURVE('',#5067,#5070,#2164,.T.);
#6047=EDGE_CURVE('',#5071,#5069,#2165,.T.);
#6048=EDGE_CURVE('',#5070,#5071,#2166,.T.);
#6049=EDGE_CURVE('',#5069,#5072,#2167,.T.);
#6050=EDGE_CURVE('',#5071,#5072,#2168,.T.);
#6051=EDGE_CURVE('',#5072,#5073,#2169,.T.);
#6052=EDGE_CURVE('',#5071,#5073,#2170,.T.);
#6053=EDGE_CURVE('',#5074,#5073,#2171,.T.);
#6054=EDGE_CURVE('',#5071,#5074,#2172,.T.);
#6055=EDGE_CURVE('',#5075,#5073,#2173,.T.);
#6056=EDGE_CURVE('',#5074,#5075,#2174,.T.);
#6057=EDGE_CURVE('',#5073,#5076,#2175,.T.);
#6058=EDGE_CURVE('',#5075,#5076,#2176,.T.);
#6059=EDGE_CURVE('',#5076,#5077,#2177,.T.);
#6060=EDGE_CURVE('',#5075,#5077,#2178,.T.);
#6061=EDGE_CURVE('',#5077,#5078,#2179,.T.);
#6062=EDGE_CURVE('',#5079,#5078,#2180,.T.);
#6063=EDGE_CURVE('',#5079,#5077,#2181,.T.);
#6064=EDGE_CURVE('',#5080,#5077,#2182,.T.);
#6065=EDGE_CURVE('',#5075,#5080,#2183,.T.);
#6066=EDGE_CURVE('',#5080,#5079,#2184,.T.);
#6067=EDGE_CURVE('',#5078,#5081,#2185,.T.);
#6068=EDGE_CURVE('',#5082,#5081,#2186,.T.);
#6069=EDGE_CURVE('',#5082,#5078,#2187,.T.);
#6070=EDGE_CURVE('',#5079,#5082,#2188,.T.);
#6071=EDGE_CURVE('',#5081,#5083,#2189,.T.);
#6072=EDGE_CURVE('',#5082,#5083,#2190,.T.);
#6073=EDGE_CURVE('',#5083,#5084,#2191,.T.);
#6074=EDGE_CURVE('',#5085,#5084,#2192,.T.);
#6075=EDGE_CURVE('',#5085,#5083,#2193,.T.);
#6076=EDGE_CURVE('',#5086,#5083,#2194,.T.);
#6077=EDGE_CURVE('',#5082,#5086,#2195,.T.);
#6078=EDGE_CURVE('',#5086,#5085,#2196,.T.);
#6079=EDGE_CURVE('',#5084,#5087,#2197,.T.);
#6080=EDGE_CURVE('',#5088,#5087,#2198,.T.);
#6081=EDGE_CURVE('',#5088,#5084,#2199,.T.);
#6082=EDGE_CURVE('',#5085,#5088,#2200,.T.);
#6083=EDGE_CURVE('',#5087,#5089,#2201,.T.);
#6084=EDGE_CURVE('',#5090,#5089,#2202,.T.);
#6085=EDGE_CURVE('',#5090,#5087,#2203,.T.);
#6086=EDGE_CURVE('',#5088,#5090,#2204,.T.);
#6087=EDGE_CURVE('',#5089,#5091,#2205,.T.);
#6088=EDGE_CURVE('',#5092,#5091,#2206,.T.);
#6089=EDGE_CURVE('',#5092,#5089,#2207,.T.);
#6090=EDGE_CURVE('',#5090,#5092,#2208,.T.);
#6091=EDGE_CURVE('',#5093,#5091,#2209,.T.);
#6092=EDGE_CURVE('',#5092,#5093,#2210,.T.);
#6093=EDGE_CURVE('',#5091,#5094,#2211,.T.);
#6094=EDGE_CURVE('',#5093,#5094,#2212,.T.);
#6095=EDGE_CURVE('',#5094,#5095,#2213,.T.);
#6096=EDGE_CURVE('',#5093,#5095,#2214,.T.);
#6097=EDGE_CURVE('',#5096,#5095,#2215,.T.);
#6098=EDGE_CURVE('',#5093,#5096,#2216,.T.);
#6099=EDGE_CURVE('',#5095,#5097,#2217,.T.);
#6100=EDGE_CURVE('',#5096,#5097,#2218,.T.);
#6101=EDGE_CURVE('',#5098,#5097,#2219,.T.);
#6102=EDGE_CURVE('',#5096,#5098,#2220,.T.);
#6103=EDGE_CURVE('',#5099,#5097,#2221,.T.);
#6104=EDGE_CURVE('',#5098,#5099,#2222,.T.);
#6105=EDGE_CURVE('',#5097,#5100,#2223,.T.);
#6106=EDGE_CURVE('',#5099,#5100,#2224,.T.);
#6107=EDGE_CURVE('',#5100,#5101,#2225,.T.);
#6108=EDGE_CURVE('',#5099,#5101,#2226,.T.);
#6109=EDGE_CURVE('',#5102,#5101,#2227,.T.);
#6110=EDGE_CURVE('',#5099,#5102,#2228,.T.);
#6111=EDGE_CURVE('',#5103,#5101,#2229,.T.);
#6112=EDGE_CURVE('',#5102,#5103,#2230,.T.);
#6113=EDGE_CURVE('',#5101,#5104,#2231,.T.);
#6114=EDGE_CURVE('',#5103,#5104,#2232,.T.);
#6115=EDGE_CURVE('',#5105,#5104,#2233,.T.);
#6116=EDGE_CURVE('',#5103,#5105,#2234,.T.);
#6117=EDGE_CURVE('',#5104,#5106,#2235,.T.);
#6118=EDGE_CURVE('',#5105,#5106,#2236,.T.);
#6119=EDGE_CURVE('',#5107,#5106,#2237,.T.);
#6120=EDGE_CURVE('',#5105,#5107,#2238,.T.);
#6121=EDGE_CURVE('',#5106,#5108,#2239,.T.);
#6122=EDGE_CURVE('',#5107,#5108,#2240,.T.);
#6123=EDGE_CURVE('',#5108,#5109,#2241,.T.);
#6124=EDGE_CURVE('',#5107,#5109,#2242,.T.);
#6125=EDGE_CURVE('',#5110,#5109,#2243,.T.);
#6126=EDGE_CURVE('',#5107,#5110,#2244,.T.);
#6127=EDGE_CURVE('',#5111,#5109,#2245,.T.);
#6128=EDGE_CURVE('',#5110,#5111,#2246,.T.);
#6129=EDGE_CURVE('',#5109,#5112,#2247,.T.);
#6130=EDGE_CURVE('',#5111,#5112,#2248,.T.);
#6131=EDGE_CURVE('',#5112,#5113,#2249,.T.);
#6132=EDGE_CURVE('',#5111,#5113,#2250,.T.);
#6133=EDGE_CURVE('',#5114,#5113,#2251,.T.);
#6134=EDGE_CURVE('',#5111,#5114,#2252,.T.);
#6135=EDGE_CURVE('',#5115,#5113,#2253,.T.);
#6136=EDGE_CURVE('',#5114,#5115,#2254,.T.);
#6137=EDGE_CURVE('',#5113,#5116,#2255,.T.);
#6138=EDGE_CURVE('',#5115,#5116,#2256,.T.);
#6139=EDGE_CURVE('',#5117,#5116,#2257,.T.);
#6140=EDGE_CURVE('',#5115,#5117,#2258,.T.);
#6141=EDGE_CURVE('',#5116,#5118,#2259,.T.);
#6142=EDGE_CURVE('',#5117,#5118,#2260,.T.);
#6143=EDGE_CURVE('',#5119,#5118,#2261,.T.);
#6144=EDGE_CURVE('',#5117,#5119,#2262,.T.);
#6145=EDGE_CURVE('',#5118,#5120,#2263,.T.);
#6146=EDGE_CURVE('',#5119,#5120,#2264,.T.);
#6147=EDGE_CURVE('',#5022,#5120,#2265,.T.);
#6148=EDGE_CURVE('',#5119,#5022,#2266,.T.);
#6149=EDGE_CURVE('',#5120,#5020,#2267,.T.);
#6150=EDGE_CURVE('',#5121,#4684,#2268,.T.);
#6151=EDGE_CURVE('',#5121,#4617,#2269,.T.);
#6152=EDGE_CURVE('',#5122,#5121,#2270,.T.);
#6153=EDGE_CURVE('',#5122,#4618,#2271,.T.);
#6154=EDGE_CURVE('',#5121,#4618,#2272,.T.);
#6155=EDGE_CURVE('',#5123,#5122,#2273,.T.);
#6156=EDGE_CURVE('',#5123,#4619,#2274,.T.);
#6157=EDGE_CURVE('',#5122,#4619,#2275,.T.);
#6158=EDGE_CURVE('',#5124,#5123,#2276,.T.);
#6159=EDGE_CURVE('',#5124,#4620,#2277,.T.);
#6160=EDGE_CURVE('',#5123,#4620,#2278,.T.);
#6161=EDGE_CURVE('',#5125,#5124,#2279,.T.);
#6162=EDGE_CURVE('',#5125,#4621,#2280,.T.);
#6163=EDGE_CURVE('',#5124,#4621,#2281,.T.);
#6164=EDGE_CURVE('',#5126,#5125,#2282,.T.);
#6165=EDGE_CURVE('',#5126,#4622,#2283,.T.);
#6166=EDGE_CURVE('',#5125,#4622,#2284,.T.);
#6167=EDGE_CURVE('',#5127,#5126,#2285,.T.);
#6168=EDGE_CURVE('',#5127,#4622,#2286,.T.);
#6169=EDGE_CURVE('',#5128,#5127,#2287,.T.);
#6170=EDGE_CURVE('',#5128,#4623,#2288,.T.);
#6171=EDGE_CURVE('',#5127,#4623,#2289,.T.);
#6172=EDGE_CURVE('',#5129,#5128,#2290,.T.);
#6173=EDGE_CURVE('',#5129,#4625,#2291,.T.);
#6174=EDGE_CURVE('',#5128,#4625,#2292,.T.);
#6175=EDGE_CURVE('',#5128,#4624,#2293,.T.);
#6176=EDGE_CURVE('',#5130,#5129,#2294,.T.);
#6177=EDGE_CURVE('',#5130,#4626,#2295,.T.);
#6178=EDGE_CURVE('',#5129,#4626,#2296,.T.);
#6179=EDGE_CURVE('',#5131,#5130,#2297,.T.);
#6180=EDGE_CURVE('',#5131,#4626,#2298,.T.);
#6181=EDGE_CURVE('',#5132,#5131,#2299,.T.);
#6182=EDGE_CURVE('',#5132,#4628,#2300,.T.);
#6183=EDGE_CURVE('',#5131,#4628,#2301,.T.);
#6184=EDGE_CURVE('',#5131,#4627,#2302,.T.);
#6185=EDGE_CURVE('',#5132,#4629,#2303,.T.);
#6186=EDGE_CURVE('',#5133,#5132,#2304,.T.);
#6187=EDGE_CURVE('',#5133,#4629,#2305,.T.);
#6188=EDGE_CURVE('',#5134,#5133,#2306,.T.);
#6189=EDGE_CURVE('',#5134,#4629,#2307,.T.);
#6190=EDGE_CURVE('',#5134,#4630,#2308,.T.);
#6191=EDGE_CURVE('',#5134,#4631,#2309,.T.);
#6192=EDGE_CURVE('',#5135,#5134,#2310,.T.);
#6193=EDGE_CURVE('',#5135,#4631,#2311,.T.);
#6194=EDGE_CURVE('',#5136,#5135,#2312,.T.);
#6195=EDGE_CURVE('',#5136,#4631,#2313,.T.);
#6196=EDGE_CURVE('',#5136,#4632,#2314,.T.);
#6197=EDGE_CURVE('',#5137,#5136,#2315,.T.);
#6198=EDGE_CURVE('',#5137,#4632,#2316,.T.);
#6199=EDGE_CURVE('',#5137,#4633,#2317,.T.);
#6200=EDGE_CURVE('',#5137,#4634,#2318,.T.);
#6201=EDGE_CURVE('',#5138,#5137,#2319,.T.);
#6202=EDGE_CURVE('',#5138,#4634,#2320,.T.);
#6203=EDGE_CURVE('',#5139,#5138,#2321,.T.);
#6204=EDGE_CURVE('',#5139,#4634,#2322,.T.);
#6205=EDGE_CURVE('',#5139,#4635,#2323,.T.);
#6206=EDGE_CURVE('',#5139,#4636,#2324,.T.);
#6207=EDGE_CURVE('',#5140,#5139,#2325,.T.);
#6208=EDGE_CURVE('',#5140,#4636,#2326,.T.);
#6209=EDGE_CURVE('',#5140,#4637,#2327,.T.);
#6210=EDGE_CURVE('',#5141,#5140,#2328,.T.);
#6211=EDGE_CURVE('',#5141,#4637,#2329,.T.);
#6212=EDGE_CURVE('',#5142,#5141,#2330,.T.);
#6213=EDGE_CURVE('',#5142,#4637,#2331,.T.);
#6214=EDGE_CURVE('',#5142,#4638,#2332,.T.);
#6215=EDGE_CURVE('',#5142,#4639,#2333,.T.);
#6216=EDGE_CURVE('',#5143,#5142,#2334,.T.);
#6217=EDGE_CURVE('',#5143,#4639,#2335,.T.);
#6218=EDGE_CURVE('',#5143,#4640,#2336,.T.);
#6219=EDGE_CURVE('',#5144,#5143,#2337,.T.);
#6220=EDGE_CURVE('',#5144,#4640,#2338,.T.);
#6221=EDGE_CURVE('',#5144,#4641,#2339,.T.);
#6222=EDGE_CURVE('',#5145,#5144,#2340,.T.);
#6223=EDGE_CURVE('',#5145,#4641,#2341,.T.);
#6224=EDGE_CURVE('',#5146,#5145,#2342,.T.);
#6225=EDGE_CURVE('',#5146,#4641,#2343,.T.);
#6226=EDGE_CURVE('',#5147,#5146,#2344,.T.);
#6227=EDGE_CURVE('',#5147,#4643,#2345,.T.);
#6228=EDGE_CURVE('',#5146,#4643,#2346,.T.);
#6229=EDGE_CURVE('',#5146,#4642,#2347,.T.);
#6230=EDGE_CURVE('',#5148,#5147,#2348,.T.);
#6231=EDGE_CURVE('',#5148,#4644,#2349,.T.);
#6232=EDGE_CURVE('',#5147,#4644,#2350,.T.);
#6233=EDGE_CURVE('',#5149,#5148,#2351,.T.);
#6234=EDGE_CURVE('',#5149,#4645,#2352,.T.);
#6235=EDGE_CURVE('',#5148,#4645,#2353,.T.);
#6236=EDGE_CURVE('',#5150,#5149,#2354,.T.);
#6237=EDGE_CURVE('',#5150,#4646,#2355,.T.);
#6238=EDGE_CURVE('',#5149,#4646,#2356,.T.);
#6239=EDGE_CURVE('',#5151,#5150,#2357,.T.);
#6240=EDGE_CURVE('',#5151,#4647,#2358,.T.);
#6241=EDGE_CURVE('',#5150,#4647,#2359,.T.);
#6242=EDGE_CURVE('',#5152,#5151,#2360,.T.);
#6243=EDGE_CURVE('',#5152,#4648,#2361,.T.);
#6244=EDGE_CURVE('',#5153,#5154,#2362,.T.);
#6245=EDGE_CURVE('',#5153,#4652,#2363,.T.);
#6246=EDGE_CURVE('',#5154,#4652,#2364,.T.);
#6247=EDGE_CURVE('',#5154,#4651,#2365,.T.);
#6248=EDGE_CURVE('',#5155,#5153,#2366,.T.);
#6249=EDGE_CURVE('',#5155,#4653,#2367,.T.);
#6250=EDGE_CURVE('',#5153,#4653,#2368,.T.);
#6251=EDGE_CURVE('',#5156,#5155,#2369,.T.);
#6252=EDGE_CURVE('',#5156,#4654,#2370,.T.);
#6253=EDGE_CURVE('',#5155,#4654,#2371,.T.);
#6254=EDGE_CURVE('',#5157,#5156,#2372,.T.);
#6255=EDGE_CURVE('',#5157,#4655,#2373,.T.);
#6256=EDGE_CURVE('',#5156,#4655,#2374,.T.);
#6257=EDGE_CURVE('',#5158,#5157,#2375,.T.);
#6258=EDGE_CURVE('',#5158,#4656,#2376,.T.);
#6259=EDGE_CURVE('',#5157,#4656,#2377,.T.);
#6260=EDGE_CURVE('',#5159,#5158,#2378,.T.);
#6261=EDGE_CURVE('',#5159,#4656,#2379,.T.);
#6262=EDGE_CURVE('',#5160,#5159,#2380,.T.);
#6263=EDGE_CURVE('',#5160,#4658,#2381,.T.);
#6264=EDGE_CURVE('',#5159,#4658,#2382,.T.);
#6265=EDGE_CURVE('',#5159,#4657,#2383,.T.);
#6266=EDGE_CURVE('',#5161,#5160,#2384,.T.);
#6267=EDGE_CURVE('',#5161,#4659,#2385,.T.);
#6268=EDGE_CURVE('',#5160,#4659,#2386,.T.);
#6269=EDGE_CURVE('',#5162,#5161,#2387,.T.);
#6270=EDGE_CURVE('',#5162,#4660,#2388,.T.);
#6271=EDGE_CURVE('',#5161,#4660,#2389,.T.);
#6272=EDGE_CURVE('',#5163,#5162,#2390,.T.);
#6273=EDGE_CURVE('',#5163,#4661,#2391,.T.);
#6274=EDGE_CURVE('',#5162,#4661,#2392,.T.);
#6275=EDGE_CURVE('',#5164,#5163,#2393,.T.);
#6276=EDGE_CURVE('',#5164,#4661,#2394,.T.);
#6277=EDGE_CURVE('',#5165,#5164,#2395,.T.);
#6278=EDGE_CURVE('',#5165,#4662,#2396,.T.);
#6279=EDGE_CURVE('',#5164,#4662,#2397,.T.);
#6280=EDGE_CURVE('',#5165,#4663,#2398,.T.);
#6281=EDGE_CURVE('',#5165,#4664,#2399,.T.);
#6282=EDGE_CURVE('',#5166,#5165,#2400,.T.);
#6283=EDGE_CURVE('',#5166,#4664,#2401,.T.);
#6284=EDGE_CURVE('',#5166,#4665,#2402,.T.);
#6285=EDGE_CURVE('',#5167,#5166,#2403,.T.);
#6286=EDGE_CURVE('',#5167,#4665,#2404,.T.);
#6287=EDGE_CURVE('',#5168,#5167,#2405,.T.);
#6288=EDGE_CURVE('',#5168,#4665,#2406,.T.);
#6289=EDGE_CURVE('',#5168,#4666,#2407,.T.);
#6290=EDGE_CURVE('',#5168,#4667,#2408,.T.);
#6291=EDGE_CURVE('',#5169,#5168,#2409,.T.);
#6292=EDGE_CURVE('',#5169,#4667,#2410,.T.);
#6293=EDGE_CURVE('',#5169,#4668,#2411,.T.);
#6294=EDGE_CURVE('',#5170,#5169,#2412,.T.);
#6295=EDGE_CURVE('',#5170,#4668,#2413,.T.);
#6296=EDGE_CURVE('',#5170,#4669,#2414,.T.);
#6297=EDGE_CURVE('',#5171,#5170,#2415,.T.);
#6298=EDGE_CURVE('',#5171,#4669,#2416,.T.);
#6299=EDGE_CURVE('',#5171,#4670,#2417,.T.);
#6300=EDGE_CURVE('',#5172,#5171,#2418,.T.);
#6301=EDGE_CURVE('',#5172,#4670,#2419,.T.);
#6302=EDGE_CURVE('',#5173,#5172,#2420,.T.);
#6303=EDGE_CURVE('',#5173,#4670,#2421,.T.);
#6304=EDGE_CURVE('',#5173,#4671,#2422,.T.);
#6305=EDGE_CURVE('',#5173,#4672,#2423,.T.);
#6306=EDGE_CURVE('',#5174,#5173,#2424,.T.);
#6307=EDGE_CURVE('',#5174,#4672,#2425,.T.);
#6308=EDGE_CURVE('',#5174,#4673,#2426,.T.);
#6309=EDGE_CURVE('',#5175,#5174,#2427,.T.);
#6310=EDGE_CURVE('',#5175,#4673,#2428,.T.);
#6311=EDGE_CURVE('',#5175,#4674,#2429,.T.);
#6312=EDGE_CURVE('',#5176,#5175,#2430,.T.);
#6313=EDGE_CURVE('',#5176,#4674,#2431,.T.);
#6314=EDGE_CURVE('',#5177,#5176,#2432,.T.);
#6315=EDGE_CURVE('',#5177,#4674,#2433,.T.);
#6316=EDGE_CURVE('',#5178,#5177,#2434,.T.);
#6317=EDGE_CURVE('',#5178,#4676,#2435,.T.);
#6318=EDGE_CURVE('',#5177,#4676,#2436,.T.);
#6319=EDGE_CURVE('',#5177,#4675,#2437,.T.);
#6320=EDGE_CURVE('',#5179,#5178,#2438,.T.);
#6321=EDGE_CURVE('',#5179,#4677,#2439,.T.);
#6322=EDGE_CURVE('',#5178,#4677,#2440,.T.);
#6323=EDGE_CURVE('',#5180,#5179,#2441,.T.);
#6324=EDGE_CURVE('',#5180,#4678,#2442,.T.);
#6325=EDGE_CURVE('',#5179,#4678,#2443,.T.);
#6326=EDGE_CURVE('',#5181,#5180,#2444,.T.);
#6327=EDGE_CURVE('',#5181,#4679,#2445,.T.);
#6328=EDGE_CURVE('',#5180,#4679,#2446,.T.);
#6329=EDGE_CURVE('',#5182,#5181,#2447,.T.);
#6330=EDGE_CURVE('',#5182,#4680,#2448,.T.);
#6331=EDGE_CURVE('',#5181,#4680,#2449,.T.);
#6332=EDGE_CURVE('',#5183,#5182,#2450,.T.);
#6333=EDGE_CURVE('',#5183,#4681,#2451,.T.);
#6334=EDGE_CURVE('',#5182,#4681,#2452,.T.);
#6335=EDGE_CURVE('',#5184,#5183,#2453,.T.);
#6336=EDGE_CURVE('',#5184,#4682,#2454,.T.);
#6337=EDGE_CURVE('',#5183,#4682,#2455,.T.);
#6338=EDGE_CURVE('',#4683,#5184,#2456,.T.);
#6339=EDGE_CURVE('',#4685,#5185,#2457,.T.);
#6340=EDGE_CURVE('',#5185,#4771,#2458,.T.);
#6341=EDGE_CURVE('',#5186,#4771,#2459,.T.);
#6342=EDGE_CURVE('',#5185,#5186,#2460,.T.);
#6343=EDGE_CURVE('',#5186,#4770,#2461,.T.);
#6344=EDGE_CURVE('',#5186,#4769,#2462,.T.);
#6345=EDGE_CURVE('',#5187,#4769,#2463,.T.);
#6346=EDGE_CURVE('',#5186,#5187,#2464,.T.);
#6347=EDGE_CURVE('',#5188,#4769,#2465,.T.);
#6348=EDGE_CURVE('',#5187,#5188,#2466,.T.);
#6349=EDGE_CURVE('',#5188,#4768,#2467,.T.);
#6350=EDGE_CURVE('',#5188,#4767,#2468,.T.);
#6351=EDGE_CURVE('',#5189,#4767,#2469,.T.);
#6352=EDGE_CURVE('',#5188,#5189,#2470,.T.);
#6353=EDGE_CURVE('',#5190,#4767,#2471,.T.);
#6354=EDGE_CURVE('',#5189,#5190,#2472,.T.);
#6355=EDGE_CURVE('',#5190,#4766,#2473,.T.);
#6356=EDGE_CURVE('',#5191,#4766,#2474,.T.);
#6357=EDGE_CURVE('',#5190,#5191,#2475,.T.);
#6358=EDGE_CURVE('',#5191,#4765,#2476,.T.);
#6359=EDGE_CURVE('',#5191,#4764,#2477,.T.);
#6360=EDGE_CURVE('',#5192,#4764,#2478,.T.);
#6361=EDGE_CURVE('',#5191,#5192,#2479,.T.);
#6362=EDGE_CURVE('',#5193,#4764,#2480,.T.);
#6363=EDGE_CURVE('',#5192,#5193,#2481,.T.);
#6364=EDGE_CURVE('',#5193,#4763,#2482,.T.);
#6365=EDGE_CURVE('',#5194,#4763,#2483,.T.);
#6366=EDGE_CURVE('',#5193,#5194,#2484,.T.);
#6367=EDGE_CURVE('',#5194,#4762,#2485,.T.);
#6368=EDGE_CURVE('',#5195,#4762,#2486,.T.);
#6369=EDGE_CURVE('',#5194,#5195,#2487,.T.);
#6370=EDGE_CURVE('',#5195,#4761,#2488,.T.);
#6371=EDGE_CURVE('',#5195,#4760,#2489,.T.);
#6372=EDGE_CURVE('',#5196,#4760,#2490,.T.);
#6373=EDGE_CURVE('',#5195,#5196,#2491,.T.);
#6374=EDGE_CURVE('',#5197,#4760,#2492,.T.);
#6375=EDGE_CURVE('',#5196,#5197,#2493,.T.);
#6376=EDGE_CURVE('',#5197,#4759,#2494,.T.);
#6377=EDGE_CURVE('',#5198,#4759,#2495,.T.);
#6378=EDGE_CURVE('',#5197,#5198,#2496,.T.);
#6379=EDGE_CURVE('',#5198,#4758,#2497,.T.);
#6380=EDGE_CURVE('',#5199,#4758,#2498,.T.);
#6381=EDGE_CURVE('',#5198,#5199,#2499,.T.);
#6382=EDGE_CURVE('',#5199,#4757,#2500,.T.);
#6383=EDGE_CURVE('',#5200,#4757,#2501,.T.);
#6384=EDGE_CURVE('',#5199,#5200,#2502,.T.);
#6385=EDGE_CURVE('',#5200,#4756,#2503,.T.);
#6386=EDGE_CURVE('',#5200,#4755,#2504,.T.);
#6387=EDGE_CURVE('',#5201,#4755,#2505,.T.);
#6388=EDGE_CURVE('',#5200,#5201,#2506,.T.);
#6389=EDGE_CURVE('',#5201,#4754,#2507,.T.);
#6390=EDGE_CURVE('',#5202,#4754,#2508,.T.);
#6391=EDGE_CURVE('',#5201,#5202,#2509,.T.);
#6392=EDGE_CURVE('',#5203,#4754,#2510,.T.);
#6393=EDGE_CURVE('',#5202,#5203,#2511,.T.);
#6394=EDGE_CURVE('',#5203,#4753,#2512,.T.);
#6395=EDGE_CURVE('',#5204,#4753,#2513,.T.);
#6396=EDGE_CURVE('',#5203,#5204,#2514,.T.);
#6397=EDGE_CURVE('',#5204,#4752,#2515,.T.);
#6398=EDGE_CURVE('',#5204,#4751,#2516,.T.);
#6399=EDGE_CURVE('',#5205,#4751,#2517,.T.);
#6400=EDGE_CURVE('',#5204,#5205,#2518,.T.);
#6401=EDGE_CURVE('',#5206,#4751,#2519,.T.);
#6402=EDGE_CURVE('',#5205,#5206,#2520,.T.);
#6403=EDGE_CURVE('',#5206,#4750,#2521,.T.);
#6404=EDGE_CURVE('',#5207,#4750,#2522,.T.);
#6405=EDGE_CURVE('',#5206,#5207,#2523,.T.);
#6406=EDGE_CURVE('',#5207,#4749,#2524,.T.);
#6407=EDGE_CURVE('',#5207,#4748,#2525,.T.);
#6408=EDGE_CURVE('',#5208,#4748,#2526,.T.);
#6409=EDGE_CURVE('',#5207,#5208,#2527,.T.);
#6410=EDGE_CURVE('',#5209,#4748,#2528,.T.);
#6411=EDGE_CURVE('',#5208,#5209,#2529,.T.);
#6412=EDGE_CURVE('',#5209,#4747,#2530,.T.);
#6413=EDGE_CURVE('',#5210,#4746,#2531,.T.);
#6414=EDGE_CURVE('',#5210,#4747,#2532,.T.);
#6415=EDGE_CURVE('',#5209,#5210,#2533,.T.);
#6416=EDGE_CURVE('',#5211,#4745,#2534,.T.);
#6417=EDGE_CURVE('',#5211,#4746,#2535,.T.);
#6418=EDGE_CURVE('',#5210,#5211,#2536,.T.);
#6419=EDGE_CURVE('',#5212,#4744,#2537,.T.);
#6420=EDGE_CURVE('',#5212,#4745,#2538,.T.);
#6421=EDGE_CURVE('',#5211,#5212,#2539,.T.);
#6422=EDGE_CURVE('',#5213,#4743,#2540,.T.);
#6423=EDGE_CURVE('',#5213,#4744,#2541,.T.);
#6424=EDGE_CURVE('',#5212,#5213,#2542,.T.);
#6425=EDGE_CURVE('',#5214,#4742,#2543,.T.);
#6426=EDGE_CURVE('',#5214,#4743,#2544,.T.);
#6427=EDGE_CURVE('',#5213,#5214,#2545,.T.);
#6428=EDGE_CURVE('',#5215,#4741,#2546,.T.);
#6429=EDGE_CURVE('',#5215,#4742,#2547,.T.);
#6430=EDGE_CURVE('',#5214,#5215,#2548,.T.);
#6431=EDGE_CURVE('',#5215,#4740,#2549,.T.);
#6432=EDGE_CURVE('',#5216,#4739,#2550,.T.);
#6433=EDGE_CURVE('',#5216,#4740,#2551,.T.);
#6434=EDGE_CURVE('',#5215,#5216,#2552,.T.);
#6435=EDGE_CURVE('',#5217,#4739,#2553,.T.);
#6436=EDGE_CURVE('',#5216,#5217,#2554,.T.);
#6437=EDGE_CURVE('',#5218,#4738,#2555,.T.);
#6438=EDGE_CURVE('',#5218,#4739,#2556,.T.);
#6439=EDGE_CURVE('',#5217,#5218,#2557,.T.);
#6440=EDGE_CURVE('',#5219,#4738,#2558,.T.);
#6441=EDGE_CURVE('',#5218,#5219,#2559,.T.);
#6442=EDGE_CURVE('',#5219,#4737,#2560,.T.);
#6443=EDGE_CURVE('',#5219,#4736,#2561,.T.);
#6444=EDGE_CURVE('',#5220,#4736,#2562,.T.);
#6445=EDGE_CURVE('',#5219,#5220,#2563,.T.);
#6446=EDGE_CURVE('',#5221,#4736,#2564,.T.);
#6447=EDGE_CURVE('',#5220,#5221,#2565,.T.);
#6448=EDGE_CURVE('',#5221,#4735,#2566,.T.);
#6449=EDGE_CURVE('',#5221,#4734,#2567,.T.);
#6450=EDGE_CURVE('',#5222,#4734,#2568,.T.);
#6451=EDGE_CURVE('',#5221,#5222,#2569,.T.);
#6452=EDGE_CURVE('',#5223,#4734,#2570,.T.);
#6453=EDGE_CURVE('',#5222,#5223,#2571,.T.);
#6454=EDGE_CURVE('',#5223,#4733,#2572,.T.);
#6455=EDGE_CURVE('',#5224,#4733,#2573,.T.);
#6456=EDGE_CURVE('',#5223,#5224,#2574,.T.);
#6457=EDGE_CURVE('',#5224,#4732,#2575,.T.);
#6458=EDGE_CURVE('',#5225,#4732,#2576,.T.);
#6459=EDGE_CURVE('',#5224,#5225,#2577,.T.);
#6460=EDGE_CURVE('',#5225,#4731,#2578,.T.);
#6461=EDGE_CURVE('',#5225,#4730,#2579,.T.);
#6462=EDGE_CURVE('',#5226,#4730,#2580,.T.);
#6463=EDGE_CURVE('',#5225,#5226,#2581,.T.);
#6464=EDGE_CURVE('',#5227,#4730,#2582,.T.);
#6465=EDGE_CURVE('',#5226,#5227,#2583,.T.);
#6466=EDGE_CURVE('',#5227,#4729,#2584,.T.);
#6467=EDGE_CURVE('',#5228,#4729,#2585,.T.);
#6468=EDGE_CURVE('',#5227,#5228,#2586,.T.);
#6469=EDGE_CURVE('',#5228,#4728,#2587,.T.);
#6470=EDGE_CURVE('',#5229,#4728,#2588,.T.);
#6471=EDGE_CURVE('',#5228,#5229,#2589,.T.);
#6472=EDGE_CURVE('',#5229,#4727,#2590,.T.);
#6473=EDGE_CURVE('',#5230,#4727,#2591,.T.);
#6474=EDGE_CURVE('',#5229,#5230,#2592,.T.);
#6475=EDGE_CURVE('',#5230,#4726,#2593,.T.);
#6476=EDGE_CURVE('',#5231,#4726,#2594,.T.);
#6477=EDGE_CURVE('',#5230,#5231,#2595,.T.);
#6478=EDGE_CURVE('',#5231,#4725,#2596,.T.);
#6479=EDGE_CURVE('',#5231,#4724,#2597,.T.);
#6480=EDGE_CURVE('',#5232,#4724,#2598,.T.);
#6481=EDGE_CURVE('',#5231,#5232,#2599,.T.);
#6482=EDGE_CURVE('',#5233,#4939,#2600,.T.);
#6483=EDGE_CURVE('',#5233,#4811,#2601,.T.);
#6484=EDGE_CURVE('',#4896,#5234,#2602,.T.);
#6485=EDGE_CURVE('',#5234,#4942,#2603,.T.);
#6486=EDGE_CURVE('',#5232,#4941,#2604,.T.);
#6487=EDGE_CURVE('',#5235,#4895,#2605,.T.);
#6488=EDGE_CURVE('',#5235,#5234,#2606,.T.);
#6489=EDGE_CURVE('',#4944,#5152,#2607,.T.);
#6490=EDGE_CURVE('',#4943,#5154,#2608,.T.);
#6491=EDGE_CURVE('',#4940,#5236,#2609,.T.);
#6492=EDGE_CURVE('',#5236,#5237,#2610,.T.);
#6493=EDGE_CURVE('',#5237,#5238,#2611,.T.);
#6494=EDGE_CURVE('',#5238,#5239,#2612,.T.);
#6495=EDGE_CURVE('',#5239,#5240,#2613,.T.);
#6496=EDGE_CURVE('',#5240,#5241,#2614,.T.);
#6497=EDGE_CURVE('',#5241,#5242,#2615,.T.);
#6498=EDGE_CURVE('',#5242,#5243,#2616,.T.);
#6499=EDGE_CURVE('',#5243,#5244,#2617,.T.);
#6500=EDGE_CURVE('',#5244,#5245,#2618,.T.);
#6501=EDGE_CURVE('',#5245,#5246,#2619,.T.);
#6502=EDGE_CURVE('',#5246,#5247,#2620,.T.);
#6503=EDGE_CURVE('',#5247,#5248,#2621,.T.);
#6504=EDGE_CURVE('',#5248,#5249,#2622,.T.);
#6505=EDGE_CURVE('',#5249,#5250,#2623,.T.);
#6506=EDGE_CURVE('',#5250,#5251,#2624,.T.);
#6507=EDGE_CURVE('',#5251,#5252,#2625,.T.);
#6508=EDGE_CURVE('',#5252,#5253,#2626,.T.);
#6509=EDGE_CURVE('',#5253,#5254,#2627,.T.);
#6510=EDGE_CURVE('',#5254,#5255,#2628,.T.);
#6511=EDGE_CURVE('',#5255,#5256,#2629,.T.);
#6512=EDGE_CURVE('',#5256,#5257,#2630,.T.);
#6513=EDGE_CURVE('',#5257,#5258,#2631,.T.);
#6514=EDGE_CURVE('',#5258,#5259,#2632,.T.);
#6515=EDGE_CURVE('',#5259,#5260,#2633,.T.);
#6516=EDGE_CURVE('',#5260,#5261,#2634,.T.);
#6517=EDGE_CURVE('',#5261,#5262,#2635,.T.);
#6518=EDGE_CURVE('',#5262,#5263,#2636,.T.);
#6519=EDGE_CURVE('',#5263,#5264,#2637,.T.);
#6520=EDGE_CURVE('',#5264,#5265,#2638,.T.);
#6521=EDGE_CURVE('',#5265,#5266,#2639,.T.);
#6522=EDGE_CURVE('',#5266,#4934,#2640,.T.);
#6523=EDGE_CURVE('',#5266,#4691,#2641,.T.);
#6524=EDGE_CURVE('',#5265,#4692,#2642,.T.);
#6525=EDGE_CURVE('',#5266,#4692,#2643,.T.);
#6526=EDGE_CURVE('',#5264,#4693,#2644,.T.);
#6527=EDGE_CURVE('',#5265,#4693,#2645,.T.);
#6528=EDGE_CURVE('',#5263,#4694,#2646,.T.);
#6529=EDGE_CURVE('',#5264,#4694,#2647,.T.);
#6530=EDGE_CURVE('',#5262,#4695,#2648,.T.);
#6531=EDGE_CURVE('',#5263,#4695,#2649,.T.);
#6532=EDGE_CURVE('',#5261,#4695,#2650,.T.);
#6533=EDGE_CURVE('',#5260,#4697,#2651,.T.);
#6534=EDGE_CURVE('',#5261,#4697,#2652,.T.);
#6535=EDGE_CURVE('',#5261,#4696,#2653,.T.);
#6536=EDGE_CURVE('',#5259,#4697,#2654,.T.);
#6537=EDGE_CURVE('',#5258,#4699,#2655,.T.);
#6538=EDGE_CURVE('',#5259,#4699,#2656,.T.);
#6539=EDGE_CURVE('',#5259,#4698,#2657,.T.);
#6540=EDGE_CURVE('',#5257,#4700,#2658,.T.);
#6541=EDGE_CURVE('',#5258,#4700,#2659,.T.);
#6542=EDGE_CURVE('',#5256,#4700,#2660,.T.);
#6543=EDGE_CURVE('',#5255,#4702,#2661,.T.);
#6544=EDGE_CURVE('',#5256,#4702,#2662,.T.);
#6545=EDGE_CURVE('',#5256,#4701,#2663,.T.);
#6546=EDGE_CURVE('',#5254,#4702,#2664,.T.);
#6547=EDGE_CURVE('',#5253,#4703,#2665,.T.);
#6548=EDGE_CURVE('',#5254,#4703,#2666,.T.);
#6549=EDGE_CURVE('',#5253,#4704,#2667,.T.);
#6550=EDGE_CURVE('',#5252,#4704,#2668,.T.);
#6551=EDGE_CURVE('',#5252,#4705,#2669,.T.);
#6552=EDGE_CURVE('',#5251,#4705,#2670,.T.);
#6553=EDGE_CURVE('',#5251,#4706,#2671,.T.);
#6554=EDGE_CURVE('',#5250,#4706,#2672,.T.);
#6555=EDGE_CURVE('',#5250,#4707,#2673,.T.);
#6556=EDGE_CURVE('',#5249,#4707,#2674,.T.);
#6557=EDGE_CURVE('',#5249,#4708,#2675,.T.);
#6558=EDGE_CURVE('',#5248,#4708,#2676,.T.);
#6559=EDGE_CURVE('',#5248,#4709,#2677,.T.);
#6560=EDGE_CURVE('',#5247,#4709,#2678,.T.);
#6561=EDGE_CURVE('',#5247,#4711,#2679,.T.);
#6562=EDGE_CURVE('',#5247,#4710,#2680,.T.);
#6563=EDGE_CURVE('',#5246,#4711,#2681,.T.);
#6564=EDGE_CURVE('',#5245,#4711,#2682,.T.);
#6565=EDGE_CURVE('',#5245,#4712,#2683,.T.);
#6566=EDGE_CURVE('',#5244,#4712,#2684,.T.);
#6567=EDGE_CURVE('',#5244,#4713,#2685,.T.);
#6568=EDGE_CURVE('',#5243,#4713,#2686,.T.);
#6569=EDGE_CURVE('',#5242,#4714,#2687,.T.);
#6570=EDGE_CURVE('',#5243,#4714,#2688,.T.);
#6571=EDGE_CURVE('',#5241,#4715,#2689,.T.);
#6572=EDGE_CURVE('',#5242,#4715,#2690,.T.);
#6573=EDGE_CURVE('',#5240,#4716,#2691,.T.);
#6574=EDGE_CURVE('',#5241,#4716,#2692,.T.);
#6575=EDGE_CURVE('',#5239,#4717,#2693,.T.);
#6576=EDGE_CURVE('',#5240,#4717,#2694,.T.);
#6577=EDGE_CURVE('',#5238,#4718,#2695,.T.);
#6578=EDGE_CURVE('',#5239,#4718,#2696,.T.);
#6579=EDGE_CURVE('',#5237,#4719,#2697,.T.);
#6580=EDGE_CURVE('',#5238,#4719,#2698,.T.);
#6581=EDGE_CURVE('',#5236,#4720,#2699,.T.);
#6582=EDGE_CURVE('',#5237,#4720,#2700,.T.);
#6583=EDGE_CURVE('',#5236,#4721,#2701,.T.);
#6584=EDGE_CURVE('',#4936,#5018,#2702,.T.);
#6585=EDGE_CURVE('',#5267,#4948,#2703,.T.);
#6586=EDGE_CURVE('',#5268,#5267,#2704,.T.);
#6587=EDGE_CURVE('',#5269,#5268,#2705,.T.);
#6588=EDGE_CURVE('',#5270,#5269,#2706,.T.);
#6589=EDGE_CURVE('',#5271,#5270,#2707,.T.);
#6590=EDGE_CURVE('',#5272,#5271,#2708,.T.);
#6591=EDGE_CURVE('',#5273,#5272,#2709,.T.);
#6592=EDGE_CURVE('',#5274,#5273,#2710,.T.);
#6593=EDGE_CURVE('',#5275,#5274,#2711,.T.);
#6594=EDGE_CURVE('',#5276,#5275,#2712,.T.);
#6595=EDGE_CURVE('',#5277,#5276,#2713,.T.);
#6596=EDGE_CURVE('',#5278,#5277,#2714,.T.);
#6597=EDGE_CURVE('',#5279,#5278,#2715,.T.);
#6598=EDGE_CURVE('',#5280,#5279,#2716,.T.);
#6599=EDGE_CURVE('',#5281,#5280,#2717,.T.);
#6600=EDGE_CURVE('',#5282,#5281,#2718,.T.);
#6601=EDGE_CURVE('',#5283,#5282,#2719,.T.);
#6602=EDGE_CURVE('',#5284,#5283,#2720,.T.);
#6603=EDGE_CURVE('',#5285,#5284,#2721,.T.);
#6604=EDGE_CURVE('',#5286,#5285,#2722,.T.);
#6605=EDGE_CURVE('',#5287,#5286,#2723,.T.);
#6606=EDGE_CURVE('',#5288,#5287,#2724,.T.);
#6607=EDGE_CURVE('',#5289,#5288,#2725,.T.);
#6608=EDGE_CURVE('',#5290,#5289,#2726,.T.);
#6609=EDGE_CURVE('',#5291,#5290,#2727,.T.);
#6610=EDGE_CURVE('',#5292,#5291,#2728,.T.);
#6611=EDGE_CURVE('',#5293,#5292,#2729,.T.);
#6612=EDGE_CURVE('',#5294,#5293,#2730,.T.);
#6613=EDGE_CURVE('',#5295,#5294,#2731,.T.);
#6614=EDGE_CURVE('',#5296,#5295,#2732,.T.);
#6615=EDGE_CURVE('',#5297,#5296,#2733,.T.);
#6616=EDGE_CURVE('',#4952,#5297,#2734,.T.);
#6617=EDGE_CURVE('',#5025,#4935,#2735,.T.);
#6618=EDGE_CURVE('',#5298,#4947,#2736,.T.);
#6619=EDGE_CURVE('',#5298,#5267,#2737,.T.);
#6620=EDGE_CURVE('',#4947,#5267,#2738,.T.);
#6621=EDGE_CURVE('',#5299,#5298,#2739,.T.);
#6622=EDGE_CURVE('',#5299,#5268,#2740,.T.);
#6623=EDGE_CURVE('',#5298,#5268,#2741,.T.);
#6624=EDGE_CURVE('',#5300,#5299,#2742,.T.);
#6625=EDGE_CURVE('',#5300,#5269,#2743,.T.);
#6626=EDGE_CURVE('',#5299,#5269,#2744,.T.);
#6627=EDGE_CURVE('',#5301,#5300,#2745,.T.);
#6628=EDGE_CURVE('',#5301,#5270,#2746,.T.);
#6629=EDGE_CURVE('',#5300,#5270,#2747,.T.);
#6630=EDGE_CURVE('',#5302,#5301,#2748,.T.);
#6631=EDGE_CURVE('',#5302,#5271,#2749,.T.);
#6632=EDGE_CURVE('',#5301,#5271,#2750,.T.);
#6633=EDGE_CURVE('',#5303,#5302,#2751,.T.);
#6634=EDGE_CURVE('',#5303,#5272,#2752,.T.);
#6635=EDGE_CURVE('',#5302,#5272,#2753,.T.);
#6636=EDGE_CURVE('',#5304,#5303,#2754,.T.);
#6637=EDGE_CURVE('',#5304,#5273,#2755,.T.);
#6638=EDGE_CURVE('',#5303,#5273,#2756,.T.);
#6639=EDGE_CURVE('',#5305,#5304,#2757,.T.);
#6640=EDGE_CURVE('',#5305,#5274,#2758,.T.);
#6641=EDGE_CURVE('',#5304,#5274,#2759,.T.);
#6642=EDGE_CURVE('',#5306,#5305,#2760,.T.);
#6643=EDGE_CURVE('',#5306,#5275,#2761,.T.);
#6644=EDGE_CURVE('',#5305,#5275,#2762,.T.);
#6645=EDGE_CURVE('',#5307,#5306,#2763,.T.);
#6646=EDGE_CURVE('',#5307,#5276,#2764,.T.);
#6647=EDGE_CURVE('',#5306,#5276,#2765,.T.);
#6648=EDGE_CURVE('',#5307,#5277,#2766,.T.);
#6649=EDGE_CURVE('',#5308,#5307,#2767,.T.);
#6650=EDGE_CURVE('',#5308,#5277,#2768,.T.);
#6651=EDGE_CURVE('',#5309,#5308,#2769,.T.);
#6652=EDGE_CURVE('',#5309,#5278,#2770,.T.);
#6653=EDGE_CURVE('',#5308,#5278,#2771,.T.);
#6654=EDGE_CURVE('',#5310,#5309,#2772,.T.);
#6655=EDGE_CURVE('',#5310,#5278,#2773,.T.);
#6656=EDGE_CURVE('',#5311,#5310,#2774,.T.);
#6657=EDGE_CURVE('',#5311,#5280,#2775,.T.);
#6658=EDGE_CURVE('',#5310,#5280,#2776,.T.);
#6659=EDGE_CURVE('',#5310,#5279,#2777,.T.);
#6660=EDGE_CURVE('',#5311,#5281,#2778,.T.);
#6661=EDGE_CURVE('',#5312,#5311,#2779,.T.);
#6662=EDGE_CURVE('',#5312,#5281,#2780,.T.);
#6663=EDGE_CURVE('',#5312,#5282,#2781,.T.);
#6664=EDGE_CURVE('',#5313,#5312,#2782,.T.);
#6665=EDGE_CURVE('',#5313,#5282,#2783,.T.);
#6666=EDGE_CURVE('',#5313,#5283,#2784,.T.);
#6667=EDGE_CURVE('',#5314,#5313,#2785,.T.);
#6668=EDGE_CURVE('',#5314,#5283,#2786,.T.);
#6669=EDGE_CURVE('',#5314,#5284,#2787,.T.);
#6670=EDGE_CURVE('',#5315,#5314,#2788,.T.);
#6671=EDGE_CURVE('',#5315,#5284,#2789,.T.);
#6672=EDGE_CURVE('',#5315,#5285,#2790,.T.);
#6673=EDGE_CURVE('',#5316,#5315,#2791,.T.);
#6674=EDGE_CURVE('',#5316,#5285,#2792,.T.);
#6675=EDGE_CURVE('',#5316,#5286,#2793,.T.);
#6676=EDGE_CURVE('',#5317,#5316,#2794,.T.);
#6677=EDGE_CURVE('',#5317,#5286,#2795,.T.);
#6678=EDGE_CURVE('',#5317,#5287,#2796,.T.);
#6679=EDGE_CURVE('',#5318,#5317,#2797,.T.);
#6680=EDGE_CURVE('',#5318,#5287,#2798,.T.);
#6681=EDGE_CURVE('',#5318,#5288,#2799,.T.);
#6682=EDGE_CURVE('',#5319,#5318,#2800,.T.);
#6683=EDGE_CURVE('',#5319,#5288,#2801,.T.);
#6684=EDGE_CURVE('',#5319,#5289,#2802,.T.);
#6685=EDGE_CURVE('',#5320,#5319,#2803,.T.);
#6686=EDGE_CURVE('',#5320,#5289,#2804,.T.);
#6687=EDGE_CURVE('',#5320,#5290,#2805,.T.);
#6688=EDGE_CURVE('',#5321,#5320,#2806,.T.);
#6689=EDGE_CURVE('',#5321,#5290,#2807,.T.);
#6690=EDGE_CURVE('',#5321,#5291,#2808,.T.);
#6691=EDGE_CURVE('',#5322,#5321,#2809,.T.);
#6692=EDGE_CURVE('',#5322,#5291,#2810,.T.);
#6693=EDGE_CURVE('',#5323,#5322,#2811,.T.);
#6694=EDGE_CURVE('',#5323,#5292,#2812,.T.);
#6695=EDGE_CURVE('',#5322,#5292,#2813,.T.);
#6696=EDGE_CURVE('',#5324,#5323,#2814,.T.);
#6697=EDGE_CURVE('',#5324,#5293,#2815,.T.);
#6698=EDGE_CURVE('',#5323,#5293,#2816,.T.);
#6699=EDGE_CURVE('',#5325,#5324,#2817,.T.);
#6700=EDGE_CURVE('',#5325,#5294,#2818,.T.);
#6701=EDGE_CURVE('',#5324,#5294,#2819,.T.);
#6702=EDGE_CURVE('',#5326,#5325,#2820,.T.);
#6703=EDGE_CURVE('',#5326,#5295,#2821,.T.);
#6704=EDGE_CURVE('',#5325,#5295,#2822,.T.);
#6705=EDGE_CURVE('',#5327,#5326,#2823,.T.);
#6706=EDGE_CURVE('',#5327,#5296,#2824,.T.);
#6707=EDGE_CURVE('',#5326,#5296,#2825,.T.);
#6708=EDGE_CURVE('',#5328,#5327,#2826,.T.);
#6709=EDGE_CURVE('',#5328,#5297,#2827,.T.);
#6710=EDGE_CURVE('',#5327,#5297,#2828,.T.);
#6711=EDGE_CURVE('',#5328,#4952,#2829,.T.);
#6712=EDGE_CURVE('',#4953,#5328,#2830,.T.);
#6713=EDGE_CURVE('',#4946,#5023,#2831,.T.);
#6714=EDGE_CURVE('',#5235,#4945,#2832,.T.);
#6715=EDGE_CURVE('',#4772,#5329,#2833,.T.);
#6716=EDGE_CURVE('',#5329,#4858,#2834,.T.);
#6717=EDGE_CURVE('',#5330,#4858,#2835,.T.);
#6718=EDGE_CURVE('',#5329,#5330,#2836,.T.);
#6719=EDGE_CURVE('',#5330,#4857,#2837,.T.);
#6720=EDGE_CURVE('',#5330,#4856,#2838,.T.);
#6721=EDGE_CURVE('',#5331,#4856,#2839,.T.);
#6722=EDGE_CURVE('',#5330,#5331,#2840,.T.);
#6723=EDGE_CURVE('',#5332,#4856,#2841,.T.);
#6724=EDGE_CURVE('',#5331,#5332,#2842,.T.);
#6725=EDGE_CURVE('',#5332,#4855,#2843,.T.);
#6726=EDGE_CURVE('',#5332,#4854,#2844,.T.);
#6727=EDGE_CURVE('',#5333,#4854,#2845,.T.);
#6728=EDGE_CURVE('',#5332,#5333,#2846,.T.);
#6729=EDGE_CURVE('',#5334,#4854,#2847,.T.);
#6730=EDGE_CURVE('',#5333,#5334,#2848,.T.);
#6731=EDGE_CURVE('',#5334,#4853,#2849,.T.);
#6732=EDGE_CURVE('',#5335,#4853,#2850,.T.);
#6733=EDGE_CURVE('',#5334,#5335,#2851,.T.);
#6734=EDGE_CURVE('',#5335,#4852,#2852,.T.);
#6735=EDGE_CURVE('',#5335,#4851,#2853,.T.);
#6736=EDGE_CURVE('',#5336,#4851,#2854,.T.);
#6737=EDGE_CURVE('',#5335,#5336,#2855,.T.);
#6738=EDGE_CURVE('',#5337,#4851,#2856,.T.);
#6739=EDGE_CURVE('',#5336,#5337,#2857,.T.);
#6740=EDGE_CURVE('',#5337,#4850,#2858,.T.);
#6741=EDGE_CURVE('',#5338,#4850,#2859,.T.);
#6742=EDGE_CURVE('',#5337,#5338,#2860,.T.);
#6743=EDGE_CURVE('',#5338,#4849,#2861,.T.);
#6744=EDGE_CURVE('',#5339,#4849,#2862,.T.);
#6745=EDGE_CURVE('',#5338,#5339,#2863,.T.);
#6746=EDGE_CURVE('',#5339,#4848,#2864,.T.);
#6747=EDGE_CURVE('',#5339,#4847,#2865,.T.);
#6748=EDGE_CURVE('',#5340,#4847,#2866,.T.);
#6749=EDGE_CURVE('',#5339,#5340,#2867,.T.);
#6750=EDGE_CURVE('',#5341,#4847,#2868,.T.);
#6751=EDGE_CURVE('',#5340,#5341,#2869,.T.);
#6752=EDGE_CURVE('',#5341,#4846,#2870,.T.);
#6753=EDGE_CURVE('',#5342,#4846,#2871,.T.);
#6754=EDGE_CURVE('',#5341,#5342,#2872,.T.);
#6755=EDGE_CURVE('',#5342,#4845,#2873,.T.);
#6756=EDGE_CURVE('',#5343,#4845,#2874,.T.);
#6757=EDGE_CURVE('',#5342,#5343,#2875,.T.);
#6758=EDGE_CURVE('',#5343,#4844,#2876,.T.);
#6759=EDGE_CURVE('',#5344,#4844,#2877,.T.);
#6760=EDGE_CURVE('',#5343,#5344,#2878,.T.);
#6761=EDGE_CURVE('',#5344,#4843,#2879,.T.);
#6762=EDGE_CURVE('',#5344,#4842,#2880,.T.);
#6763=EDGE_CURVE('',#5345,#4842,#2881,.T.);
#6764=EDGE_CURVE('',#5344,#5345,#2882,.T.);
#6765=EDGE_CURVE('',#5345,#4841,#2883,.T.);
#6766=EDGE_CURVE('',#5346,#4841,#2884,.T.);
#6767=EDGE_CURVE('',#5345,#5346,#2885,.T.);
#6768=EDGE_CURVE('',#5347,#4841,#2886,.T.);
#6769=EDGE_CURVE('',#5346,#5347,#2887,.T.);
#6770=EDGE_CURVE('',#5347,#4840,#2888,.T.);
#6771=EDGE_CURVE('',#5348,#4840,#2889,.T.);
#6772=EDGE_CURVE('',#5347,#5348,#2890,.T.);
#6773=EDGE_CURVE('',#5348,#4839,#2891,.T.);
#6774=EDGE_CURVE('',#5348,#4838,#2892,.T.);
#6775=EDGE_CURVE('',#5349,#4838,#2893,.T.);
#6776=EDGE_CURVE('',#5348,#5349,#2894,.T.);
#6777=EDGE_CURVE('',#5350,#4838,#2895,.T.);
#6778=EDGE_CURVE('',#5349,#5350,#2896,.T.);
#6779=EDGE_CURVE('',#5350,#4837,#2897,.T.);
#6780=EDGE_CURVE('',#5351,#4837,#2898,.T.);
#6781=EDGE_CURVE('',#5350,#5351,#2899,.T.);
#6782=EDGE_CURVE('',#5351,#4836,#2900,.T.);
#6783=EDGE_CURVE('',#5351,#4835,#2901,.T.);
#6784=EDGE_CURVE('',#5352,#4835,#2902,.T.);
#6785=EDGE_CURVE('',#5351,#5352,#2903,.T.);
#6786=EDGE_CURVE('',#5353,#4835,#2904,.T.);
#6787=EDGE_CURVE('',#5352,#5353,#2905,.T.);
#6788=EDGE_CURVE('',#5353,#4834,#2906,.T.);
#6789=EDGE_CURVE('',#5354,#4833,#2907,.T.);
#6790=EDGE_CURVE('',#5354,#4834,#2908,.T.);
#6791=EDGE_CURVE('',#5353,#5354,#2909,.T.);
#6792=EDGE_CURVE('',#5355,#4832,#2910,.T.);
#6793=EDGE_CURVE('',#5355,#4833,#2911,.T.);
#6794=EDGE_CURVE('',#5354,#5355,#2912,.T.);
#6795=EDGE_CURVE('',#5356,#4831,#2913,.T.);
#6796=EDGE_CURVE('',#5356,#4832,#2914,.T.);
#6797=EDGE_CURVE('',#5355,#5356,#2915,.T.);
#6798=EDGE_CURVE('',#5357,#4830,#2916,.T.);
#6799=EDGE_CURVE('',#5357,#4831,#2917,.T.);
#6800=EDGE_CURVE('',#5356,#5357,#2918,.T.);
#6801=EDGE_CURVE('',#5358,#4829,#2919,.T.);
#6802=EDGE_CURVE('',#5358,#4830,#2920,.T.);
#6803=EDGE_CURVE('',#5357,#5358,#2921,.T.);
#6804=EDGE_CURVE('',#5359,#4828,#2922,.T.);
#6805=EDGE_CURVE('',#5359,#4829,#2923,.T.);
#6806=EDGE_CURVE('',#5358,#5359,#2924,.T.);
#6807=EDGE_CURVE('',#5359,#4827,#2925,.T.);
#6808=EDGE_CURVE('',#5360,#4826,#2926,.T.);
#6809=EDGE_CURVE('',#5360,#4827,#2927,.T.);
#6810=EDGE_CURVE('',#5359,#5360,#2928,.T.);
#6811=EDGE_CURVE('',#5361,#4826,#2929,.T.);
#6812=EDGE_CURVE('',#5360,#5361,#2930,.T.);
#6813=EDGE_CURVE('',#5362,#4825,#2931,.T.);
#6814=EDGE_CURVE('',#5362,#4826,#2932,.T.);
#6815=EDGE_CURVE('',#5361,#5362,#2933,.T.);
#6816=EDGE_CURVE('',#5363,#4825,#2934,.T.);
#6817=EDGE_CURVE('',#5362,#5363,#2935,.T.);
#6818=EDGE_CURVE('',#5363,#4824,#2936,.T.);
#6819=EDGE_CURVE('',#5363,#4823,#2937,.T.);
#6820=EDGE_CURVE('',#5364,#4823,#2938,.T.);
#6821=EDGE_CURVE('',#5363,#5364,#2939,.T.);
#6822=EDGE_CURVE('',#5365,#4823,#2940,.T.);
#6823=EDGE_CURVE('',#5364,#5365,#2941,.T.);
#6824=EDGE_CURVE('',#5365,#4822,#2942,.T.);
#6825=EDGE_CURVE('',#5365,#4821,#2943,.T.);
#6826=EDGE_CURVE('',#5366,#4821,#2944,.T.);
#6827=EDGE_CURVE('',#5365,#5366,#2945,.T.);
#6828=EDGE_CURVE('',#5367,#4821,#2946,.T.);
#6829=EDGE_CURVE('',#5366,#5367,#2947,.T.);
#6830=EDGE_CURVE('',#5367,#4820,#2948,.T.);
#6831=EDGE_CURVE('',#5368,#4820,#2949,.T.);
#6832=EDGE_CURVE('',#5367,#5368,#2950,.T.);
#6833=EDGE_CURVE('',#5368,#4819,#2951,.T.);
#6834=EDGE_CURVE('',#5369,#4819,#2952,.T.);
#6835=EDGE_CURVE('',#5368,#5369,#2953,.T.);
#6836=EDGE_CURVE('',#5369,#4818,#2954,.T.);
#6837=EDGE_CURVE('',#5369,#4817,#2955,.T.);
#6838=EDGE_CURVE('',#5370,#4817,#2956,.T.);
#6839=EDGE_CURVE('',#5369,#5370,#2957,.T.);
#6840=EDGE_CURVE('',#5371,#4817,#2958,.T.);
#6841=EDGE_CURVE('',#5370,#5371,#2959,.T.);
#6842=EDGE_CURVE('',#5371,#4816,#2960,.T.);
#6843=EDGE_CURVE('',#5372,#4816,#2961,.T.);
#6844=EDGE_CURVE('',#5371,#5372,#2962,.T.);
#6845=EDGE_CURVE('',#5372,#4815,#2963,.T.);
#6846=EDGE_CURVE('',#5373,#4815,#2964,.T.);
#6847=EDGE_CURVE('',#5372,#5373,#2965,.T.);
#6848=EDGE_CURVE('',#5373,#4814,#2966,.T.);
#6849=EDGE_CURVE('',#5374,#4814,#2967,.T.);
#6850=EDGE_CURVE('',#5373,#5374,#2968,.T.);
#6851=EDGE_CURVE('',#5374,#4813,#2969,.T.);
#6852=EDGE_CURVE('',#5375,#4813,#2970,.T.);
#6853=EDGE_CURVE('',#5374,#5375,#2971,.T.);
#6854=EDGE_CURVE('',#5375,#4812,#2972,.T.);
#6855=EDGE_CURVE('',#5375,#4811,#2973,.T.);
#6856=EDGE_CURVE('',#5375,#5233,#2974,.T.);
#6857=EDGE_CURVE('',#4774,#4954,#2975,.T.);
#6858=EDGE_CURVE('',#4938,#5376,#2976,.T.);
#6859=EDGE_CURVE('',#5376,#5377,#2977,.T.);
#6860=EDGE_CURVE('',#5377,#5378,#2978,.T.);
#6861=EDGE_CURVE('',#5378,#5379,#2979,.T.);
#6862=EDGE_CURVE('',#5379,#5380,#2980,.T.);
#6863=EDGE_CURVE('',#5380,#5381,#2981,.T.);
#6864=EDGE_CURVE('',#5381,#5382,#2982,.T.);
#6865=EDGE_CURVE('',#5382,#5383,#2983,.T.);
#6866=EDGE_CURVE('',#5383,#5384,#2984,.T.);
#6867=EDGE_CURVE('',#5384,#5385,#2985,.T.);
#6868=EDGE_CURVE('',#5385,#5386,#2986,.T.);
#6869=EDGE_CURVE('',#5386,#5387,#2987,.T.);
#6870=EDGE_CURVE('',#5387,#5388,#2988,.T.);
#6871=EDGE_CURVE('',#5388,#5389,#2989,.T.);
#6872=EDGE_CURVE('',#5389,#5390,#2990,.T.);
#6873=EDGE_CURVE('',#5390,#5391,#2991,.T.);
#6874=EDGE_CURVE('',#5391,#5392,#2992,.T.);
#6875=EDGE_CURVE('',#5392,#5393,#2993,.T.);
#6876=EDGE_CURVE('',#5393,#5394,#2994,.T.);
#6877=EDGE_CURVE('',#5394,#5395,#2995,.T.);
#6878=EDGE_CURVE('',#5395,#5396,#2996,.T.);
#6879=EDGE_CURVE('',#5396,#5397,#2997,.T.);
#6880=EDGE_CURVE('',#5397,#5398,#2998,.T.);
#6881=EDGE_CURVE('',#5398,#5399,#2999,.T.);
#6882=EDGE_CURVE('',#5399,#5400,#3000,.T.);
#6883=EDGE_CURVE('',#5400,#5401,#3001,.T.);
#6884=EDGE_CURVE('',#5401,#5402,#3002,.T.);
#6885=EDGE_CURVE('',#5402,#5403,#3003,.T.);
#6886=EDGE_CURVE('',#5403,#5404,#3004,.T.);
#6887=EDGE_CURVE('',#5404,#5405,#3005,.T.);
#6888=EDGE_CURVE('',#5405,#5406,#3006,.T.);
#6889=EDGE_CURVE('',#5406,#4955,#3007,.T.);
#6890=EDGE_CURVE('',#5406,#4778,#3008,.T.);
#6891=EDGE_CURVE('',#5405,#4778,#3009,.T.);
#6892=EDGE_CURVE('',#5404,#4780,#3010,.T.);
#6893=EDGE_CURVE('',#5405,#4780,#3011,.T.);
#6894=EDGE_CURVE('',#5405,#4779,#3012,.T.);
#6895=EDGE_CURVE('',#5403,#4781,#3013,.T.);
#6896=EDGE_CURVE('',#5404,#4781,#3014,.T.);
#6897=EDGE_CURVE('',#5402,#4781,#3015,.T.);
#6898=EDGE_CURVE('',#5401,#4783,#3016,.T.);
#6899=EDGE_CURVE('',#5402,#4783,#3017,.T.);
#6900=EDGE_CURVE('',#5402,#4782,#3018,.T.);
#6901=EDGE_CURVE('',#5400,#4784,#3019,.T.);
#6902=EDGE_CURVE('',#5401,#4784,#3020,.T.);
#6903=EDGE_CURVE('',#5399,#4785,#3021,.T.);
#6904=EDGE_CURVE('',#5400,#4785,#3022,.T.);
#6905=EDGE_CURVE('',#5398,#4785,#3023,.T.);
#6906=EDGE_CURVE('',#5398,#4787,#3024,.T.);
#6907=EDGE_CURVE('',#5398,#4786,#3025,.T.);
#6908=EDGE_CURVE('',#5397,#4787,#3026,.T.);
#6909=EDGE_CURVE('',#5396,#4788,#3027,.T.);
#6910=EDGE_CURVE('',#5397,#4788,#3028,.T.);
#6911=EDGE_CURVE('',#5396,#4789,#3029,.T.);
#6912=EDGE_CURVE('',#5395,#4789,#3030,.T.);
#6913=EDGE_CURVE('',#5394,#4790,#3031,.T.);
#6914=EDGE_CURVE('',#5395,#4790,#3032,.T.);
#6915=EDGE_CURVE('',#5393,#4790,#3033,.T.);
#6916=EDGE_CURVE('',#5393,#4792,#3034,.T.);
#6917=EDGE_CURVE('',#5393,#4791,#3035,.T.);
#6918=EDGE_CURVE('',#5392,#4792,#3036,.T.);
#6919=EDGE_CURVE('',#5392,#4793,#3037,.T.);
#6920=EDGE_CURVE('',#5391,#4793,#3038,.T.);
#6921=EDGE_CURVE('',#5391,#4794,#3039,.T.);
#6922=EDGE_CURVE('',#5390,#4794,#3040,.T.);
#6923=EDGE_CURVE('',#5390,#4795,#3041,.T.);
#6924=EDGE_CURVE('',#5389,#4795,#3042,.T.);
#6925=EDGE_CURVE('',#5389,#4796,#3043,.T.);
#6926=EDGE_CURVE('',#5388,#4796,#3044,.T.);
#6927=EDGE_CURVE('',#5388,#4797,#3045,.T.);
#6928=EDGE_CURVE('',#5387,#4797,#3046,.T.);
#6929=EDGE_CURVE('',#5387,#4798,#3047,.T.);
#6930=EDGE_CURVE('',#5386,#4798,#3048,.T.);
#6931=EDGE_CURVE('',#5386,#4799,#3049,.T.);
#6932=EDGE_CURVE('',#5385,#4799,#3050,.T.);
#6933=EDGE_CURVE('',#5385,#4800,#3051,.T.);
#6934=EDGE_CURVE('',#5384,#4800,#3052,.T.);
#6935=EDGE_CURVE('',#5384,#4801,#3053,.T.);
#6936=EDGE_CURVE('',#5383,#4801,#3054,.T.);
#6937=EDGE_CURVE('',#5383,#4802,#3055,.T.);
#6938=EDGE_CURVE('',#5382,#4802,#3056,.T.);
#6939=EDGE_CURVE('',#5382,#4803,#3057,.T.);
#6940=EDGE_CURVE('',#5381,#4803,#3058,.T.);
#6941=EDGE_CURVE('',#5380,#4803,#3059,.T.);
#6942=EDGE_CURVE('',#5379,#4805,#3060,.T.);
#6943=EDGE_CURVE('',#5380,#4805,#3061,.T.);
#6944=EDGE_CURVE('',#5380,#4804,#3062,.T.);
#6945=EDGE_CURVE('',#5378,#4805,#3063,.T.);
#6946=EDGE_CURVE('',#5377,#4807,#3064,.T.);
#6947=EDGE_CURVE('',#5378,#4807,#3065,.T.);
#6948=EDGE_CURVE('',#5378,#4806,#3066,.T.);
#6949=EDGE_CURVE('',#5376,#4807,#3067,.T.);
#6950=EDGE_CURVE('',#5376,#4809,#3068,.T.);
#6951=EDGE_CURVE('',#5376,#4808,#3069,.T.);
#6952=ORIENTED_EDGE('',*,*,#5407,.F.);
#6953=ORIENTED_EDGE('',*,*,#5408,.F.);
#6954=ORIENTED_EDGE('',*,*,#5409,.F.);
#6955=ORIENTED_EDGE('',*,*,#5410,.F.);
#6956=ORIENTED_EDGE('',*,*,#5411,.F.);
#6957=ORIENTED_EDGE('',*,*,#5412,.F.);
#6958=ORIENTED_EDGE('',*,*,#5413,.F.);
#6959=ORIENTED_EDGE('',*,*,#5414,.F.);
#6960=ORIENTED_EDGE('',*,*,#5415,.F.);
#6961=ORIENTED_EDGE('',*,*,#5416,.F.);
#6962=ORIENTED_EDGE('',*,*,#5417,.F.);
#6963=ORIENTED_EDGE('',*,*,#5418,.F.);
#6964=ORIENTED_EDGE('',*,*,#5419,.F.);
#6965=ORIENTED_EDGE('',*,*,#5420,.F.);
#6966=ORIENTED_EDGE('',*,*,#5421,.F.);
#6967=ORIENTED_EDGE('',*,*,#5422,.F.);
#6968=ORIENTED_EDGE('',*,*,#5423,.F.);
#6969=ORIENTED_EDGE('',*,*,#5424,.F.);
#6970=ORIENTED_EDGE('',*,*,#5425,.F.);
#6971=ORIENTED_EDGE('',*,*,#5426,.F.);
#6972=ORIENTED_EDGE('',*,*,#5427,.F.);
#6973=ORIENTED_EDGE('',*,*,#5428,.F.);
#6974=ORIENTED_EDGE('',*,*,#5429,.F.);
#6975=ORIENTED_EDGE('',*,*,#5430,.F.);
#6976=ORIENTED_EDGE('',*,*,#5431,.F.);
#6977=ORIENTED_EDGE('',*,*,#5432,.F.);
#6978=ORIENTED_EDGE('',*,*,#5433,.F.);
#6979=ORIENTED_EDGE('',*,*,#5434,.F.);
#6980=ORIENTED_EDGE('',*,*,#5435,.F.);
#6981=ORIENTED_EDGE('',*,*,#5436,.F.);
#6982=ORIENTED_EDGE('',*,*,#5437,.F.);
#6983=ORIENTED_EDGE('',*,*,#5438,.F.);
#6984=ORIENTED_EDGE('',*,*,#5439,.F.);
#6985=ORIENTED_EDGE('',*,*,#5440,.F.);
#6986=ORIENTED_EDGE('',*,*,#5441,.T.);
#6987=ORIENTED_EDGE('',*,*,#5442,.T.);
#6988=ORIENTED_EDGE('',*,*,#5443,.F.);
#6989=ORIENTED_EDGE('',*,*,#5444,.F.);
#6990=ORIENTED_EDGE('',*,*,#5445,.F.);
#6991=ORIENTED_EDGE('',*,*,#5446,.F.);
#6992=ORIENTED_EDGE('',*,*,#5447,.F.);
#6993=ORIENTED_EDGE('',*,*,#5448,.F.);
#6994=ORIENTED_EDGE('',*,*,#5449,.F.);
#6995=ORIENTED_EDGE('',*,*,#5450,.F.);
#6996=ORIENTED_EDGE('',*,*,#5451,.F.);
#6997=ORIENTED_EDGE('',*,*,#5452,.F.);
#6998=ORIENTED_EDGE('',*,*,#5453,.F.);
#6999=ORIENTED_EDGE('',*,*,#5454,.F.);
#7000=ORIENTED_EDGE('',*,*,#5455,.F.);
#7001=ORIENTED_EDGE('',*,*,#5456,.F.);
#7002=ORIENTED_EDGE('',*,*,#5457,.F.);
#7003=ORIENTED_EDGE('',*,*,#5458,.F.);
#7004=ORIENTED_EDGE('',*,*,#5459,.F.);
#7005=ORIENTED_EDGE('',*,*,#5460,.F.);
#7006=ORIENTED_EDGE('',*,*,#5461,.F.);
#7007=ORIENTED_EDGE('',*,*,#5462,.F.);
#7008=ORIENTED_EDGE('',*,*,#5463,.F.);
#7009=ORIENTED_EDGE('',*,*,#5464,.F.);
#7010=ORIENTED_EDGE('',*,*,#5465,.F.);
#7011=ORIENTED_EDGE('',*,*,#5466,.F.);
#7012=ORIENTED_EDGE('',*,*,#5467,.F.);
#7013=ORIENTED_EDGE('',*,*,#5468,.F.);
#7014=ORIENTED_EDGE('',*,*,#5469,.F.);
#7015=ORIENTED_EDGE('',*,*,#5470,.F.);
#7016=ORIENTED_EDGE('',*,*,#5471,.F.);
#7017=ORIENTED_EDGE('',*,*,#5472,.F.);
#7018=ORIENTED_EDGE('',*,*,#5473,.F.);
#7019=ORIENTED_EDGE('',*,*,#5474,.F.);
#7020=ORIENTED_EDGE('',*,*,#5407,.T.);
#7021=ORIENTED_EDGE('',*,*,#5475,.F.);
#7022=ORIENTED_EDGE('',*,*,#5476,.F.);
#7023=ORIENTED_EDGE('',*,*,#5477,.T.);
#7024=ORIENTED_EDGE('',*,*,#5478,.F.);
#7025=ORIENTED_EDGE('',*,*,#5479,.F.);
#7026=ORIENTED_EDGE('',*,*,#5480,.T.);
#7027=ORIENTED_EDGE('',*,*,#5481,.T.);
#7028=ORIENTED_EDGE('',*,*,#5481,.F.);
#7029=ORIENTED_EDGE('',*,*,#5482,.T.);
#7030=ORIENTED_EDGE('',*,*,#5483,.T.);
#7031=ORIENTED_EDGE('',*,*,#5484,.F.);
#7032=ORIENTED_EDGE('',*,*,#5485,.F.);
#7033=ORIENTED_EDGE('',*,*,#5486,.F.);
#7034=ORIENTED_EDGE('',*,*,#5487,.F.);
#7035=ORIENTED_EDGE('',*,*,#5488,.F.);
#7036=ORIENTED_EDGE('',*,*,#5489,.F.);
#7037=ORIENTED_EDGE('',*,*,#5490,.F.);
#7038=ORIENTED_EDGE('',*,*,#5491,.F.);
#7039=ORIENTED_EDGE('',*,*,#5492,.F.);
#7040=ORIENTED_EDGE('',*,*,#5493,.F.);
#7041=ORIENTED_EDGE('',*,*,#5494,.F.);
#7042=ORIENTED_EDGE('',*,*,#5495,.F.);
#7043=ORIENTED_EDGE('',*,*,#5496,.F.);
#7044=ORIENTED_EDGE('',*,*,#5497,.F.);
#7045=ORIENTED_EDGE('',*,*,#5498,.F.);
#7046=ORIENTED_EDGE('',*,*,#5499,.F.);
#7047=ORIENTED_EDGE('',*,*,#5500,.F.);
#7048=ORIENTED_EDGE('',*,*,#5501,.F.);
#7049=ORIENTED_EDGE('',*,*,#5502,.F.);
#7050=ORIENTED_EDGE('',*,*,#5503,.F.);
#7051=ORIENTED_EDGE('',*,*,#5504,.F.);
#7052=ORIENTED_EDGE('',*,*,#5505,.F.);
#7053=ORIENTED_EDGE('',*,*,#5506,.F.);
#7054=ORIENTED_EDGE('',*,*,#5507,.F.);
#7055=ORIENTED_EDGE('',*,*,#5508,.F.);
#7056=ORIENTED_EDGE('',*,*,#5509,.F.);
#7057=ORIENTED_EDGE('',*,*,#5510,.F.);
#7058=ORIENTED_EDGE('',*,*,#5511,.F.);
#7059=ORIENTED_EDGE('',*,*,#5512,.F.);
#7060=ORIENTED_EDGE('',*,*,#5513,.F.);
#7061=ORIENTED_EDGE('',*,*,#5514,.F.);
#7062=ORIENTED_EDGE('',*,*,#5515,.F.);
#7063=ORIENTED_EDGE('',*,*,#5516,.F.);
#7064=ORIENTED_EDGE('',*,*,#5517,.F.);
#7065=ORIENTED_EDGE('',*,*,#5518,.F.);
#7066=ORIENTED_EDGE('',*,*,#5519,.F.);
#7067=ORIENTED_EDGE('',*,*,#5520,.F.);
#7068=ORIENTED_EDGE('',*,*,#5521,.F.);
#7069=ORIENTED_EDGE('',*,*,#5522,.F.);
#7070=ORIENTED_EDGE('',*,*,#5523,.F.);
#7071=ORIENTED_EDGE('',*,*,#5524,.F.);
#7072=ORIENTED_EDGE('',*,*,#5525,.F.);
#7073=ORIENTED_EDGE('',*,*,#5526,.F.);
#7074=ORIENTED_EDGE('',*,*,#5527,.F.);
#7075=ORIENTED_EDGE('',*,*,#5528,.F.);
#7076=ORIENTED_EDGE('',*,*,#5529,.F.);
#7077=ORIENTED_EDGE('',*,*,#5530,.F.);
#7078=ORIENTED_EDGE('',*,*,#5531,.F.);
#7079=ORIENTED_EDGE('',*,*,#5532,.F.);
#7080=ORIENTED_EDGE('',*,*,#5533,.F.);
#7081=ORIENTED_EDGE('',*,*,#5534,.F.);
#7082=ORIENTED_EDGE('',*,*,#5535,.F.);
#7083=ORIENTED_EDGE('',*,*,#5536,.F.);
#7084=ORIENTED_EDGE('',*,*,#5537,.F.);
#7085=ORIENTED_EDGE('',*,*,#5538,.F.);
#7086=ORIENTED_EDGE('',*,*,#5539,.F.);
#7087=ORIENTED_EDGE('',*,*,#5540,.F.);
#7088=ORIENTED_EDGE('',*,*,#5541,.F.);
#7089=ORIENTED_EDGE('',*,*,#5542,.F.);
#7090=ORIENTED_EDGE('',*,*,#5543,.F.);
#7091=ORIENTED_EDGE('',*,*,#5544,.F.);
#7092=ORIENTED_EDGE('',*,*,#5545,.F.);
#7093=ORIENTED_EDGE('',*,*,#5546,.F.);
#7094=ORIENTED_EDGE('',*,*,#5547,.F.);
#7095=ORIENTED_EDGE('',*,*,#5548,.F.);
#7096=ORIENTED_EDGE('',*,*,#5549,.F.);
#7097=ORIENTED_EDGE('',*,*,#5550,.F.);
#7098=ORIENTED_EDGE('',*,*,#5551,.F.);
#7099=ORIENTED_EDGE('',*,*,#5552,.F.);
#7100=ORIENTED_EDGE('',*,*,#5553,.F.);
#7101=ORIENTED_EDGE('',*,*,#5554,.F.);
#7102=ORIENTED_EDGE('',*,*,#5555,.F.);
#7103=ORIENTED_EDGE('',*,*,#5556,.F.);
#7104=ORIENTED_EDGE('',*,*,#5557,.F.);
#7105=ORIENTED_EDGE('',*,*,#5558,.F.);
#7106=ORIENTED_EDGE('',*,*,#5559,.F.);
#7107=ORIENTED_EDGE('',*,*,#5560,.F.);
#7108=ORIENTED_EDGE('',*,*,#5561,.F.);
#7109=ORIENTED_EDGE('',*,*,#5562,.F.);
#7110=ORIENTED_EDGE('',*,*,#5563,.F.);
#7111=ORIENTED_EDGE('',*,*,#5564,.F.);
#7112=ORIENTED_EDGE('',*,*,#5565,.F.);
#7113=ORIENTED_EDGE('',*,*,#5566,.F.);
#7114=ORIENTED_EDGE('',*,*,#5567,.F.);
#7115=ORIENTED_EDGE('',*,*,#5568,.T.);
#7116=ORIENTED_EDGE('',*,*,#5569,.T.);
#7117=ORIENTED_EDGE('',*,*,#5569,.F.);
#7118=ORIENTED_EDGE('',*,*,#5570,.T.);
#7119=ORIENTED_EDGE('',*,*,#5571,.T.);
#7120=ORIENTED_EDGE('',*,*,#5572,.F.);
#7121=ORIENTED_EDGE('',*,*,#5573,.F.);
#7122=ORIENTED_EDGE('',*,*,#5574,.F.);
#7123=ORIENTED_EDGE('',*,*,#5575,.F.);
#7124=ORIENTED_EDGE('',*,*,#5576,.F.);
#7125=ORIENTED_EDGE('',*,*,#5577,.F.);
#7126=ORIENTED_EDGE('',*,*,#5578,.F.);
#7127=ORIENTED_EDGE('',*,*,#5579,.F.);
#7128=ORIENTED_EDGE('',*,*,#5580,.F.);
#7129=ORIENTED_EDGE('',*,*,#5581,.F.);
#7130=ORIENTED_EDGE('',*,*,#5582,.F.);
#7131=ORIENTED_EDGE('',*,*,#5583,.F.);
#7132=ORIENTED_EDGE('',*,*,#5584,.F.);
#7133=ORIENTED_EDGE('',*,*,#5585,.F.);
#7134=ORIENTED_EDGE('',*,*,#5586,.F.);
#7135=ORIENTED_EDGE('',*,*,#5587,.F.);
#7136=ORIENTED_EDGE('',*,*,#5588,.F.);
#7137=ORIENTED_EDGE('',*,*,#5589,.F.);
#7138=ORIENTED_EDGE('',*,*,#5590,.F.);
#7139=ORIENTED_EDGE('',*,*,#5591,.F.);
#7140=ORIENTED_EDGE('',*,*,#5592,.F.);
#7141=ORIENTED_EDGE('',*,*,#5593,.F.);
#7142=ORIENTED_EDGE('',*,*,#5594,.F.);
#7143=ORIENTED_EDGE('',*,*,#5595,.F.);
#7144=ORIENTED_EDGE('',*,*,#5596,.F.);
#7145=ORIENTED_EDGE('',*,*,#5597,.F.);
#7146=ORIENTED_EDGE('',*,*,#5598,.F.);
#7147=ORIENTED_EDGE('',*,*,#5599,.F.);
#7148=ORIENTED_EDGE('',*,*,#5600,.F.);
#7149=ORIENTED_EDGE('',*,*,#5601,.F.);
#7150=ORIENTED_EDGE('',*,*,#5602,.F.);
#7151=ORIENTED_EDGE('',*,*,#5603,.F.);
#7152=ORIENTED_EDGE('',*,*,#5604,.T.);
#7153=ORIENTED_EDGE('',*,*,#5605,.F.);
#7154=ORIENTED_EDGE('',*,*,#5606,.F.);
#7155=ORIENTED_EDGE('',*,*,#5607,.F.);
#7156=ORIENTED_EDGE('',*,*,#5608,.F.);
#7157=ORIENTED_EDGE('',*,*,#5609,.F.);
#7158=ORIENTED_EDGE('',*,*,#5610,.F.);
#7159=ORIENTED_EDGE('',*,*,#5611,.F.);
#7160=ORIENTED_EDGE('',*,*,#5612,.F.);
#7161=ORIENTED_EDGE('',*,*,#5613,.F.);
#7162=ORIENTED_EDGE('',*,*,#5614,.F.);
#7163=ORIENTED_EDGE('',*,*,#5615,.F.);
#7164=ORIENTED_EDGE('',*,*,#5616,.F.);
#7165=ORIENTED_EDGE('',*,*,#5617,.F.);
#7166=ORIENTED_EDGE('',*,*,#5618,.F.);
#7167=ORIENTED_EDGE('',*,*,#5619,.F.);
#7168=ORIENTED_EDGE('',*,*,#5620,.F.);
#7169=ORIENTED_EDGE('',*,*,#5621,.F.);
#7170=ORIENTED_EDGE('',*,*,#5622,.F.);
#7171=ORIENTED_EDGE('',*,*,#5623,.F.);
#7172=ORIENTED_EDGE('',*,*,#5624,.F.);
#7173=ORIENTED_EDGE('',*,*,#5625,.F.);
#7174=ORIENTED_EDGE('',*,*,#5626,.F.);
#7175=ORIENTED_EDGE('',*,*,#5627,.F.);
#7176=ORIENTED_EDGE('',*,*,#5628,.F.);
#7177=ORIENTED_EDGE('',*,*,#5629,.F.);
#7178=ORIENTED_EDGE('',*,*,#5630,.F.);
#7179=ORIENTED_EDGE('',*,*,#5631,.F.);
#7180=ORIENTED_EDGE('',*,*,#5632,.F.);
#7181=ORIENTED_EDGE('',*,*,#5633,.F.);
#7182=ORIENTED_EDGE('',*,*,#5634,.F.);
#7183=ORIENTED_EDGE('',*,*,#5635,.F.);
#7184=ORIENTED_EDGE('',*,*,#5636,.F.);
#7185=ORIENTED_EDGE('',*,*,#5637,.F.);
#7186=ORIENTED_EDGE('',*,*,#5638,.F.);
#7187=ORIENTED_EDGE('',*,*,#5639,.F.);
#7188=ORIENTED_EDGE('',*,*,#5640,.F.);
#7189=ORIENTED_EDGE('',*,*,#5641,.F.);
#7190=ORIENTED_EDGE('',*,*,#5642,.F.);
#7191=ORIENTED_EDGE('',*,*,#5643,.F.);
#7192=ORIENTED_EDGE('',*,*,#5644,.F.);
#7193=ORIENTED_EDGE('',*,*,#5645,.F.);
#7194=ORIENTED_EDGE('',*,*,#5646,.F.);
#7195=ORIENTED_EDGE('',*,*,#5647,.F.);
#7196=ORIENTED_EDGE('',*,*,#5648,.F.);
#7197=ORIENTED_EDGE('',*,*,#5649,.F.);
#7198=ORIENTED_EDGE('',*,*,#5650,.F.);
#7199=ORIENTED_EDGE('',*,*,#5651,.F.);
#7200=ORIENTED_EDGE('',*,*,#5652,.F.);
#7201=ORIENTED_EDGE('',*,*,#5653,.F.);
#7202=ORIENTED_EDGE('',*,*,#5654,.F.);
#7203=ORIENTED_EDGE('',*,*,#5655,.F.);
#7204=ORIENTED_EDGE('',*,*,#5656,.F.);
#7205=ORIENTED_EDGE('',*,*,#5657,.F.);
#7206=ORIENTED_EDGE('',*,*,#5658,.F.);
#7207=ORIENTED_EDGE('',*,*,#5659,.F.);
#7208=ORIENTED_EDGE('',*,*,#5660,.F.);
#7209=ORIENTED_EDGE('',*,*,#5661,.F.);
#7210=ORIENTED_EDGE('',*,*,#5662,.F.);
#7211=ORIENTED_EDGE('',*,*,#5663,.F.);
#7212=ORIENTED_EDGE('',*,*,#5664,.F.);
#7213=ORIENTED_EDGE('',*,*,#5665,.F.);
#7214=ORIENTED_EDGE('',*,*,#5666,.F.);
#7215=ORIENTED_EDGE('',*,*,#5667,.F.);
#7216=ORIENTED_EDGE('',*,*,#5668,.F.);
#7217=ORIENTED_EDGE('',*,*,#5669,.F.);
#7218=ORIENTED_EDGE('',*,*,#5670,.F.);
#7219=ORIENTED_EDGE('',*,*,#5671,.F.);
#7220=ORIENTED_EDGE('',*,*,#5672,.F.);
#7221=ORIENTED_EDGE('',*,*,#5673,.F.);
#7222=ORIENTED_EDGE('',*,*,#5674,.F.);
#7223=ORIENTED_EDGE('',*,*,#5675,.F.);
#7224=ORIENTED_EDGE('',*,*,#5676,.F.);
#7225=ORIENTED_EDGE('',*,*,#5677,.F.);
#7226=ORIENTED_EDGE('',*,*,#5678,.F.);
#7227=ORIENTED_EDGE('',*,*,#5679,.F.);
#7228=ORIENTED_EDGE('',*,*,#5680,.F.);
#7229=ORIENTED_EDGE('',*,*,#5681,.F.);
#7230=ORIENTED_EDGE('',*,*,#5682,.F.);
#7231=ORIENTED_EDGE('',*,*,#5683,.F.);
#7232=ORIENTED_EDGE('',*,*,#5684,.F.);
#7233=ORIENTED_EDGE('',*,*,#5685,.F.);
#7234=ORIENTED_EDGE('',*,*,#5686,.F.);
#7235=ORIENTED_EDGE('',*,*,#5687,.F.);
#7236=ORIENTED_EDGE('',*,*,#5688,.F.);
#7237=ORIENTED_EDGE('',*,*,#5689,.F.);
#7238=ORIENTED_EDGE('',*,*,#5690,.T.);
#7239=ORIENTED_EDGE('',*,*,#5691,.F.);
#7240=ORIENTED_EDGE('',*,*,#5692,.F.);
#7241=ORIENTED_EDGE('',*,*,#5693,.T.);
#7242=ORIENTED_EDGE('',*,*,#5694,.F.);
#7243=ORIENTED_EDGE('',*,*,#5695,.F.);
#7244=ORIENTED_EDGE('',*,*,#5696,.F.);
#7245=ORIENTED_EDGE('',*,*,#5697,.F.);
#7246=ORIENTED_EDGE('',*,*,#5698,.F.);
#7247=ORIENTED_EDGE('',*,*,#5699,.F.);
#7248=ORIENTED_EDGE('',*,*,#5700,.F.);
#7249=ORIENTED_EDGE('',*,*,#5701,.F.);
#7250=ORIENTED_EDGE('',*,*,#5702,.F.);
#7251=ORIENTED_EDGE('',*,*,#5703,.F.);
#7252=ORIENTED_EDGE('',*,*,#5704,.F.);
#7253=ORIENTED_EDGE('',*,*,#5705,.F.);
#7254=ORIENTED_EDGE('',*,*,#5706,.F.);
#7255=ORIENTED_EDGE('',*,*,#5707,.F.);
#7256=ORIENTED_EDGE('',*,*,#5708,.F.);
#7257=ORIENTED_EDGE('',*,*,#5709,.F.);
#7258=ORIENTED_EDGE('',*,*,#5710,.F.);
#7259=ORIENTED_EDGE('',*,*,#5711,.F.);
#7260=ORIENTED_EDGE('',*,*,#5712,.F.);
#7261=ORIENTED_EDGE('',*,*,#5713,.F.);
#7262=ORIENTED_EDGE('',*,*,#5714,.F.);
#7263=ORIENTED_EDGE('',*,*,#5715,.F.);
#7264=ORIENTED_EDGE('',*,*,#5716,.F.);
#7265=ORIENTED_EDGE('',*,*,#5717,.F.);
#7266=ORIENTED_EDGE('',*,*,#5718,.F.);
#7267=ORIENTED_EDGE('',*,*,#5719,.F.);
#7268=ORIENTED_EDGE('',*,*,#5720,.F.);
#7269=ORIENTED_EDGE('',*,*,#5721,.F.);
#7270=ORIENTED_EDGE('',*,*,#5722,.F.);
#7271=ORIENTED_EDGE('',*,*,#5723,.F.);
#7272=ORIENTED_EDGE('',*,*,#5724,.F.);
#7273=ORIENTED_EDGE('',*,*,#5725,.F.);
#7274=ORIENTED_EDGE('',*,*,#5654,.T.);
#7275=ORIENTED_EDGE('',*,*,#5726,.F.);
#7276=ORIENTED_EDGE('',*,*,#5727,.F.);
#7277=ORIENTED_EDGE('',*,*,#5728,.T.);
#7278=ORIENTED_EDGE('',*,*,#5483,.F.);
#7279=ORIENTED_EDGE('',*,*,#5729,.F.);
#7280=ORIENTED_EDGE('',*,*,#5730,.F.);
#7281=ORIENTED_EDGE('',*,*,#5731,.T.);
#7282=ORIENTED_EDGE('',*,*,#5732,.T.);
#7283=ORIENTED_EDGE('',*,*,#5688,.T.);
#7284=ORIENTED_EDGE('',*,*,#5733,.F.);
#7285=ORIENTED_EDGE('',*,*,#5734,.T.);
#7286=ORIENTED_EDGE('',*,*,#5735,.T.);
#7287=ORIENTED_EDGE('',*,*,#5692,.T.);
#7288=ORIENTED_EDGE('',*,*,#5736,.T.);
#7289=ORIENTED_EDGE('',*,*,#5604,.F.);
#7290=ORIENTED_EDGE('',*,*,#5737,.F.);
#7291=ORIENTED_EDGE('',*,*,#5738,.T.);
#7292=ORIENTED_EDGE('',*,*,#5739,.T.);
#7293=ORIENTED_EDGE('',*,*,#5516,.T.);
#7294=ORIENTED_EDGE('',*,*,#5740,.T.);
#7295=ORIENTED_EDGE('',*,*,#5741,.T.);
#7296=ORIENTED_EDGE('',*,*,#5742,.T.);
#7297=ORIENTED_EDGE('',*,*,#5743,.F.);
#7298=ORIENTED_EDGE('',*,*,#5744,.T.);
#7299=ORIENTED_EDGE('',*,*,#5441,.F.);
#7300=ORIENTED_EDGE('',*,*,#5745,.F.);
#7301=ORIENTED_EDGE('',*,*,#5746,.F.);
#7302=ORIENTED_EDGE('',*,*,#5747,.T.);
#7303=ORIENTED_EDGE('',*,*,#5748,.T.);
#7304=ORIENTED_EDGE('',*,*,#5749,.T.);
#7305=ORIENTED_EDGE('',*,*,#5750,.F.);
#7306=ORIENTED_EDGE('',*,*,#5751,.F.);
#7307=ORIENTED_EDGE('',*,*,#5752,.T.);
#7308=ORIENTED_EDGE('',*,*,#5693,.F.);
#7309=ORIENTED_EDGE('',*,*,#5735,.F.);
#7310=ORIENTED_EDGE('',*,*,#5753,.T.);
#7311=ORIENTED_EDGE('',*,*,#5754,.F.);
#7312=ORIENTED_EDGE('',*,*,#5755,.F.);
#7313=ORIENTED_EDGE('',*,*,#5756,.T.);
#7314=ORIENTED_EDGE('',*,*,#5571,.F.);
#7315=ORIENTED_EDGE('',*,*,#5757,.F.);
#7316=ORIENTED_EDGE('',*,*,#5758,.F.);
#7317=ORIENTED_EDGE('',*,*,#5759,.T.);
#7318=ORIENTED_EDGE('',*,*,#5760,.T.);
#7319=ORIENTED_EDGE('',*,*,#5729,.T.);
#7320=ORIENTED_EDGE('',*,*,#5482,.F.);
#7321=ORIENTED_EDGE('',*,*,#5480,.F.);
#7322=ORIENTED_EDGE('',*,*,#5694,.T.);
#7323=ORIENTED_EDGE('',*,*,#5752,.F.);
#7324=ORIENTED_EDGE('',*,*,#5761,.F.);
#7325=ORIENTED_EDGE('',*,*,#5762,.T.);
#7326=ORIENTED_EDGE('',*,*,#5763,.F.);
#7327=ORIENTED_EDGE('',*,*,#5764,.T.);
#7328=ORIENTED_EDGE('',*,*,#5765,.F.);
#7329=ORIENTED_EDGE('',*,*,#5765,.T.);
#7330=ORIENTED_EDGE('',*,*,#5695,.T.);
#7331=ORIENTED_EDGE('',*,*,#5762,.F.);
#7332=ORIENTED_EDGE('',*,*,#5766,.F.);
#7333=ORIENTED_EDGE('',*,*,#5767,.T.);
#7334=ORIENTED_EDGE('',*,*,#5768,.F.);
#7335=ORIENTED_EDGE('',*,*,#5768,.T.);
#7336=ORIENTED_EDGE('',*,*,#5696,.T.);
#7337=ORIENTED_EDGE('',*,*,#5764,.F.);
#7338=ORIENTED_EDGE('',*,*,#5769,.F.);
#7339=ORIENTED_EDGE('',*,*,#5770,.T.);
#7340=ORIENTED_EDGE('',*,*,#5771,.F.);
#7341=ORIENTED_EDGE('',*,*,#5771,.T.);
#7342=ORIENTED_EDGE('',*,*,#5697,.T.);
#7343=ORIENTED_EDGE('',*,*,#5767,.F.);
#7344=ORIENTED_EDGE('',*,*,#5772,.F.);
#7345=ORIENTED_EDGE('',*,*,#5773,.T.);
#7346=ORIENTED_EDGE('',*,*,#5774,.F.);
#7347=ORIENTED_EDGE('',*,*,#5774,.T.);
#7348=ORIENTED_EDGE('',*,*,#5698,.T.);
#7349=ORIENTED_EDGE('',*,*,#5770,.F.);
#7350=ORIENTED_EDGE('',*,*,#5775,.F.);
#7351=ORIENTED_EDGE('',*,*,#5776,.T.);
#7352=ORIENTED_EDGE('',*,*,#5773,.F.);
#7353=ORIENTED_EDGE('',*,*,#5777,.F.);
#7354=ORIENTED_EDGE('',*,*,#5778,.T.);
#7355=ORIENTED_EDGE('',*,*,#5779,.F.);
#7356=ORIENTED_EDGE('',*,*,#5780,.T.);
#7357=ORIENTED_EDGE('',*,*,#5699,.T.);
#7358=ORIENTED_EDGE('',*,*,#5776,.F.);
#7359=ORIENTED_EDGE('',*,*,#5779,.T.);
#7360=ORIENTED_EDGE('',*,*,#5700,.T.);
#7361=ORIENTED_EDGE('',*,*,#5780,.F.);
#7362=ORIENTED_EDGE('',*,*,#5781,.F.);
#7363=ORIENTED_EDGE('',*,*,#5782,.T.);
#7364=ORIENTED_EDGE('',*,*,#5783,.F.);
#7365=ORIENTED_EDGE('',*,*,#5783,.T.);
#7366=ORIENTED_EDGE('',*,*,#5701,.T.);
#7367=ORIENTED_EDGE('',*,*,#5778,.F.);
#7368=ORIENTED_EDGE('',*,*,#5784,.F.);
#7369=ORIENTED_EDGE('',*,*,#5785,.T.);
#7370=ORIENTED_EDGE('',*,*,#5786,.F.);
#7371=ORIENTED_EDGE('',*,*,#5786,.T.);
#7372=ORIENTED_EDGE('',*,*,#5702,.T.);
#7373=ORIENTED_EDGE('',*,*,#5782,.F.);
#7374=ORIENTED_EDGE('',*,*,#5787,.F.);
#7375=ORIENTED_EDGE('',*,*,#5788,.T.);
#7376=ORIENTED_EDGE('',*,*,#5789,.F.);
#7377=ORIENTED_EDGE('',*,*,#5789,.T.);
#7378=ORIENTED_EDGE('',*,*,#5703,.T.);
#7379=ORIENTED_EDGE('',*,*,#5785,.F.);
#7380=ORIENTED_EDGE('',*,*,#5790,.F.);
#7381=ORIENTED_EDGE('',*,*,#5791,.T.);
#7382=ORIENTED_EDGE('',*,*,#5788,.F.);
#7383=ORIENTED_EDGE('',*,*,#5792,.F.);
#7384=ORIENTED_EDGE('',*,*,#5793,.T.);
#7385=ORIENTED_EDGE('',*,*,#5794,.F.);
#7386=ORIENTED_EDGE('',*,*,#5794,.T.);
#7387=ORIENTED_EDGE('',*,*,#5704,.T.);
#7388=ORIENTED_EDGE('',*,*,#5791,.F.);
#7389=ORIENTED_EDGE('',*,*,#5795,.T.);
#7390=ORIENTED_EDGE('',*,*,#5705,.T.);
#7391=ORIENTED_EDGE('',*,*,#5793,.F.);
#7392=ORIENTED_EDGE('',*,*,#5796,.T.);
#7393=ORIENTED_EDGE('',*,*,#5706,.T.);
#7394=ORIENTED_EDGE('',*,*,#5795,.F.);
#7395=ORIENTED_EDGE('',*,*,#5797,.F.);
#7396=ORIENTED_EDGE('',*,*,#5798,.T.);
#7397=ORIENTED_EDGE('',*,*,#5796,.F.);
#7398=ORIENTED_EDGE('',*,*,#5799,.T.);
#7399=ORIENTED_EDGE('',*,*,#5707,.T.);
#7400=ORIENTED_EDGE('',*,*,#5798,.F.);
#7401=ORIENTED_EDGE('',*,*,#5800,.F.);
#7402=ORIENTED_EDGE('',*,*,#5801,.T.);
#7403=ORIENTED_EDGE('',*,*,#5799,.F.);
#7404=ORIENTED_EDGE('',*,*,#5802,.F.);
#7405=ORIENTED_EDGE('',*,*,#5803,.T.);
#7406=ORIENTED_EDGE('',*,*,#5801,.F.);
#7407=ORIENTED_EDGE('',*,*,#5804,.T.);
#7408=ORIENTED_EDGE('',*,*,#5708,.T.);
#7409=ORIENTED_EDGE('',*,*,#5803,.F.);
#7410=ORIENTED_EDGE('',*,*,#5805,.T.);
#7411=ORIENTED_EDGE('',*,*,#5709,.T.);
#7412=ORIENTED_EDGE('',*,*,#5804,.F.);
#7413=ORIENTED_EDGE('',*,*,#5806,.F.);
#7414=ORIENTED_EDGE('',*,*,#5807,.T.);
#7415=ORIENTED_EDGE('',*,*,#5805,.F.);
#7416=ORIENTED_EDGE('',*,*,#5808,.T.);
#7417=ORIENTED_EDGE('',*,*,#5710,.T.);
#7418=ORIENTED_EDGE('',*,*,#5807,.F.);
#7419=ORIENTED_EDGE('',*,*,#5809,.F.);
#7420=ORIENTED_EDGE('',*,*,#5810,.T.);
#7421=ORIENTED_EDGE('',*,*,#5808,.F.);
#7422=ORIENTED_EDGE('',*,*,#5811,.T.);
#7423=ORIENTED_EDGE('',*,*,#5711,.T.);
#7424=ORIENTED_EDGE('',*,*,#5810,.F.);
#7425=ORIENTED_EDGE('',*,*,#5812,.F.);
#7426=ORIENTED_EDGE('',*,*,#5813,.T.);
#7427=ORIENTED_EDGE('',*,*,#5811,.F.);
#7428=ORIENTED_EDGE('',*,*,#5814,.T.);
#7429=ORIENTED_EDGE('',*,*,#5712,.T.);
#7430=ORIENTED_EDGE('',*,*,#5813,.F.);
#7431=ORIENTED_EDGE('',*,*,#5815,.F.);
#7432=ORIENTED_EDGE('',*,*,#5816,.T.);
#7433=ORIENTED_EDGE('',*,*,#5814,.F.);
#7434=ORIENTED_EDGE('',*,*,#5817,.F.);
#7435=ORIENTED_EDGE('',*,*,#5818,.T.);
#7436=ORIENTED_EDGE('',*,*,#5816,.F.);
#7437=ORIENTED_EDGE('',*,*,#5819,.T.);
#7438=ORIENTED_EDGE('',*,*,#5713,.T.);
#7439=ORIENTED_EDGE('',*,*,#5818,.F.);
#7440=ORIENTED_EDGE('',*,*,#5820,.T.);
#7441=ORIENTED_EDGE('',*,*,#5714,.T.);
#7442=ORIENTED_EDGE('',*,*,#5819,.F.);
#7443=ORIENTED_EDGE('',*,*,#5821,.F.);
#7444=ORIENTED_EDGE('',*,*,#5822,.T.);
#7445=ORIENTED_EDGE('',*,*,#5820,.F.);
#7446=ORIENTED_EDGE('',*,*,#5823,.T.);
#7447=ORIENTED_EDGE('',*,*,#5715,.T.);
#7448=ORIENTED_EDGE('',*,*,#5822,.F.);
#7449=ORIENTED_EDGE('',*,*,#5824,.F.);
#7450=ORIENTED_EDGE('',*,*,#5825,.T.);
#7451=ORIENTED_EDGE('',*,*,#5823,.F.);
#7452=ORIENTED_EDGE('',*,*,#5826,.T.);
#7453=ORIENTED_EDGE('',*,*,#5716,.T.);
#7454=ORIENTED_EDGE('',*,*,#5825,.F.);
#7455=ORIENTED_EDGE('',*,*,#5827,.F.);
#7456=ORIENTED_EDGE('',*,*,#5828,.T.);
#7457=ORIENTED_EDGE('',*,*,#5826,.F.);
#7458=ORIENTED_EDGE('',*,*,#5829,.F.);
#7459=ORIENTED_EDGE('',*,*,#5830,.T.);
#7460=ORIENTED_EDGE('',*,*,#5828,.F.);
#7461=ORIENTED_EDGE('',*,*,#5831,.F.);
#7462=ORIENTED_EDGE('',*,*,#5832,.T.);
#7463=ORIENTED_EDGE('',*,*,#5833,.F.);
#7464=ORIENTED_EDGE('',*,*,#5834,.T.);
#7465=ORIENTED_EDGE('',*,*,#5717,.T.);
#7466=ORIENTED_EDGE('',*,*,#5830,.F.);
#7467=ORIENTED_EDGE('',*,*,#5833,.T.);
#7468=ORIENTED_EDGE('',*,*,#5718,.T.);
#7469=ORIENTED_EDGE('',*,*,#5834,.F.);
#7470=ORIENTED_EDGE('',*,*,#5835,.F.);
#7471=ORIENTED_EDGE('',*,*,#5836,.T.);
#7472=ORIENTED_EDGE('',*,*,#5837,.F.);
#7473=ORIENTED_EDGE('',*,*,#5837,.T.);
#7474=ORIENTED_EDGE('',*,*,#5719,.T.);
#7475=ORIENTED_EDGE('',*,*,#5832,.F.);
#7476=ORIENTED_EDGE('',*,*,#5838,.F.);
#7477=ORIENTED_EDGE('',*,*,#5839,.T.);
#7478=ORIENTED_EDGE('',*,*,#5840,.F.);
#7479=ORIENTED_EDGE('',*,*,#5840,.T.);
#7480=ORIENTED_EDGE('',*,*,#5720,.T.);
#7481=ORIENTED_EDGE('',*,*,#5836,.F.);
#7482=ORIENTED_EDGE('',*,*,#5841,.F.);
#7483=ORIENTED_EDGE('',*,*,#5842,.T.);
#7484=ORIENTED_EDGE('',*,*,#5843,.F.);
#7485=ORIENTED_EDGE('',*,*,#5843,.T.);
#7486=ORIENTED_EDGE('',*,*,#5721,.T.);
#7487=ORIENTED_EDGE('',*,*,#5839,.F.);
#7488=ORIENTED_EDGE('',*,*,#5844,.F.);
#7489=ORIENTED_EDGE('',*,*,#5845,.T.);
#7490=ORIENTED_EDGE('',*,*,#5846,.F.);
#7491=ORIENTED_EDGE('',*,*,#5846,.T.);
#7492=ORIENTED_EDGE('',*,*,#5722,.T.);
#7493=ORIENTED_EDGE('',*,*,#5842,.F.);
#7494=ORIENTED_EDGE('',*,*,#5847,.F.);
#7495=ORIENTED_EDGE('',*,*,#5848,.T.);
#7496=ORIENTED_EDGE('',*,*,#5849,.F.);
#7497=ORIENTED_EDGE('',*,*,#5849,.T.);
#7498=ORIENTED_EDGE('',*,*,#5723,.T.);
#7499=ORIENTED_EDGE('',*,*,#5845,.F.);
#7500=ORIENTED_EDGE('',*,*,#5850,.F.);
#7501=ORIENTED_EDGE('',*,*,#5851,.T.);
#7502=ORIENTED_EDGE('',*,*,#5852,.F.);
#7503=ORIENTED_EDGE('',*,*,#5852,.T.);
#7504=ORIENTED_EDGE('',*,*,#5724,.T.);
#7505=ORIENTED_EDGE('',*,*,#5848,.F.);
#7506=ORIENTED_EDGE('',*,*,#5853,.F.);
#7507=ORIENTED_EDGE('',*,*,#5726,.T.);
#7508=ORIENTED_EDGE('',*,*,#5725,.T.);
#7509=ORIENTED_EDGE('',*,*,#5851,.F.);
#7510=ORIENTED_EDGE('',*,*,#5655,.T.);
#7511=ORIENTED_EDGE('',*,*,#5728,.F.);
#7512=ORIENTED_EDGE('',*,*,#5854,.F.);
#7513=ORIENTED_EDGE('',*,*,#5855,.T.);
#7514=ORIENTED_EDGE('',*,*,#5856,.F.);
#7515=ORIENTED_EDGE('',*,*,#5857,.T.);
#7516=ORIENTED_EDGE('',*,*,#5858,.F.);
#7517=ORIENTED_EDGE('',*,*,#5858,.T.);
#7518=ORIENTED_EDGE('',*,*,#5656,.T.);
#7519=ORIENTED_EDGE('',*,*,#5855,.F.);
#7520=ORIENTED_EDGE('',*,*,#5859,.F.);
#7521=ORIENTED_EDGE('',*,*,#5860,.T.);
#7522=ORIENTED_EDGE('',*,*,#5861,.F.);
#7523=ORIENTED_EDGE('',*,*,#5861,.T.);
#7524=ORIENTED_EDGE('',*,*,#5657,.T.);
#7525=ORIENTED_EDGE('',*,*,#5857,.F.);
#7526=ORIENTED_EDGE('',*,*,#5862,.F.);
#7527=ORIENTED_EDGE('',*,*,#5863,.T.);
#7528=ORIENTED_EDGE('',*,*,#5864,.F.);
#7529=ORIENTED_EDGE('',*,*,#5864,.T.);
#7530=ORIENTED_EDGE('',*,*,#5658,.T.);
#7531=ORIENTED_EDGE('',*,*,#5860,.F.);
#7532=ORIENTED_EDGE('',*,*,#5865,.F.);
#7533=ORIENTED_EDGE('',*,*,#5866,.T.);
#7534=ORIENTED_EDGE('',*,*,#5867,.F.);
#7535=ORIENTED_EDGE('',*,*,#5867,.T.);
#7536=ORIENTED_EDGE('',*,*,#5659,.T.);
#7537=ORIENTED_EDGE('',*,*,#5863,.F.);
#7538=ORIENTED_EDGE('',*,*,#5868,.F.);
#7539=ORIENTED_EDGE('',*,*,#5869,.T.);
#7540=ORIENTED_EDGE('',*,*,#5870,.F.);
#7541=ORIENTED_EDGE('',*,*,#5870,.T.);
#7542=ORIENTED_EDGE('',*,*,#5660,.T.);
#7543=ORIENTED_EDGE('',*,*,#5866,.F.);
#7544=ORIENTED_EDGE('',*,*,#5871,.F.);
#7545=ORIENTED_EDGE('',*,*,#5872,.T.);
#7546=ORIENTED_EDGE('',*,*,#5869,.F.);
#7547=ORIENTED_EDGE('',*,*,#5873,.F.);
#7548=ORIENTED_EDGE('',*,*,#5874,.T.);
#7549=ORIENTED_EDGE('',*,*,#5875,.F.);
#7550=ORIENTED_EDGE('',*,*,#5875,.T.);
#7551=ORIENTED_EDGE('',*,*,#5661,.T.);
#7552=ORIENTED_EDGE('',*,*,#5872,.F.);
#7553=ORIENTED_EDGE('',*,*,#5876,.F.);
#7554=ORIENTED_EDGE('',*,*,#5877,.T.);
#7555=ORIENTED_EDGE('',*,*,#5878,.F.);
#7556=ORIENTED_EDGE('',*,*,#5879,.T.);
#7557=ORIENTED_EDGE('',*,*,#5662,.T.);
#7558=ORIENTED_EDGE('',*,*,#5874,.F.);
#7559=ORIENTED_EDGE('',*,*,#5878,.T.);
#7560=ORIENTED_EDGE('',*,*,#5663,.T.);
#7561=ORIENTED_EDGE('',*,*,#5879,.F.);
#7562=ORIENTED_EDGE('',*,*,#5880,.F.);
#7563=ORIENTED_EDGE('',*,*,#5881,.T.);
#7564=ORIENTED_EDGE('',*,*,#5882,.F.);
#7565=ORIENTED_EDGE('',*,*,#5882,.T.);
#7566=ORIENTED_EDGE('',*,*,#5664,.T.);
#7567=ORIENTED_EDGE('',*,*,#5877,.F.);
#7568=ORIENTED_EDGE('',*,*,#5883,.F.);
#7569=ORIENTED_EDGE('',*,*,#5884,.T.);
#7570=ORIENTED_EDGE('',*,*,#5881,.F.);
#7571=ORIENTED_EDGE('',*,*,#5885,.F.);
#7572=ORIENTED_EDGE('',*,*,#5886,.T.);
#7573=ORIENTED_EDGE('',*,*,#5887,.F.);
#7574=ORIENTED_EDGE('',*,*,#5888,.T.);
#7575=ORIENTED_EDGE('',*,*,#5665,.T.);
#7576=ORIENTED_EDGE('',*,*,#5884,.F.);
#7577=ORIENTED_EDGE('',*,*,#5887,.T.);
#7578=ORIENTED_EDGE('',*,*,#5666,.T.);
#7579=ORIENTED_EDGE('',*,*,#5888,.F.);
#7580=ORIENTED_EDGE('',*,*,#5889,.T.);
#7581=ORIENTED_EDGE('',*,*,#5667,.T.);
#7582=ORIENTED_EDGE('',*,*,#5886,.F.);
#7583=ORIENTED_EDGE('',*,*,#5890,.F.);
#7584=ORIENTED_EDGE('',*,*,#5891,.T.);
#7585=ORIENTED_EDGE('',*,*,#5889,.F.);
#7586=ORIENTED_EDGE('',*,*,#5892,.F.);
#7587=ORIENTED_EDGE('',*,*,#5893,.T.);
#7588=ORIENTED_EDGE('',*,*,#5891,.F.);
#7589=ORIENTED_EDGE('',*,*,#5894,.T.);
#7590=ORIENTED_EDGE('',*,*,#5668,.T.);
#7591=ORIENTED_EDGE('',*,*,#5893,.F.);
#7592=ORIENTED_EDGE('',*,*,#5895,.T.);
#7593=ORIENTED_EDGE('',*,*,#5669,.T.);
#7594=ORIENTED_EDGE('',*,*,#5894,.F.);
#7595=ORIENTED_EDGE('',*,*,#5896,.F.);
#7596=ORIENTED_EDGE('',*,*,#5897,.T.);
#7597=ORIENTED_EDGE('',*,*,#5895,.F.);
#7598=ORIENTED_EDGE('',*,*,#5898,.F.);
#7599=ORIENTED_EDGE('',*,*,#5899,.T.);
#7600=ORIENTED_EDGE('',*,*,#5897,.F.);
#7601=ORIENTED_EDGE('',*,*,#5900,.T.);
#7602=ORIENTED_EDGE('',*,*,#5670,.T.);
#7603=ORIENTED_EDGE('',*,*,#5899,.F.);
#7604=ORIENTED_EDGE('',*,*,#5901,.F.);
#7605=ORIENTED_EDGE('',*,*,#5902,.T.);
#7606=ORIENTED_EDGE('',*,*,#5900,.F.);
#7607=ORIENTED_EDGE('',*,*,#5903,.T.);
#7608=ORIENTED_EDGE('',*,*,#5671,.T.);
#7609=ORIENTED_EDGE('',*,*,#5902,.F.);
#7610=ORIENTED_EDGE('',*,*,#5904,.T.);
#7611=ORIENTED_EDGE('',*,*,#5672,.T.);
#7612=ORIENTED_EDGE('',*,*,#5903,.F.);
#7613=ORIENTED_EDGE('',*,*,#5905,.F.);
#7614=ORIENTED_EDGE('',*,*,#5906,.T.);
#7615=ORIENTED_EDGE('',*,*,#5904,.F.);
#7616=ORIENTED_EDGE('',*,*,#5907,.F.);
#7617=ORIENTED_EDGE('',*,*,#5908,.T.);
#7618=ORIENTED_EDGE('',*,*,#5906,.F.);
#7619=ORIENTED_EDGE('',*,*,#5909,.T.);
#7620=ORIENTED_EDGE('',*,*,#5673,.T.);
#7621=ORIENTED_EDGE('',*,*,#5908,.F.);
#7622=ORIENTED_EDGE('',*,*,#5910,.T.);
#7623=ORIENTED_EDGE('',*,*,#5674,.T.);
#7624=ORIENTED_EDGE('',*,*,#5909,.F.);
#7625=ORIENTED_EDGE('',*,*,#5911,.F.);
#7626=ORIENTED_EDGE('',*,*,#5912,.T.);
#7627=ORIENTED_EDGE('',*,*,#5910,.F.);
#7628=ORIENTED_EDGE('',*,*,#5913,.T.);
#7629=ORIENTED_EDGE('',*,*,#5675,.T.);
#7630=ORIENTED_EDGE('',*,*,#5912,.F.);
#7631=ORIENTED_EDGE('',*,*,#5914,.F.);
#7632=ORIENTED_EDGE('',*,*,#5915,.T.);
#7633=ORIENTED_EDGE('',*,*,#5913,.F.);
#7634=ORIENTED_EDGE('',*,*,#5916,.F.);
#7635=ORIENTED_EDGE('',*,*,#5917,.T.);
#7636=ORIENTED_EDGE('',*,*,#5915,.F.);
#7637=ORIENTED_EDGE('',*,*,#5918,.T.);
#7638=ORIENTED_EDGE('',*,*,#5676,.T.);
#7639=ORIENTED_EDGE('',*,*,#5917,.F.);
#7640=ORIENTED_EDGE('',*,*,#5919,.T.);
#7641=ORIENTED_EDGE('',*,*,#5677,.T.);
#7642=ORIENTED_EDGE('',*,*,#5918,.F.);
#7643=ORIENTED_EDGE('',*,*,#5920,.F.);
#7644=ORIENTED_EDGE('',*,*,#5921,.T.);
#7645=ORIENTED_EDGE('',*,*,#5919,.F.);
#7646=ORIENTED_EDGE('',*,*,#5922,.T.);
#7647=ORIENTED_EDGE('',*,*,#5678,.T.);
#7648=ORIENTED_EDGE('',*,*,#5921,.F.);
#7649=ORIENTED_EDGE('',*,*,#5923,.F.);
#7650=ORIENTED_EDGE('',*,*,#5924,.T.);
#7651=ORIENTED_EDGE('',*,*,#5922,.F.);
#7652=ORIENTED_EDGE('',*,*,#5925,.T.);
#7653=ORIENTED_EDGE('',*,*,#5679,.T.);
#7654=ORIENTED_EDGE('',*,*,#5924,.F.);
#7655=ORIENTED_EDGE('',*,*,#5926,.F.);
#7656=ORIENTED_EDGE('',*,*,#5927,.T.);
#7657=ORIENTED_EDGE('',*,*,#5925,.F.);
#7658=ORIENTED_EDGE('',*,*,#5928,.F.);
#7659=ORIENTED_EDGE('',*,*,#5929,.T.);
#7660=ORIENTED_EDGE('',*,*,#5927,.F.);
#7661=ORIENTED_EDGE('',*,*,#5930,.F.);
#7662=ORIENTED_EDGE('',*,*,#5931,.T.);
#7663=ORIENTED_EDGE('',*,*,#5932,.F.);
#7664=ORIENTED_EDGE('',*,*,#5933,.T.);
#7665=ORIENTED_EDGE('',*,*,#5680,.T.);
#7666=ORIENTED_EDGE('',*,*,#5929,.F.);
#7667=ORIENTED_EDGE('',*,*,#5932,.T.);
#7668=ORIENTED_EDGE('',*,*,#5681,.T.);
#7669=ORIENTED_EDGE('',*,*,#5933,.F.);
#7670=ORIENTED_EDGE('',*,*,#5934,.F.);
#7671=ORIENTED_EDGE('',*,*,#5935,.T.);
#7672=ORIENTED_EDGE('',*,*,#5936,.F.);
#7673=ORIENTED_EDGE('',*,*,#5936,.T.);
#7674=ORIENTED_EDGE('',*,*,#5682,.T.);
#7675=ORIENTED_EDGE('',*,*,#5931,.F.);
#7676=ORIENTED_EDGE('',*,*,#5937,.F.);
#7677=ORIENTED_EDGE('',*,*,#5938,.T.);
#7678=ORIENTED_EDGE('',*,*,#5939,.F.);
#7679=ORIENTED_EDGE('',*,*,#5939,.T.);
#7680=ORIENTED_EDGE('',*,*,#5683,.T.);
#7681=ORIENTED_EDGE('',*,*,#5935,.F.);
#7682=ORIENTED_EDGE('',*,*,#5940,.F.);
#7683=ORIENTED_EDGE('',*,*,#5941,.T.);
#7684=ORIENTED_EDGE('',*,*,#5942,.F.);
#7685=ORIENTED_EDGE('',*,*,#5942,.T.);
#7686=ORIENTED_EDGE('',*,*,#5684,.T.);
#7687=ORIENTED_EDGE('',*,*,#5938,.F.);
#7688=ORIENTED_EDGE('',*,*,#5943,.F.);
#7689=ORIENTED_EDGE('',*,*,#5944,.T.);
#7690=ORIENTED_EDGE('',*,*,#5945,.F.);
#7691=ORIENTED_EDGE('',*,*,#5945,.T.);
#7692=ORIENTED_EDGE('',*,*,#5685,.T.);
#7693=ORIENTED_EDGE('',*,*,#5941,.F.);
#7694=ORIENTED_EDGE('',*,*,#5946,.F.);
#7695=ORIENTED_EDGE('',*,*,#5947,.T.);
#7696=ORIENTED_EDGE('',*,*,#5686,.T.);
#7697=ORIENTED_EDGE('',*,*,#5944,.F.);
#7698=ORIENTED_EDGE('',*,*,#5948,.T.);
#7699=ORIENTED_EDGE('',*,*,#5949,.T.);
#7700=ORIENTED_EDGE('',*,*,#5950,.F.);
#7701=ORIENTED_EDGE('',*,*,#5951,.F.);
#7702=ORIENTED_EDGE('',*,*,#5952,.T.);
#7703=ORIENTED_EDGE('',*,*,#5948,.F.);
#7704=ORIENTED_EDGE('',*,*,#5950,.T.);
#7705=ORIENTED_EDGE('',*,*,#5953,.F.);
#7706=ORIENTED_EDGE('',*,*,#5753,.F.);
#7707=ORIENTED_EDGE('',*,*,#5954,.T.);
#7708=ORIENTED_EDGE('',*,*,#5955,.F.);
#7709=ORIENTED_EDGE('',*,*,#5956,.T.);
#7710=ORIENTED_EDGE('',*,*,#5957,.T.);
#7711=ORIENTED_EDGE('',*,*,#5958,.F.);
#7712=ORIENTED_EDGE('',*,*,#5959,.T.);
#7713=ORIENTED_EDGE('',*,*,#5960,.F.);
#7714=ORIENTED_EDGE('',*,*,#5958,.T.);
#7715=ORIENTED_EDGE('',*,*,#5961,.F.);
#7716=ORIENTED_EDGE('',*,*,#5962,.F.);
#7717=ORIENTED_EDGE('',*,*,#5960,.T.);
#7718=ORIENTED_EDGE('',*,*,#5963,.T.);
#7719=ORIENTED_EDGE('',*,*,#5964,.F.);
#7720=ORIENTED_EDGE('',*,*,#5961,.T.);
#7721=ORIENTED_EDGE('',*,*,#5965,.F.);
#7722=ORIENTED_EDGE('',*,*,#5966,.F.);
#7723=ORIENTED_EDGE('',*,*,#5964,.T.);
#7724=ORIENTED_EDGE('',*,*,#5967,.T.);
#7725=ORIENTED_EDGE('',*,*,#5968,.F.);
#7726=ORIENTED_EDGE('',*,*,#5965,.T.);
#7727=ORIENTED_EDGE('',*,*,#5969,.F.);
#7728=ORIENTED_EDGE('',*,*,#5970,.F.);
#7729=ORIENTED_EDGE('',*,*,#5968,.T.);
#7730=ORIENTED_EDGE('',*,*,#5971,.F.);
#7731=ORIENTED_EDGE('',*,*,#5972,.F.);
#7732=ORIENTED_EDGE('',*,*,#5969,.T.);
#7733=ORIENTED_EDGE('',*,*,#5973,.T.);
#7734=ORIENTED_EDGE('',*,*,#5974,.F.);
#7735=ORIENTED_EDGE('',*,*,#5971,.T.);
#7736=ORIENTED_EDGE('',*,*,#5975,.F.);
#7737=ORIENTED_EDGE('',*,*,#5976,.F.);
#7738=ORIENTED_EDGE('',*,*,#5974,.T.);
#7739=ORIENTED_EDGE('',*,*,#5977,.T.);
#7740=ORIENTED_EDGE('',*,*,#5978,.F.);
#7741=ORIENTED_EDGE('',*,*,#5975,.T.);
#7742=ORIENTED_EDGE('',*,*,#5979,.T.);
#7743=ORIENTED_EDGE('',*,*,#5980,.F.);
#7744=ORIENTED_EDGE('',*,*,#5978,.T.);
#7745=ORIENTED_EDGE('',*,*,#5981,.F.);
#7746=ORIENTED_EDGE('',*,*,#5982,.F.);
#7747=ORIENTED_EDGE('',*,*,#5980,.T.);
#7748=ORIENTED_EDGE('',*,*,#5983,.F.);
#7749=ORIENTED_EDGE('',*,*,#5984,.F.);
#7750=ORIENTED_EDGE('',*,*,#5981,.T.);
#7751=ORIENTED_EDGE('',*,*,#5985,.T.);
#7752=ORIENTED_EDGE('',*,*,#5986,.F.);
#7753=ORIENTED_EDGE('',*,*,#5983,.T.);
#7754=ORIENTED_EDGE('',*,*,#5987,.T.);
#7755=ORIENTED_EDGE('',*,*,#5988,.F.);
#7756=ORIENTED_EDGE('',*,*,#5986,.T.);
#7757=ORIENTED_EDGE('',*,*,#5989,.F.);
#7758=ORIENTED_EDGE('',*,*,#5990,.F.);
#7759=ORIENTED_EDGE('',*,*,#5988,.T.);
#7760=ORIENTED_EDGE('',*,*,#5991,.F.);
#7761=ORIENTED_EDGE('',*,*,#5992,.F.);
#7762=ORIENTED_EDGE('',*,*,#5989,.T.);
#7763=ORIENTED_EDGE('',*,*,#5993,.T.);
#7764=ORIENTED_EDGE('',*,*,#5994,.F.);
#7765=ORIENTED_EDGE('',*,*,#5991,.T.);
#7766=ORIENTED_EDGE('',*,*,#5995,.T.);
#7767=ORIENTED_EDGE('',*,*,#5996,.F.);
#7768=ORIENTED_EDGE('',*,*,#5994,.T.);
#7769=ORIENTED_EDGE('',*,*,#5997,.F.);
#7770=ORIENTED_EDGE('',*,*,#5998,.F.);
#7771=ORIENTED_EDGE('',*,*,#5996,.T.);
#7772=ORIENTED_EDGE('',*,*,#5999,.F.);
#7773=ORIENTED_EDGE('',*,*,#6000,.F.);
#7774=ORIENTED_EDGE('',*,*,#5997,.T.);
#7775=ORIENTED_EDGE('',*,*,#6001,.T.);
#7776=ORIENTED_EDGE('',*,*,#6002,.F.);
#7777=ORIENTED_EDGE('',*,*,#5999,.T.);
#7778=ORIENTED_EDGE('',*,*,#6003,.F.);
#7779=ORIENTED_EDGE('',*,*,#6004,.F.);
#7780=ORIENTED_EDGE('',*,*,#6002,.T.);
#7781=ORIENTED_EDGE('',*,*,#6005,.T.);
#7782=ORIENTED_EDGE('',*,*,#6006,.F.);
#7783=ORIENTED_EDGE('',*,*,#6003,.T.);
#7784=ORIENTED_EDGE('',*,*,#6007,.F.);
#7785=ORIENTED_EDGE('',*,*,#6008,.F.);
#7786=ORIENTED_EDGE('',*,*,#6006,.T.);
#7787=ORIENTED_EDGE('',*,*,#6009,.T.);
#7788=ORIENTED_EDGE('',*,*,#6010,.F.);
#7789=ORIENTED_EDGE('',*,*,#6007,.T.);
#7790=ORIENTED_EDGE('',*,*,#6011,.F.);
#7791=ORIENTED_EDGE('',*,*,#6012,.F.);
#7792=ORIENTED_EDGE('',*,*,#6010,.T.);
#7793=ORIENTED_EDGE('',*,*,#6013,.T.);
#7794=ORIENTED_EDGE('',*,*,#6014,.F.);
#7795=ORIENTED_EDGE('',*,*,#6011,.T.);
#7796=ORIENTED_EDGE('',*,*,#6015,.F.);
#7797=ORIENTED_EDGE('',*,*,#6016,.F.);
#7798=ORIENTED_EDGE('',*,*,#6014,.T.);
#7799=ORIENTED_EDGE('',*,*,#6017,.T.);
#7800=ORIENTED_EDGE('',*,*,#6018,.F.);
#7801=ORIENTED_EDGE('',*,*,#6015,.T.);
#7802=ORIENTED_EDGE('',*,*,#6019,.F.);
#7803=ORIENTED_EDGE('',*,*,#6020,.F.);
#7804=ORIENTED_EDGE('',*,*,#6018,.T.);
#7805=ORIENTED_EDGE('',*,*,#6021,.T.);
#7806=ORIENTED_EDGE('',*,*,#6022,.F.);
#7807=ORIENTED_EDGE('',*,*,#6019,.T.);
#7808=ORIENTED_EDGE('',*,*,#6023,.F.);
#7809=ORIENTED_EDGE('',*,*,#6024,.F.);
#7810=ORIENTED_EDGE('',*,*,#6022,.T.);
#7811=ORIENTED_EDGE('',*,*,#6025,.T.);
#7812=ORIENTED_EDGE('',*,*,#6026,.F.);
#7813=ORIENTED_EDGE('',*,*,#6023,.T.);
#7814=ORIENTED_EDGE('',*,*,#6027,.F.);
#7815=ORIENTED_EDGE('',*,*,#6028,.F.);
#7816=ORIENTED_EDGE('',*,*,#6026,.T.);
#7817=ORIENTED_EDGE('',*,*,#6029,.T.);
#7818=ORIENTED_EDGE('',*,*,#6030,.F.);
#7819=ORIENTED_EDGE('',*,*,#6027,.T.);
#7820=ORIENTED_EDGE('',*,*,#6031,.F.);
#7821=ORIENTED_EDGE('',*,*,#6032,.F.);
#7822=ORIENTED_EDGE('',*,*,#6030,.T.);
#7823=ORIENTED_EDGE('',*,*,#6033,.T.);
#7824=ORIENTED_EDGE('',*,*,#6034,.F.);
#7825=ORIENTED_EDGE('',*,*,#6031,.T.);
#7826=ORIENTED_EDGE('',*,*,#6035,.F.);
#7827=ORIENTED_EDGE('',*,*,#6036,.F.);
#7828=ORIENTED_EDGE('',*,*,#6034,.T.);
#7829=ORIENTED_EDGE('',*,*,#6037,.T.);
#7830=ORIENTED_EDGE('',*,*,#6038,.F.);
#7831=ORIENTED_EDGE('',*,*,#6035,.T.);
#7832=ORIENTED_EDGE('',*,*,#6039,.F.);
#7833=ORIENTED_EDGE('',*,*,#6040,.F.);
#7834=ORIENTED_EDGE('',*,*,#6038,.T.);
#7835=ORIENTED_EDGE('',*,*,#6041,.T.);
#7836=ORIENTED_EDGE('',*,*,#6042,.F.);
#7837=ORIENTED_EDGE('',*,*,#6039,.T.);
#7838=ORIENTED_EDGE('',*,*,#6043,.T.);
#7839=ORIENTED_EDGE('',*,*,#6044,.F.);
#7840=ORIENTED_EDGE('',*,*,#6042,.T.);
#7841=ORIENTED_EDGE('',*,*,#6045,.F.);
#7842=ORIENTED_EDGE('',*,*,#6046,.F.);
#7843=ORIENTED_EDGE('',*,*,#6044,.T.);
#7844=ORIENTED_EDGE('',*,*,#6047,.F.);
#7845=ORIENTED_EDGE('',*,*,#6048,.F.);
#7846=ORIENTED_EDGE('',*,*,#6045,.T.);
#7847=ORIENTED_EDGE('',*,*,#6049,.T.);
#7848=ORIENTED_EDGE('',*,*,#6050,.F.);
#7849=ORIENTED_EDGE('',*,*,#6047,.T.);
#7850=ORIENTED_EDGE('',*,*,#6051,.T.);
#7851=ORIENTED_EDGE('',*,*,#6052,.F.);
#7852=ORIENTED_EDGE('',*,*,#6050,.T.);
#7853=ORIENTED_EDGE('',*,*,#6053,.F.);
#7854=ORIENTED_EDGE('',*,*,#6054,.F.);
#7855=ORIENTED_EDGE('',*,*,#6052,.T.);
#7856=ORIENTED_EDGE('',*,*,#6055,.F.);
#7857=ORIENTED_EDGE('',*,*,#6056,.F.);
#7858=ORIENTED_EDGE('',*,*,#6053,.T.);
#7859=ORIENTED_EDGE('',*,*,#6057,.T.);
#7860=ORIENTED_EDGE('',*,*,#6058,.F.);
#7861=ORIENTED_EDGE('',*,*,#6055,.T.);
#7862=ORIENTED_EDGE('',*,*,#6059,.T.);
#7863=ORIENTED_EDGE('',*,*,#6060,.F.);
#7864=ORIENTED_EDGE('',*,*,#6058,.T.);
#7865=ORIENTED_EDGE('',*,*,#6061,.T.);
#7866=ORIENTED_EDGE('',*,*,#6062,.F.);
#7867=ORIENTED_EDGE('',*,*,#6063,.T.);
#7868=ORIENTED_EDGE('',*,*,#6064,.F.);
#7869=ORIENTED_EDGE('',*,*,#6065,.F.);
#7870=ORIENTED_EDGE('',*,*,#6060,.T.);
#7871=ORIENTED_EDGE('',*,*,#6063,.F.);
#7872=ORIENTED_EDGE('',*,*,#6066,.F.);
#7873=ORIENTED_EDGE('',*,*,#6064,.T.);
#7874=ORIENTED_EDGE('',*,*,#6067,.T.);
#7875=ORIENTED_EDGE('',*,*,#6068,.F.);
#7876=ORIENTED_EDGE('',*,*,#6069,.T.);
#7877=ORIENTED_EDGE('',*,*,#6069,.F.);
#7878=ORIENTED_EDGE('',*,*,#6070,.F.);
#7879=ORIENTED_EDGE('',*,*,#6062,.T.);
#7880=ORIENTED_EDGE('',*,*,#6071,.T.);
#7881=ORIENTED_EDGE('',*,*,#6072,.F.);
#7882=ORIENTED_EDGE('',*,*,#6068,.T.);
#7883=ORIENTED_EDGE('',*,*,#6073,.T.);
#7884=ORIENTED_EDGE('',*,*,#6074,.F.);
#7885=ORIENTED_EDGE('',*,*,#6075,.T.);
#7886=ORIENTED_EDGE('',*,*,#6076,.F.);
#7887=ORIENTED_EDGE('',*,*,#6077,.F.);
#7888=ORIENTED_EDGE('',*,*,#6072,.T.);
#7889=ORIENTED_EDGE('',*,*,#6075,.F.);
#7890=ORIENTED_EDGE('',*,*,#6078,.F.);
#7891=ORIENTED_EDGE('',*,*,#6076,.T.);
#7892=ORIENTED_EDGE('',*,*,#6079,.T.);
#7893=ORIENTED_EDGE('',*,*,#6080,.F.);
#7894=ORIENTED_EDGE('',*,*,#6081,.T.);
#7895=ORIENTED_EDGE('',*,*,#6081,.F.);
#7896=ORIENTED_EDGE('',*,*,#6082,.F.);
#7897=ORIENTED_EDGE('',*,*,#6074,.T.);
#7898=ORIENTED_EDGE('',*,*,#6083,.T.);
#7899=ORIENTED_EDGE('',*,*,#6084,.F.);
#7900=ORIENTED_EDGE('',*,*,#6085,.T.);
#7901=ORIENTED_EDGE('',*,*,#6085,.F.);
#7902=ORIENTED_EDGE('',*,*,#6086,.F.);
#7903=ORIENTED_EDGE('',*,*,#6080,.T.);
#7904=ORIENTED_EDGE('',*,*,#6087,.T.);
#7905=ORIENTED_EDGE('',*,*,#6088,.F.);
#7906=ORIENTED_EDGE('',*,*,#6089,.T.);
#7907=ORIENTED_EDGE('',*,*,#6089,.F.);
#7908=ORIENTED_EDGE('',*,*,#6090,.F.);
#7909=ORIENTED_EDGE('',*,*,#6084,.T.);
#7910=ORIENTED_EDGE('',*,*,#6091,.F.);
#7911=ORIENTED_EDGE('',*,*,#6092,.F.);
#7912=ORIENTED_EDGE('',*,*,#6088,.T.);
#7913=ORIENTED_EDGE('',*,*,#6093,.T.);
#7914=ORIENTED_EDGE('',*,*,#6094,.F.);
#7915=ORIENTED_EDGE('',*,*,#6091,.T.);
#7916=ORIENTED_EDGE('',*,*,#6095,.T.);
#7917=ORIENTED_EDGE('',*,*,#6096,.F.);
#7918=ORIENTED_EDGE('',*,*,#6094,.T.);
#7919=ORIENTED_EDGE('',*,*,#6097,.F.);
#7920=ORIENTED_EDGE('',*,*,#6098,.F.);
#7921=ORIENTED_EDGE('',*,*,#6096,.T.);
#7922=ORIENTED_EDGE('',*,*,#6099,.T.);
#7923=ORIENTED_EDGE('',*,*,#6100,.F.);
#7924=ORIENTED_EDGE('',*,*,#6097,.T.);
#7925=ORIENTED_EDGE('',*,*,#6101,.F.);
#7926=ORIENTED_EDGE('',*,*,#6102,.F.);
#7927=ORIENTED_EDGE('',*,*,#6100,.T.);
#7928=ORIENTED_EDGE('',*,*,#6103,.F.);
#7929=ORIENTED_EDGE('',*,*,#6104,.F.);
#7930=ORIENTED_EDGE('',*,*,#6101,.T.);
#7931=ORIENTED_EDGE('',*,*,#6105,.T.);
#7932=ORIENTED_EDGE('',*,*,#6106,.F.);
#7933=ORIENTED_EDGE('',*,*,#6103,.T.);
#7934=ORIENTED_EDGE('',*,*,#6107,.T.);
#7935=ORIENTED_EDGE('',*,*,#6108,.F.);
#7936=ORIENTED_EDGE('',*,*,#6106,.T.);
#7937=ORIENTED_EDGE('',*,*,#6109,.F.);
#7938=ORIENTED_EDGE('',*,*,#6110,.F.);
#7939=ORIENTED_EDGE('',*,*,#6108,.T.);
#7940=ORIENTED_EDGE('',*,*,#6111,.F.);
#7941=ORIENTED_EDGE('',*,*,#6112,.F.);
#7942=ORIENTED_EDGE('',*,*,#6109,.T.);
#7943=ORIENTED_EDGE('',*,*,#6113,.T.);
#7944=ORIENTED_EDGE('',*,*,#6114,.F.);
#7945=ORIENTED_EDGE('',*,*,#6111,.T.);
#7946=ORIENTED_EDGE('',*,*,#6115,.F.);
#7947=ORIENTED_EDGE('',*,*,#6116,.F.);
#7948=ORIENTED_EDGE('',*,*,#6114,.T.);
#7949=ORIENTED_EDGE('',*,*,#6117,.T.);
#7950=ORIENTED_EDGE('',*,*,#6118,.F.);
#7951=ORIENTED_EDGE('',*,*,#6115,.T.);
#7952=ORIENTED_EDGE('',*,*,#6119,.F.);
#7953=ORIENTED_EDGE('',*,*,#6120,.F.);
#7954=ORIENTED_EDGE('',*,*,#6118,.T.);
#7955=ORIENTED_EDGE('',*,*,#6121,.T.);
#7956=ORIENTED_EDGE('',*,*,#6122,.F.);
#7957=ORIENTED_EDGE('',*,*,#6119,.T.);
#7958=ORIENTED_EDGE('',*,*,#6123,.T.);
#7959=ORIENTED_EDGE('',*,*,#6124,.F.);
#7960=ORIENTED_EDGE('',*,*,#6122,.T.);
#7961=ORIENTED_EDGE('',*,*,#6125,.F.);
#7962=ORIENTED_EDGE('',*,*,#6126,.F.);
#7963=ORIENTED_EDGE('',*,*,#6124,.T.);
#7964=ORIENTED_EDGE('',*,*,#6127,.F.);
#7965=ORIENTED_EDGE('',*,*,#6128,.F.);
#7966=ORIENTED_EDGE('',*,*,#6125,.T.);
#7967=ORIENTED_EDGE('',*,*,#6129,.T.);
#7968=ORIENTED_EDGE('',*,*,#6130,.F.);
#7969=ORIENTED_EDGE('',*,*,#6127,.T.);
#7970=ORIENTED_EDGE('',*,*,#6131,.T.);
#7971=ORIENTED_EDGE('',*,*,#6132,.F.);
#7972=ORIENTED_EDGE('',*,*,#6130,.T.);
#7973=ORIENTED_EDGE('',*,*,#6133,.F.);
#7974=ORIENTED_EDGE('',*,*,#6134,.F.);
#7975=ORIENTED_EDGE('',*,*,#6132,.T.);
#7976=ORIENTED_EDGE('',*,*,#6135,.F.);
#7977=ORIENTED_EDGE('',*,*,#6136,.F.);
#7978=ORIENTED_EDGE('',*,*,#6133,.T.);
#7979=ORIENTED_EDGE('',*,*,#6137,.T.);
#7980=ORIENTED_EDGE('',*,*,#6138,.F.);
#7981=ORIENTED_EDGE('',*,*,#6135,.T.);
#7982=ORIENTED_EDGE('',*,*,#6139,.F.);
#7983=ORIENTED_EDGE('',*,*,#6140,.F.);
#7984=ORIENTED_EDGE('',*,*,#6138,.T.);
#7985=ORIENTED_EDGE('',*,*,#6141,.T.);
#7986=ORIENTED_EDGE('',*,*,#6142,.F.);
#7987=ORIENTED_EDGE('',*,*,#6139,.T.);
#7988=ORIENTED_EDGE('',*,*,#6143,.F.);
#7989=ORIENTED_EDGE('',*,*,#6144,.F.);
#7990=ORIENTED_EDGE('',*,*,#6142,.T.);
#7991=ORIENTED_EDGE('',*,*,#6145,.T.);
#7992=ORIENTED_EDGE('',*,*,#6146,.F.);
#7993=ORIENTED_EDGE('',*,*,#6143,.T.);
#7994=ORIENTED_EDGE('',*,*,#6147,.F.);
#7995=ORIENTED_EDGE('',*,*,#6148,.F.);
#7996=ORIENTED_EDGE('',*,*,#6146,.T.);
#7997=ORIENTED_EDGE('',*,*,#6149,.T.);
#7998=ORIENTED_EDGE('',*,*,#5952,.F.);
#7999=ORIENTED_EDGE('',*,*,#6147,.T.);
#8000=ORIENTED_EDGE('',*,*,#5408,.T.);
#8001=ORIENTED_EDGE('',*,*,#5477,.F.);
#8002=ORIENTED_EDGE('',*,*,#6150,.F.);
#8003=ORIENTED_EDGE('',*,*,#6151,.T.);
#8004=ORIENTED_EDGE('',*,*,#6152,.F.);
#8005=ORIENTED_EDGE('',*,*,#6153,.T.);
#8006=ORIENTED_EDGE('',*,*,#6154,.F.);
#8007=ORIENTED_EDGE('',*,*,#6154,.T.);
#8008=ORIENTED_EDGE('',*,*,#5409,.T.);
#8009=ORIENTED_EDGE('',*,*,#6151,.F.);
#8010=ORIENTED_EDGE('',*,*,#6155,.F.);
#8011=ORIENTED_EDGE('',*,*,#6156,.T.);
#8012=ORIENTED_EDGE('',*,*,#6157,.F.);
#8013=ORIENTED_EDGE('',*,*,#6157,.T.);
#8014=ORIENTED_EDGE('',*,*,#5410,.T.);
#8015=ORIENTED_EDGE('',*,*,#6153,.F.);
#8016=ORIENTED_EDGE('',*,*,#6158,.F.);
#8017=ORIENTED_EDGE('',*,*,#6159,.T.);
#8018=ORIENTED_EDGE('',*,*,#6160,.F.);
#8019=ORIENTED_EDGE('',*,*,#6160,.T.);
#8020=ORIENTED_EDGE('',*,*,#5411,.T.);
#8021=ORIENTED_EDGE('',*,*,#6156,.F.);
#8022=ORIENTED_EDGE('',*,*,#6161,.F.);
#8023=ORIENTED_EDGE('',*,*,#6162,.T.);
#8024=ORIENTED_EDGE('',*,*,#6163,.F.);
#8025=ORIENTED_EDGE('',*,*,#6163,.T.);
#8026=ORIENTED_EDGE('',*,*,#5412,.T.);
#8027=ORIENTED_EDGE('',*,*,#6159,.F.);
#8028=ORIENTED_EDGE('',*,*,#6164,.F.);
#8029=ORIENTED_EDGE('',*,*,#6165,.T.);
#8030=ORIENTED_EDGE('',*,*,#6166,.F.);
#8031=ORIENTED_EDGE('',*,*,#6166,.T.);
#8032=ORIENTED_EDGE('',*,*,#5413,.T.);
#8033=ORIENTED_EDGE('',*,*,#6162,.F.);
#8034=ORIENTED_EDGE('',*,*,#6167,.F.);
#8035=ORIENTED_EDGE('',*,*,#6168,.T.);
#8036=ORIENTED_EDGE('',*,*,#6165,.F.);
#8037=ORIENTED_EDGE('',*,*,#6169,.F.);
#8038=ORIENTED_EDGE('',*,*,#6170,.T.);
#8039=ORIENTED_EDGE('',*,*,#6171,.F.);
#8040=ORIENTED_EDGE('',*,*,#6171,.T.);
#8041=ORIENTED_EDGE('',*,*,#5414,.T.);
#8042=ORIENTED_EDGE('',*,*,#6168,.F.);
#8043=ORIENTED_EDGE('',*,*,#6172,.F.);
#8044=ORIENTED_EDGE('',*,*,#6173,.T.);
#8045=ORIENTED_EDGE('',*,*,#6174,.F.);
#8046=ORIENTED_EDGE('',*,*,#6175,.T.);
#8047=ORIENTED_EDGE('',*,*,#5415,.T.);
#8048=ORIENTED_EDGE('',*,*,#6170,.F.);
#8049=ORIENTED_EDGE('',*,*,#6174,.T.);
#8050=ORIENTED_EDGE('',*,*,#5416,.T.);
#8051=ORIENTED_EDGE('',*,*,#6175,.F.);
#8052=ORIENTED_EDGE('',*,*,#6176,.F.);
#8053=ORIENTED_EDGE('',*,*,#6177,.T.);
#8054=ORIENTED_EDGE('',*,*,#6178,.F.);
#8055=ORIENTED_EDGE('',*,*,#6178,.T.);
#8056=ORIENTED_EDGE('',*,*,#5417,.T.);
#8057=ORIENTED_EDGE('',*,*,#6173,.F.);
#8058=ORIENTED_EDGE('',*,*,#6179,.F.);
#8059=ORIENTED_EDGE('',*,*,#6180,.T.);
#8060=ORIENTED_EDGE('',*,*,#6177,.F.);
#8061=ORIENTED_EDGE('',*,*,#6181,.F.);
#8062=ORIENTED_EDGE('',*,*,#6182,.T.);
#8063=ORIENTED_EDGE('',*,*,#6183,.F.);
#8064=ORIENTED_EDGE('',*,*,#6184,.T.);
#8065=ORIENTED_EDGE('',*,*,#5418,.T.);
#8066=ORIENTED_EDGE('',*,*,#6180,.F.);
#8067=ORIENTED_EDGE('',*,*,#6183,.T.);
#8068=ORIENTED_EDGE('',*,*,#5419,.T.);
#8069=ORIENTED_EDGE('',*,*,#6184,.F.);
#8070=ORIENTED_EDGE('',*,*,#6185,.T.);
#8071=ORIENTED_EDGE('',*,*,#5420,.T.);
#8072=ORIENTED_EDGE('',*,*,#6182,.F.);
#8073=ORIENTED_EDGE('',*,*,#6186,.F.);
#8074=ORIENTED_EDGE('',*,*,#6187,.T.);
#8075=ORIENTED_EDGE('',*,*,#6185,.F.);
#8076=ORIENTED_EDGE('',*,*,#6188,.F.);
#8077=ORIENTED_EDGE('',*,*,#6189,.T.);
#8078=ORIENTED_EDGE('',*,*,#6187,.F.);
#8079=ORIENTED_EDGE('',*,*,#6190,.T.);
#8080=ORIENTED_EDGE('',*,*,#5421,.T.);
#8081=ORIENTED_EDGE('',*,*,#6189,.F.);
#8082=ORIENTED_EDGE('',*,*,#6191,.T.);
#8083=ORIENTED_EDGE('',*,*,#5422,.T.);
#8084=ORIENTED_EDGE('',*,*,#6190,.F.);
#8085=ORIENTED_EDGE('',*,*,#6192,.F.);
#8086=ORIENTED_EDGE('',*,*,#6193,.T.);
#8087=ORIENTED_EDGE('',*,*,#6191,.F.);
#8088=ORIENTED_EDGE('',*,*,#6194,.F.);
#8089=ORIENTED_EDGE('',*,*,#6195,.T.);
#8090=ORIENTED_EDGE('',*,*,#6193,.F.);
#8091=ORIENTED_EDGE('',*,*,#6196,.T.);
#8092=ORIENTED_EDGE('',*,*,#5423,.T.);
#8093=ORIENTED_EDGE('',*,*,#6195,.F.);
#8094=ORIENTED_EDGE('',*,*,#6197,.F.);
#8095=ORIENTED_EDGE('',*,*,#6198,.T.);
#8096=ORIENTED_EDGE('',*,*,#6196,.F.);
#8097=ORIENTED_EDGE('',*,*,#6199,.T.);
#8098=ORIENTED_EDGE('',*,*,#5424,.T.);
#8099=ORIENTED_EDGE('',*,*,#6198,.F.);
#8100=ORIENTED_EDGE('',*,*,#6200,.T.);
#8101=ORIENTED_EDGE('',*,*,#5425,.T.);
#8102=ORIENTED_EDGE('',*,*,#6199,.F.);
#8103=ORIENTED_EDGE('',*,*,#6201,.F.);
#8104=ORIENTED_EDGE('',*,*,#6202,.T.);
#8105=ORIENTED_EDGE('',*,*,#6200,.F.);
#8106=ORIENTED_EDGE('',*,*,#6203,.F.);
#8107=ORIENTED_EDGE('',*,*,#6204,.T.);
#8108=ORIENTED_EDGE('',*,*,#6202,.F.);
#8109=ORIENTED_EDGE('',*,*,#6205,.T.);
#8110=ORIENTED_EDGE('',*,*,#5426,.T.);
#8111=ORIENTED_EDGE('',*,*,#6204,.F.);
#8112=ORIENTED_EDGE('',*,*,#6206,.T.);
#8113=ORIENTED_EDGE('',*,*,#5427,.T.);
#8114=ORIENTED_EDGE('',*,*,#6205,.F.);
#8115=ORIENTED_EDGE('',*,*,#6207,.F.);
#8116=ORIENTED_EDGE('',*,*,#6208,.T.);
#8117=ORIENTED_EDGE('',*,*,#6206,.F.);
#8118=ORIENTED_EDGE('',*,*,#6209,.T.);
#8119=ORIENTED_EDGE('',*,*,#5428,.T.);
#8120=ORIENTED_EDGE('',*,*,#6208,.F.);
#8121=ORIENTED_EDGE('',*,*,#6210,.F.);
#8122=ORIENTED_EDGE('',*,*,#6211,.T.);
#8123=ORIENTED_EDGE('',*,*,#6209,.F.);
#8124=ORIENTED_EDGE('',*,*,#6212,.F.);
#8125=ORIENTED_EDGE('',*,*,#6213,.T.);
#8126=ORIENTED_EDGE('',*,*,#6211,.F.);
#8127=ORIENTED_EDGE('',*,*,#6214,.T.);
#8128=ORIENTED_EDGE('',*,*,#5429,.T.);
#8129=ORIENTED_EDGE('',*,*,#6213,.F.);
#8130=ORIENTED_EDGE('',*,*,#6215,.T.);
#8131=ORIENTED_EDGE('',*,*,#5430,.T.);
#8132=ORIENTED_EDGE('',*,*,#6214,.F.);
#8133=ORIENTED_EDGE('',*,*,#6216,.F.);
#8134=ORIENTED_EDGE('',*,*,#6217,.T.);
#8135=ORIENTED_EDGE('',*,*,#6215,.F.);
#8136=ORIENTED_EDGE('',*,*,#6218,.T.);
#8137=ORIENTED_EDGE('',*,*,#5431,.T.);
#8138=ORIENTED_EDGE('',*,*,#6217,.F.);
#8139=ORIENTED_EDGE('',*,*,#6219,.F.);
#8140=ORIENTED_EDGE('',*,*,#6220,.T.);
#8141=ORIENTED_EDGE('',*,*,#6218,.F.);
#8142=ORIENTED_EDGE('',*,*,#6221,.T.);
#8143=ORIENTED_EDGE('',*,*,#5432,.T.);
#8144=ORIENTED_EDGE('',*,*,#6220,.F.);
#8145=ORIENTED_EDGE('',*,*,#6222,.F.);
#8146=ORIENTED_EDGE('',*,*,#6223,.T.);
#8147=ORIENTED_EDGE('',*,*,#6221,.F.);
#8148=ORIENTED_EDGE('',*,*,#6224,.F.);
#8149=ORIENTED_EDGE('',*,*,#6225,.T.);
#8150=ORIENTED_EDGE('',*,*,#6223,.F.);
#8151=ORIENTED_EDGE('',*,*,#6226,.F.);
#8152=ORIENTED_EDGE('',*,*,#6227,.T.);
#8153=ORIENTED_EDGE('',*,*,#6228,.F.);
#8154=ORIENTED_EDGE('',*,*,#6229,.T.);
#8155=ORIENTED_EDGE('',*,*,#5433,.T.);
#8156=ORIENTED_EDGE('',*,*,#6225,.F.);
#8157=ORIENTED_EDGE('',*,*,#6228,.T.);
#8158=ORIENTED_EDGE('',*,*,#5434,.T.);
#8159=ORIENTED_EDGE('',*,*,#6229,.F.);
#8160=ORIENTED_EDGE('',*,*,#6230,.F.);
#8161=ORIENTED_EDGE('',*,*,#6231,.T.);
#8162=ORIENTED_EDGE('',*,*,#6232,.F.);
#8163=ORIENTED_EDGE('',*,*,#6232,.T.);
#8164=ORIENTED_EDGE('',*,*,#5435,.T.);
#8165=ORIENTED_EDGE('',*,*,#6227,.F.);
#8166=ORIENTED_EDGE('',*,*,#6233,.F.);
#8167=ORIENTED_EDGE('',*,*,#6234,.T.);
#8168=ORIENTED_EDGE('',*,*,#6235,.F.);
#8169=ORIENTED_EDGE('',*,*,#6235,.T.);
#8170=ORIENTED_EDGE('',*,*,#5436,.T.);
#8171=ORIENTED_EDGE('',*,*,#6231,.F.);
#8172=ORIENTED_EDGE('',*,*,#6236,.F.);
#8173=ORIENTED_EDGE('',*,*,#6237,.T.);
#8174=ORIENTED_EDGE('',*,*,#6238,.F.);
#8175=ORIENTED_EDGE('',*,*,#6238,.T.);
#8176=ORIENTED_EDGE('',*,*,#5437,.T.);
#8177=ORIENTED_EDGE('',*,*,#6234,.F.);
#8178=ORIENTED_EDGE('',*,*,#6239,.F.);
#8179=ORIENTED_EDGE('',*,*,#6240,.T.);
#8180=ORIENTED_EDGE('',*,*,#6241,.F.);
#8181=ORIENTED_EDGE('',*,*,#6241,.T.);
#8182=ORIENTED_EDGE('',*,*,#5438,.T.);
#8183=ORIENTED_EDGE('',*,*,#6237,.F.);
#8184=ORIENTED_EDGE('',*,*,#6242,.F.);
#8185=ORIENTED_EDGE('',*,*,#6243,.T.);
#8186=ORIENTED_EDGE('',*,*,#5439,.T.);
#8187=ORIENTED_EDGE('',*,*,#6240,.F.);
#8188=ORIENTED_EDGE('',*,*,#6244,.F.);
#8189=ORIENTED_EDGE('',*,*,#6245,.T.);
#8190=ORIENTED_EDGE('',*,*,#6246,.F.);
#8191=ORIENTED_EDGE('',*,*,#6246,.T.);
#8192=ORIENTED_EDGE('',*,*,#5443,.T.);
#8193=ORIENTED_EDGE('',*,*,#6247,.F.);
#8194=ORIENTED_EDGE('',*,*,#6248,.F.);
#8195=ORIENTED_EDGE('',*,*,#6249,.T.);
#8196=ORIENTED_EDGE('',*,*,#6250,.F.);
#8197=ORIENTED_EDGE('',*,*,#6250,.T.);
#8198=ORIENTED_EDGE('',*,*,#5444,.T.);
#8199=ORIENTED_EDGE('',*,*,#6245,.F.);
#8200=ORIENTED_EDGE('',*,*,#6251,.F.);
#8201=ORIENTED_EDGE('',*,*,#6252,.T.);
#8202=ORIENTED_EDGE('',*,*,#6253,.F.);
#8203=ORIENTED_EDGE('',*,*,#6253,.T.);
#8204=ORIENTED_EDGE('',*,*,#5445,.T.);
#8205=ORIENTED_EDGE('',*,*,#6249,.F.);
#8206=ORIENTED_EDGE('',*,*,#6254,.F.);
#8207=ORIENTED_EDGE('',*,*,#6255,.T.);
#8208=ORIENTED_EDGE('',*,*,#6256,.F.);
#8209=ORIENTED_EDGE('',*,*,#6256,.T.);
#8210=ORIENTED_EDGE('',*,*,#5446,.T.);
#8211=ORIENTED_EDGE('',*,*,#6252,.F.);
#8212=ORIENTED_EDGE('',*,*,#6257,.F.);
#8213=ORIENTED_EDGE('',*,*,#6258,.T.);
#8214=ORIENTED_EDGE('',*,*,#6259,.F.);
#8215=ORIENTED_EDGE('',*,*,#6259,.T.);
#8216=ORIENTED_EDGE('',*,*,#5447,.T.);
#8217=ORIENTED_EDGE('',*,*,#6255,.F.);
#8218=ORIENTED_EDGE('',*,*,#6260,.F.);
#8219=ORIENTED_EDGE('',*,*,#6261,.T.);
#8220=ORIENTED_EDGE('',*,*,#6258,.F.);
#8221=ORIENTED_EDGE('',*,*,#6262,.F.);
#8222=ORIENTED_EDGE('',*,*,#6263,.T.);
#8223=ORIENTED_EDGE('',*,*,#6264,.F.);
#8224=ORIENTED_EDGE('',*,*,#6265,.T.);
#8225=ORIENTED_EDGE('',*,*,#5448,.T.);
#8226=ORIENTED_EDGE('',*,*,#6261,.F.);
#8227=ORIENTED_EDGE('',*,*,#6264,.T.);
#8228=ORIENTED_EDGE('',*,*,#5449,.T.);
#8229=ORIENTED_EDGE('',*,*,#6265,.F.);
#8230=ORIENTED_EDGE('',*,*,#6266,.F.);
#8231=ORIENTED_EDGE('',*,*,#6267,.T.);
#8232=ORIENTED_EDGE('',*,*,#6268,.F.);
#8233=ORIENTED_EDGE('',*,*,#6268,.T.);
#8234=ORIENTED_EDGE('',*,*,#5450,.T.);
#8235=ORIENTED_EDGE('',*,*,#6263,.F.);
#8236=ORIENTED_EDGE('',*,*,#6269,.F.);
#8237=ORIENTED_EDGE('',*,*,#6270,.T.);
#8238=ORIENTED_EDGE('',*,*,#6271,.F.);
#8239=ORIENTED_EDGE('',*,*,#6271,.T.);
#8240=ORIENTED_EDGE('',*,*,#5451,.T.);
#8241=ORIENTED_EDGE('',*,*,#6267,.F.);
#8242=ORIENTED_EDGE('',*,*,#6272,.F.);
#8243=ORIENTED_EDGE('',*,*,#6273,.T.);
#8244=ORIENTED_EDGE('',*,*,#6274,.F.);
#8245=ORIENTED_EDGE('',*,*,#6274,.T.);
#8246=ORIENTED_EDGE('',*,*,#5452,.T.);
#8247=ORIENTED_EDGE('',*,*,#6270,.F.);
#8248=ORIENTED_EDGE('',*,*,#6275,.F.);
#8249=ORIENTED_EDGE('',*,*,#6276,.T.);
#8250=ORIENTED_EDGE('',*,*,#6273,.F.);
#8251=ORIENTED_EDGE('',*,*,#6277,.F.);
#8252=ORIENTED_EDGE('',*,*,#6278,.T.);
#8253=ORIENTED_EDGE('',*,*,#6279,.F.);
#8254=ORIENTED_EDGE('',*,*,#6279,.T.);
#8255=ORIENTED_EDGE('',*,*,#5453,.T.);
#8256=ORIENTED_EDGE('',*,*,#6276,.F.);
#8257=ORIENTED_EDGE('',*,*,#6280,.T.);
#8258=ORIENTED_EDGE('',*,*,#5454,.T.);
#8259=ORIENTED_EDGE('',*,*,#6278,.F.);
#8260=ORIENTED_EDGE('',*,*,#6281,.T.);
#8261=ORIENTED_EDGE('',*,*,#5455,.T.);
#8262=ORIENTED_EDGE('',*,*,#6280,.F.);
#8263=ORIENTED_EDGE('',*,*,#6282,.F.);
#8264=ORIENTED_EDGE('',*,*,#6283,.T.);
#8265=ORIENTED_EDGE('',*,*,#6281,.F.);
#8266=ORIENTED_EDGE('',*,*,#6284,.T.);
#8267=ORIENTED_EDGE('',*,*,#5456,.T.);
#8268=ORIENTED_EDGE('',*,*,#6283,.F.);
#8269=ORIENTED_EDGE('',*,*,#6285,.F.);
#8270=ORIENTED_EDGE('',*,*,#6286,.T.);
#8271=ORIENTED_EDGE('',*,*,#6284,.F.);
#8272=ORIENTED_EDGE('',*,*,#6287,.F.);
#8273=ORIENTED_EDGE('',*,*,#6288,.T.);
#8274=ORIENTED_EDGE('',*,*,#6286,.F.);
#8275=ORIENTED_EDGE('',*,*,#6289,.T.);
#8276=ORIENTED_EDGE('',*,*,#5457,.T.);
#8277=ORIENTED_EDGE('',*,*,#6288,.F.);
#8278=ORIENTED_EDGE('',*,*,#6290,.T.);
#8279=ORIENTED_EDGE('',*,*,#5458,.T.);
#8280=ORIENTED_EDGE('',*,*,#6289,.F.);
#8281=ORIENTED_EDGE('',*,*,#6291,.F.);
#8282=ORIENTED_EDGE('',*,*,#6292,.T.);
#8283=ORIENTED_EDGE('',*,*,#6290,.F.);
#8284=ORIENTED_EDGE('',*,*,#6293,.T.);
#8285=ORIENTED_EDGE('',*,*,#5459,.T.);
#8286=ORIENTED_EDGE('',*,*,#6292,.F.);
#8287=ORIENTED_EDGE('',*,*,#6294,.F.);
#8288=ORIENTED_EDGE('',*,*,#6295,.T.);
#8289=ORIENTED_EDGE('',*,*,#6293,.F.);
#8290=ORIENTED_EDGE('',*,*,#6296,.T.);
#8291=ORIENTED_EDGE('',*,*,#5460,.T.);
#8292=ORIENTED_EDGE('',*,*,#6295,.F.);
#8293=ORIENTED_EDGE('',*,*,#6297,.F.);
#8294=ORIENTED_EDGE('',*,*,#6298,.T.);
#8295=ORIENTED_EDGE('',*,*,#6296,.F.);
#8296=ORIENTED_EDGE('',*,*,#6299,.T.);
#8297=ORIENTED_EDGE('',*,*,#5461,.T.);
#8298=ORIENTED_EDGE('',*,*,#6298,.F.);
#8299=ORIENTED_EDGE('',*,*,#6300,.F.);
#8300=ORIENTED_EDGE('',*,*,#6301,.T.);
#8301=ORIENTED_EDGE('',*,*,#6299,.F.);
#8302=ORIENTED_EDGE('',*,*,#6302,.F.);
#8303=ORIENTED_EDGE('',*,*,#6303,.T.);
#8304=ORIENTED_EDGE('',*,*,#6301,.F.);
#8305=ORIENTED_EDGE('',*,*,#6304,.T.);
#8306=ORIENTED_EDGE('',*,*,#5462,.T.);
#8307=ORIENTED_EDGE('',*,*,#6303,.F.);
#8308=ORIENTED_EDGE('',*,*,#6305,.T.);
#8309=ORIENTED_EDGE('',*,*,#5463,.T.);
#8310=ORIENTED_EDGE('',*,*,#6304,.F.);
#8311=ORIENTED_EDGE('',*,*,#6306,.F.);
#8312=ORIENTED_EDGE('',*,*,#6307,.T.);
#8313=ORIENTED_EDGE('',*,*,#6305,.F.);
#8314=ORIENTED_EDGE('',*,*,#6308,.T.);
#8315=ORIENTED_EDGE('',*,*,#5464,.T.);
#8316=ORIENTED_EDGE('',*,*,#6307,.F.);
#8317=ORIENTED_EDGE('',*,*,#6309,.F.);
#8318=ORIENTED_EDGE('',*,*,#6310,.T.);
#8319=ORIENTED_EDGE('',*,*,#6308,.F.);
#8320=ORIENTED_EDGE('',*,*,#6311,.T.);
#8321=ORIENTED_EDGE('',*,*,#5465,.T.);
#8322=ORIENTED_EDGE('',*,*,#6310,.F.);
#8323=ORIENTED_EDGE('',*,*,#6312,.F.);
#8324=ORIENTED_EDGE('',*,*,#6313,.T.);
#8325=ORIENTED_EDGE('',*,*,#6311,.F.);
#8326=ORIENTED_EDGE('',*,*,#6314,.F.);
#8327=ORIENTED_EDGE('',*,*,#6315,.T.);
#8328=ORIENTED_EDGE('',*,*,#6313,.F.);
#8329=ORIENTED_EDGE('',*,*,#6316,.F.);
#8330=ORIENTED_EDGE('',*,*,#6317,.T.);
#8331=ORIENTED_EDGE('',*,*,#6318,.F.);
#8332=ORIENTED_EDGE('',*,*,#6319,.T.);
#8333=ORIENTED_EDGE('',*,*,#5466,.T.);
#8334=ORIENTED_EDGE('',*,*,#6315,.F.);
#8335=ORIENTED_EDGE('',*,*,#6318,.T.);
#8336=ORIENTED_EDGE('',*,*,#5467,.T.);
#8337=ORIENTED_EDGE('',*,*,#6319,.F.);
#8338=ORIENTED_EDGE('',*,*,#6320,.F.);
#8339=ORIENTED_EDGE('',*,*,#6321,.T.);
#8340=ORIENTED_EDGE('',*,*,#6322,.F.);
#8341=ORIENTED_EDGE('',*,*,#6322,.T.);
#8342=ORIENTED_EDGE('',*,*,#5468,.T.);
#8343=ORIENTED_EDGE('',*,*,#6317,.F.);
#8344=ORIENTED_EDGE('',*,*,#6323,.F.);
#8345=ORIENTED_EDGE('',*,*,#6324,.T.);
#8346=ORIENTED_EDGE('',*,*,#6325,.F.);
#8347=ORIENTED_EDGE('',*,*,#6325,.T.);
#8348=ORIENTED_EDGE('',*,*,#5469,.T.);
#8349=ORIENTED_EDGE('',*,*,#6321,.F.);
#8350=ORIENTED_EDGE('',*,*,#6326,.F.);
#8351=ORIENTED_EDGE('',*,*,#6327,.T.);
#8352=ORIENTED_EDGE('',*,*,#6328,.F.);
#8353=ORIENTED_EDGE('',*,*,#6328,.T.);
#8354=ORIENTED_EDGE('',*,*,#5470,.T.);
#8355=ORIENTED_EDGE('',*,*,#6324,.F.);
#8356=ORIENTED_EDGE('',*,*,#6329,.F.);
#8357=ORIENTED_EDGE('',*,*,#6330,.T.);
#8358=ORIENTED_EDGE('',*,*,#6331,.F.);
#8359=ORIENTED_EDGE('',*,*,#6331,.T.);
#8360=ORIENTED_EDGE('',*,*,#5471,.T.);
#8361=ORIENTED_EDGE('',*,*,#6327,.F.);
#8362=ORIENTED_EDGE('',*,*,#6332,.F.);
#8363=ORIENTED_EDGE('',*,*,#6333,.T.);
#8364=ORIENTED_EDGE('',*,*,#6334,.F.);
#8365=ORIENTED_EDGE('',*,*,#6334,.T.);
#8366=ORIENTED_EDGE('',*,*,#5472,.T.);
#8367=ORIENTED_EDGE('',*,*,#6330,.F.);
#8368=ORIENTED_EDGE('',*,*,#6335,.F.);
#8369=ORIENTED_EDGE('',*,*,#6336,.T.);
#8370=ORIENTED_EDGE('',*,*,#6337,.F.);
#8371=ORIENTED_EDGE('',*,*,#6337,.T.);
#8372=ORIENTED_EDGE('',*,*,#5473,.T.);
#8373=ORIENTED_EDGE('',*,*,#6333,.F.);
#8374=ORIENTED_EDGE('',*,*,#6338,.F.);
#8375=ORIENTED_EDGE('',*,*,#5475,.T.);
#8376=ORIENTED_EDGE('',*,*,#5474,.T.);
#8377=ORIENTED_EDGE('',*,*,#6336,.F.);
#8378=ORIENTED_EDGE('',*,*,#6339,.F.);
#8379=ORIENTED_EDGE('',*,*,#5478,.T.);
#8380=ORIENTED_EDGE('',*,*,#5565,.T.);
#8381=ORIENTED_EDGE('',*,*,#6340,.F.);
#8382=ORIENTED_EDGE('',*,*,#6341,.F.);
#8383=ORIENTED_EDGE('',*,*,#6342,.F.);
#8384=ORIENTED_EDGE('',*,*,#6340,.T.);
#8385=ORIENTED_EDGE('',*,*,#5564,.T.);
#8386=ORIENTED_EDGE('',*,*,#6343,.F.);
#8387=ORIENTED_EDGE('',*,*,#6341,.T.);
#8388=ORIENTED_EDGE('',*,*,#5563,.T.);
#8389=ORIENTED_EDGE('',*,*,#6344,.F.);
#8390=ORIENTED_EDGE('',*,*,#6343,.T.);
#8391=ORIENTED_EDGE('',*,*,#6345,.F.);
#8392=ORIENTED_EDGE('',*,*,#6346,.F.);
#8393=ORIENTED_EDGE('',*,*,#6344,.T.);
#8394=ORIENTED_EDGE('',*,*,#6347,.F.);
#8395=ORIENTED_EDGE('',*,*,#6348,.F.);
#8396=ORIENTED_EDGE('',*,*,#6345,.T.);
#8397=ORIENTED_EDGE('',*,*,#5562,.T.);
#8398=ORIENTED_EDGE('',*,*,#6349,.F.);
#8399=ORIENTED_EDGE('',*,*,#6347,.T.);
#8400=ORIENTED_EDGE('',*,*,#5561,.T.);
#8401=ORIENTED_EDGE('',*,*,#6350,.F.);
#8402=ORIENTED_EDGE('',*,*,#6349,.T.);
#8403=ORIENTED_EDGE('',*,*,#6351,.F.);
#8404=ORIENTED_EDGE('',*,*,#6352,.F.);
#8405=ORIENTED_EDGE('',*,*,#6350,.T.);
#8406=ORIENTED_EDGE('',*,*,#6353,.F.);
#8407=ORIENTED_EDGE('',*,*,#6354,.F.);
#8408=ORIENTED_EDGE('',*,*,#6351,.T.);
#8409=ORIENTED_EDGE('',*,*,#5560,.T.);
#8410=ORIENTED_EDGE('',*,*,#6355,.F.);
#8411=ORIENTED_EDGE('',*,*,#6353,.T.);
#8412=ORIENTED_EDGE('',*,*,#6356,.F.);
#8413=ORIENTED_EDGE('',*,*,#6357,.F.);
#8414=ORIENTED_EDGE('',*,*,#6355,.T.);
#8415=ORIENTED_EDGE('',*,*,#5559,.T.);
#8416=ORIENTED_EDGE('',*,*,#6358,.F.);
#8417=ORIENTED_EDGE('',*,*,#6356,.T.);
#8418=ORIENTED_EDGE('',*,*,#5558,.T.);
#8419=ORIENTED_EDGE('',*,*,#6359,.F.);
#8420=ORIENTED_EDGE('',*,*,#6358,.T.);
#8421=ORIENTED_EDGE('',*,*,#6360,.F.);
#8422=ORIENTED_EDGE('',*,*,#6361,.F.);
#8423=ORIENTED_EDGE('',*,*,#6359,.T.);
#8424=ORIENTED_EDGE('',*,*,#6362,.F.);
#8425=ORIENTED_EDGE('',*,*,#6363,.F.);
#8426=ORIENTED_EDGE('',*,*,#6360,.T.);
#8427=ORIENTED_EDGE('',*,*,#5557,.T.);
#8428=ORIENTED_EDGE('',*,*,#6364,.F.);
#8429=ORIENTED_EDGE('',*,*,#6362,.T.);
#8430=ORIENTED_EDGE('',*,*,#6365,.F.);
#8431=ORIENTED_EDGE('',*,*,#6366,.F.);
#8432=ORIENTED_EDGE('',*,*,#6364,.T.);
#8433=ORIENTED_EDGE('',*,*,#5556,.T.);
#8434=ORIENTED_EDGE('',*,*,#6367,.F.);
#8435=ORIENTED_EDGE('',*,*,#6365,.T.);
#8436=ORIENTED_EDGE('',*,*,#6368,.F.);
#8437=ORIENTED_EDGE('',*,*,#6369,.F.);
#8438=ORIENTED_EDGE('',*,*,#6367,.T.);
#8439=ORIENTED_EDGE('',*,*,#5555,.T.);
#8440=ORIENTED_EDGE('',*,*,#6370,.F.);
#8441=ORIENTED_EDGE('',*,*,#6368,.T.);
#8442=ORIENTED_EDGE('',*,*,#5554,.T.);
#8443=ORIENTED_EDGE('',*,*,#6371,.F.);
#8444=ORIENTED_EDGE('',*,*,#6370,.T.);
#8445=ORIENTED_EDGE('',*,*,#6372,.F.);
#8446=ORIENTED_EDGE('',*,*,#6373,.F.);
#8447=ORIENTED_EDGE('',*,*,#6371,.T.);
#8448=ORIENTED_EDGE('',*,*,#6374,.F.);
#8449=ORIENTED_EDGE('',*,*,#6375,.F.);
#8450=ORIENTED_EDGE('',*,*,#6372,.T.);
#8451=ORIENTED_EDGE('',*,*,#5553,.T.);
#8452=ORIENTED_EDGE('',*,*,#6376,.F.);
#8453=ORIENTED_EDGE('',*,*,#6374,.T.);
#8454=ORIENTED_EDGE('',*,*,#6377,.F.);
#8455=ORIENTED_EDGE('',*,*,#6378,.F.);
#8456=ORIENTED_EDGE('',*,*,#6376,.T.);
#8457=ORIENTED_EDGE('',*,*,#5552,.T.);
#8458=ORIENTED_EDGE('',*,*,#6379,.F.);
#8459=ORIENTED_EDGE('',*,*,#6377,.T.);
#8460=ORIENTED_EDGE('',*,*,#6380,.F.);
#8461=ORIENTED_EDGE('',*,*,#6381,.F.);
#8462=ORIENTED_EDGE('',*,*,#6379,.T.);
#8463=ORIENTED_EDGE('',*,*,#5551,.T.);
#8464=ORIENTED_EDGE('',*,*,#6382,.F.);
#8465=ORIENTED_EDGE('',*,*,#6380,.T.);
#8466=ORIENTED_EDGE('',*,*,#6383,.F.);
#8467=ORIENTED_EDGE('',*,*,#6384,.F.);
#8468=ORIENTED_EDGE('',*,*,#6382,.T.);
#8469=ORIENTED_EDGE('',*,*,#5550,.T.);
#8470=ORIENTED_EDGE('',*,*,#6385,.F.);
#8471=ORIENTED_EDGE('',*,*,#6383,.T.);
#8472=ORIENTED_EDGE('',*,*,#5549,.T.);
#8473=ORIENTED_EDGE('',*,*,#6386,.F.);
#8474=ORIENTED_EDGE('',*,*,#6385,.T.);
#8475=ORIENTED_EDGE('',*,*,#6387,.F.);
#8476=ORIENTED_EDGE('',*,*,#6388,.F.);
#8477=ORIENTED_EDGE('',*,*,#6386,.T.);
#8478=ORIENTED_EDGE('',*,*,#5548,.T.);
#8479=ORIENTED_EDGE('',*,*,#6389,.F.);
#8480=ORIENTED_EDGE('',*,*,#6387,.T.);
#8481=ORIENTED_EDGE('',*,*,#6390,.F.);
#8482=ORIENTED_EDGE('',*,*,#6391,.F.);
#8483=ORIENTED_EDGE('',*,*,#6389,.T.);
#8484=ORIENTED_EDGE('',*,*,#6392,.F.);
#8485=ORIENTED_EDGE('',*,*,#6393,.F.);
#8486=ORIENTED_EDGE('',*,*,#6390,.T.);
#8487=ORIENTED_EDGE('',*,*,#5547,.T.);
#8488=ORIENTED_EDGE('',*,*,#6394,.F.);
#8489=ORIENTED_EDGE('',*,*,#6392,.T.);
#8490=ORIENTED_EDGE('',*,*,#6395,.F.);
#8491=ORIENTED_EDGE('',*,*,#6396,.F.);
#8492=ORIENTED_EDGE('',*,*,#6394,.T.);
#8493=ORIENTED_EDGE('',*,*,#5546,.T.);
#8494=ORIENTED_EDGE('',*,*,#6397,.F.);
#8495=ORIENTED_EDGE('',*,*,#6395,.T.);
#8496=ORIENTED_EDGE('',*,*,#5545,.T.);
#8497=ORIENTED_EDGE('',*,*,#6398,.F.);
#8498=ORIENTED_EDGE('',*,*,#6397,.T.);
#8499=ORIENTED_EDGE('',*,*,#6399,.F.);
#8500=ORIENTED_EDGE('',*,*,#6400,.F.);
#8501=ORIENTED_EDGE('',*,*,#6398,.T.);
#8502=ORIENTED_EDGE('',*,*,#6401,.F.);
#8503=ORIENTED_EDGE('',*,*,#6402,.F.);
#8504=ORIENTED_EDGE('',*,*,#6399,.T.);
#8505=ORIENTED_EDGE('',*,*,#5544,.T.);
#8506=ORIENTED_EDGE('',*,*,#6403,.F.);
#8507=ORIENTED_EDGE('',*,*,#6401,.T.);
#8508=ORIENTED_EDGE('',*,*,#6404,.F.);
#8509=ORIENTED_EDGE('',*,*,#6405,.F.);
#8510=ORIENTED_EDGE('',*,*,#6403,.T.);
#8511=ORIENTED_EDGE('',*,*,#5543,.T.);
#8512=ORIENTED_EDGE('',*,*,#6406,.F.);
#8513=ORIENTED_EDGE('',*,*,#6404,.T.);
#8514=ORIENTED_EDGE('',*,*,#5542,.T.);
#8515=ORIENTED_EDGE('',*,*,#6407,.F.);
#8516=ORIENTED_EDGE('',*,*,#6406,.T.);
#8517=ORIENTED_EDGE('',*,*,#6408,.F.);
#8518=ORIENTED_EDGE('',*,*,#6409,.F.);
#8519=ORIENTED_EDGE('',*,*,#6407,.T.);
#8520=ORIENTED_EDGE('',*,*,#6410,.F.);
#8521=ORIENTED_EDGE('',*,*,#6411,.F.);
#8522=ORIENTED_EDGE('',*,*,#6408,.T.);
#8523=ORIENTED_EDGE('',*,*,#5541,.T.);
#8524=ORIENTED_EDGE('',*,*,#6412,.F.);
#8525=ORIENTED_EDGE('',*,*,#6410,.T.);
#8526=ORIENTED_EDGE('',*,*,#5540,.T.);
#8527=ORIENTED_EDGE('',*,*,#6413,.F.);
#8528=ORIENTED_EDGE('',*,*,#6414,.T.);
#8529=ORIENTED_EDGE('',*,*,#6414,.F.);
#8530=ORIENTED_EDGE('',*,*,#6415,.F.);
#8531=ORIENTED_EDGE('',*,*,#6412,.T.);
#8532=ORIENTED_EDGE('',*,*,#5539,.T.);
#8533=ORIENTED_EDGE('',*,*,#6416,.F.);
#8534=ORIENTED_EDGE('',*,*,#6417,.T.);
#8535=ORIENTED_EDGE('',*,*,#6417,.F.);
#8536=ORIENTED_EDGE('',*,*,#6418,.F.);
#8537=ORIENTED_EDGE('',*,*,#6413,.T.);
#8538=ORIENTED_EDGE('',*,*,#5538,.T.);
#8539=ORIENTED_EDGE('',*,*,#6419,.F.);
#8540=ORIENTED_EDGE('',*,*,#6420,.T.);
#8541=ORIENTED_EDGE('',*,*,#6420,.F.);
#8542=ORIENTED_EDGE('',*,*,#6421,.F.);
#8543=ORIENTED_EDGE('',*,*,#6416,.T.);
#8544=ORIENTED_EDGE('',*,*,#5537,.T.);
#8545=ORIENTED_EDGE('',*,*,#6422,.F.);
#8546=ORIENTED_EDGE('',*,*,#6423,.T.);
#8547=ORIENTED_EDGE('',*,*,#6423,.F.);
#8548=ORIENTED_EDGE('',*,*,#6424,.F.);
#8549=ORIENTED_EDGE('',*,*,#6419,.T.);
#8550=ORIENTED_EDGE('',*,*,#5536,.T.);
#8551=ORIENTED_EDGE('',*,*,#6425,.F.);
#8552=ORIENTED_EDGE('',*,*,#6426,.T.);
#8553=ORIENTED_EDGE('',*,*,#6426,.F.);
#8554=ORIENTED_EDGE('',*,*,#6427,.F.);
#8555=ORIENTED_EDGE('',*,*,#6422,.T.);
#8556=ORIENTED_EDGE('',*,*,#5535,.T.);
#8557=ORIENTED_EDGE('',*,*,#6428,.F.);
#8558=ORIENTED_EDGE('',*,*,#6429,.T.);
#8559=ORIENTED_EDGE('',*,*,#6429,.F.);
#8560=ORIENTED_EDGE('',*,*,#6430,.F.);
#8561=ORIENTED_EDGE('',*,*,#6425,.T.);
#8562=ORIENTED_EDGE('',*,*,#5534,.T.);
#8563=ORIENTED_EDGE('',*,*,#6431,.F.);
#8564=ORIENTED_EDGE('',*,*,#6428,.T.);
#8565=ORIENTED_EDGE('',*,*,#5533,.T.);
#8566=ORIENTED_EDGE('',*,*,#6432,.F.);
#8567=ORIENTED_EDGE('',*,*,#6433,.T.);
#8568=ORIENTED_EDGE('',*,*,#6433,.F.);
#8569=ORIENTED_EDGE('',*,*,#6434,.F.);
#8570=ORIENTED_EDGE('',*,*,#6431,.T.);
#8571=ORIENTED_EDGE('',*,*,#6435,.F.);
#8572=ORIENTED_EDGE('',*,*,#6436,.F.);
#8573=ORIENTED_EDGE('',*,*,#6432,.T.);
#8574=ORIENTED_EDGE('',*,*,#5532,.T.);
#8575=ORIENTED_EDGE('',*,*,#6437,.F.);
#8576=ORIENTED_EDGE('',*,*,#6438,.T.);
#8577=ORIENTED_EDGE('',*,*,#6438,.F.);
#8578=ORIENTED_EDGE('',*,*,#6439,.F.);
#8579=ORIENTED_EDGE('',*,*,#6435,.T.);
#8580=ORIENTED_EDGE('',*,*,#6440,.F.);
#8581=ORIENTED_EDGE('',*,*,#6441,.F.);
#8582=ORIENTED_EDGE('',*,*,#6437,.T.);
#8583=ORIENTED_EDGE('',*,*,#5531,.T.);
#8584=ORIENTED_EDGE('',*,*,#6442,.F.);
#8585=ORIENTED_EDGE('',*,*,#6440,.T.);
#8586=ORIENTED_EDGE('',*,*,#5530,.T.);
#8587=ORIENTED_EDGE('',*,*,#6443,.F.);
#8588=ORIENTED_EDGE('',*,*,#6442,.T.);
#8589=ORIENTED_EDGE('',*,*,#6444,.F.);
#8590=ORIENTED_EDGE('',*,*,#6445,.F.);
#8591=ORIENTED_EDGE('',*,*,#6443,.T.);
#8592=ORIENTED_EDGE('',*,*,#6446,.F.);
#8593=ORIENTED_EDGE('',*,*,#6447,.F.);
#8594=ORIENTED_EDGE('',*,*,#6444,.T.);
#8595=ORIENTED_EDGE('',*,*,#5529,.T.);
#8596=ORIENTED_EDGE('',*,*,#6448,.F.);
#8597=ORIENTED_EDGE('',*,*,#6446,.T.);
#8598=ORIENTED_EDGE('',*,*,#5528,.T.);
#8599=ORIENTED_EDGE('',*,*,#6449,.F.);
#8600=ORIENTED_EDGE('',*,*,#6448,.T.);
#8601=ORIENTED_EDGE('',*,*,#6450,.F.);
#8602=ORIENTED_EDGE('',*,*,#6451,.F.);
#8603=ORIENTED_EDGE('',*,*,#6449,.T.);
#8604=ORIENTED_EDGE('',*,*,#6452,.F.);
#8605=ORIENTED_EDGE('',*,*,#6453,.F.);
#8606=ORIENTED_EDGE('',*,*,#6450,.T.);
#8607=ORIENTED_EDGE('',*,*,#5527,.T.);
#8608=ORIENTED_EDGE('',*,*,#6454,.F.);
#8609=ORIENTED_EDGE('',*,*,#6452,.T.);
#8610=ORIENTED_EDGE('',*,*,#6455,.F.);
#8611=ORIENTED_EDGE('',*,*,#6456,.F.);
#8612=ORIENTED_EDGE('',*,*,#6454,.T.);
#8613=ORIENTED_EDGE('',*,*,#5526,.T.);
#8614=ORIENTED_EDGE('',*,*,#6457,.F.);
#8615=ORIENTED_EDGE('',*,*,#6455,.T.);
#8616=ORIENTED_EDGE('',*,*,#6458,.F.);
#8617=ORIENTED_EDGE('',*,*,#6459,.F.);
#8618=ORIENTED_EDGE('',*,*,#6457,.T.);
#8619=ORIENTED_EDGE('',*,*,#5525,.T.);
#8620=ORIENTED_EDGE('',*,*,#6460,.F.);
#8621=ORIENTED_EDGE('',*,*,#6458,.T.);
#8622=ORIENTED_EDGE('',*,*,#5524,.T.);
#8623=ORIENTED_EDGE('',*,*,#6461,.F.);
#8624=ORIENTED_EDGE('',*,*,#6460,.T.);
#8625=ORIENTED_EDGE('',*,*,#6462,.F.);
#8626=ORIENTED_EDGE('',*,*,#6463,.F.);
#8627=ORIENTED_EDGE('',*,*,#6461,.T.);
#8628=ORIENTED_EDGE('',*,*,#6464,.F.);
#8629=ORIENTED_EDGE('',*,*,#6465,.F.);
#8630=ORIENTED_EDGE('',*,*,#6462,.T.);
#8631=ORIENTED_EDGE('',*,*,#5523,.T.);
#8632=ORIENTED_EDGE('',*,*,#6466,.F.);
#8633=ORIENTED_EDGE('',*,*,#6464,.T.);
#8634=ORIENTED_EDGE('',*,*,#6467,.F.);
#8635=ORIENTED_EDGE('',*,*,#6468,.F.);
#8636=ORIENTED_EDGE('',*,*,#6466,.T.);
#8637=ORIENTED_EDGE('',*,*,#5522,.T.);
#8638=ORIENTED_EDGE('',*,*,#6469,.F.);
#8639=ORIENTED_EDGE('',*,*,#6467,.T.);
#8640=ORIENTED_EDGE('',*,*,#6470,.F.);
#8641=ORIENTED_EDGE('',*,*,#6471,.F.);
#8642=ORIENTED_EDGE('',*,*,#6469,.T.);
#8643=ORIENTED_EDGE('',*,*,#5521,.T.);
#8644=ORIENTED_EDGE('',*,*,#6472,.F.);
#8645=ORIENTED_EDGE('',*,*,#6470,.T.);
#8646=ORIENTED_EDGE('',*,*,#6473,.F.);
#8647=ORIENTED_EDGE('',*,*,#6474,.F.);
#8648=ORIENTED_EDGE('',*,*,#6472,.T.);
#8649=ORIENTED_EDGE('',*,*,#5520,.T.);
#8650=ORIENTED_EDGE('',*,*,#6475,.F.);
#8651=ORIENTED_EDGE('',*,*,#6473,.T.);
#8652=ORIENTED_EDGE('',*,*,#6476,.F.);
#8653=ORIENTED_EDGE('',*,*,#6477,.F.);
#8654=ORIENTED_EDGE('',*,*,#6475,.T.);
#8655=ORIENTED_EDGE('',*,*,#5519,.T.);
#8656=ORIENTED_EDGE('',*,*,#6478,.F.);
#8657=ORIENTED_EDGE('',*,*,#6476,.T.);
#8658=ORIENTED_EDGE('',*,*,#5518,.T.);
#8659=ORIENTED_EDGE('',*,*,#6479,.F.);
#8660=ORIENTED_EDGE('',*,*,#6478,.T.);
#8661=ORIENTED_EDGE('',*,*,#6480,.F.);
#8662=ORIENTED_EDGE('',*,*,#6481,.F.);
#8663=ORIENTED_EDGE('',*,*,#6479,.T.);
#8664=ORIENTED_EDGE('',*,*,#5517,.T.);
#8665=ORIENTED_EDGE('',*,*,#5739,.F.);
#8666=ORIENTED_EDGE('',*,*,#6482,.F.);
#8667=ORIENTED_EDGE('',*,*,#6483,.T.);
#8668=ORIENTED_EDGE('',*,*,#5605,.T.);
#8669=ORIENTED_EDGE('',*,*,#5736,.F.);
#8670=ORIENTED_EDGE('',*,*,#5691,.T.);
#8671=ORIENTED_EDGE('',*,*,#6484,.T.);
#8672=ORIENTED_EDGE('',*,*,#6485,.T.);
#8673=ORIENTED_EDGE('',*,*,#5742,.F.);
#8674=ORIENTED_EDGE('',*,*,#6486,.F.);
#8675=ORIENTED_EDGE('',*,*,#6480,.T.);
#8676=ORIENTED_EDGE('',*,*,#6487,.F.);
#8677=ORIENTED_EDGE('',*,*,#6488,.T.);
#8678=ORIENTED_EDGE('',*,*,#6484,.F.);
#8679=ORIENTED_EDGE('',*,*,#5690,.F.);
#8680=ORIENTED_EDGE('',*,*,#5440,.T.);
#8681=ORIENTED_EDGE('',*,*,#6243,.F.);
#8682=ORIENTED_EDGE('',*,*,#6489,.F.);
#8683=ORIENTED_EDGE('',*,*,#5745,.T.);
#8684=ORIENTED_EDGE('',*,*,#5442,.F.);
#8685=ORIENTED_EDGE('',*,*,#5744,.F.);
#8686=ORIENTED_EDGE('',*,*,#6490,.T.);
#8687=ORIENTED_EDGE('',*,*,#6247,.T.);
#8688=ORIENTED_EDGE('',*,*,#6339,.T.);
#8689=ORIENTED_EDGE('',*,*,#6342,.T.);
#8690=ORIENTED_EDGE('',*,*,#6346,.T.);
#8691=ORIENTED_EDGE('',*,*,#6348,.T.);
#8692=ORIENTED_EDGE('',*,*,#6352,.T.);
#8693=ORIENTED_EDGE('',*,*,#6354,.T.);
#8694=ORIENTED_EDGE('',*,*,#6357,.T.);
#8695=ORIENTED_EDGE('',*,*,#6361,.T.);
#8696=ORIENTED_EDGE('',*,*,#6363,.T.);
#8697=ORIENTED_EDGE('',*,*,#6366,.T.);
#8698=ORIENTED_EDGE('',*,*,#6369,.T.);
#8699=ORIENTED_EDGE('',*,*,#6373,.T.);
#8700=ORIENTED_EDGE('',*,*,#6375,.T.);
#8701=ORIENTED_EDGE('',*,*,#6378,.T.);
#8702=ORIENTED_EDGE('',*,*,#6381,.T.);
#8703=ORIENTED_EDGE('',*,*,#6384,.T.);
#8704=ORIENTED_EDGE('',*,*,#6388,.T.);
#8705=ORIENTED_EDGE('',*,*,#6391,.T.);
#8706=ORIENTED_EDGE('',*,*,#6393,.T.);
#8707=ORIENTED_EDGE('',*,*,#6396,.T.);
#8708=ORIENTED_EDGE('',*,*,#6400,.T.);
#8709=ORIENTED_EDGE('',*,*,#6402,.T.);
#8710=ORIENTED_EDGE('',*,*,#6405,.T.);
#8711=ORIENTED_EDGE('',*,*,#6409,.T.);
#8712=ORIENTED_EDGE('',*,*,#6411,.T.);
#8713=ORIENTED_EDGE('',*,*,#6415,.T.);
#8714=ORIENTED_EDGE('',*,*,#6418,.T.);
#8715=ORIENTED_EDGE('',*,*,#6421,.T.);
#8716=ORIENTED_EDGE('',*,*,#6424,.T.);
#8717=ORIENTED_EDGE('',*,*,#6427,.T.);
#8718=ORIENTED_EDGE('',*,*,#6430,.T.);
#8719=ORIENTED_EDGE('',*,*,#6434,.T.);
#8720=ORIENTED_EDGE('',*,*,#6436,.T.);
#8721=ORIENTED_EDGE('',*,*,#6439,.T.);
#8722=ORIENTED_EDGE('',*,*,#6441,.T.);
#8723=ORIENTED_EDGE('',*,*,#6445,.T.);
#8724=ORIENTED_EDGE('',*,*,#6447,.T.);
#8725=ORIENTED_EDGE('',*,*,#6451,.T.);
#8726=ORIENTED_EDGE('',*,*,#6453,.T.);
#8727=ORIENTED_EDGE('',*,*,#6456,.T.);
#8728=ORIENTED_EDGE('',*,*,#6459,.T.);
#8729=ORIENTED_EDGE('',*,*,#6463,.T.);
#8730=ORIENTED_EDGE('',*,*,#6465,.T.);
#8731=ORIENTED_EDGE('',*,*,#6468,.T.);
#8732=ORIENTED_EDGE('',*,*,#6471,.T.);
#8733=ORIENTED_EDGE('',*,*,#6474,.T.);
#8734=ORIENTED_EDGE('',*,*,#6477,.T.);
#8735=ORIENTED_EDGE('',*,*,#6481,.T.);
#8736=ORIENTED_EDGE('',*,*,#6486,.T.);
#8737=ORIENTED_EDGE('',*,*,#5741,.F.);
#8738=ORIENTED_EDGE('',*,*,#6491,.T.);
#8739=ORIENTED_EDGE('',*,*,#6492,.T.);
#8740=ORIENTED_EDGE('',*,*,#6493,.T.);
#8741=ORIENTED_EDGE('',*,*,#6494,.T.);
#8742=ORIENTED_EDGE('',*,*,#6495,.T.);
#8743=ORIENTED_EDGE('',*,*,#6496,.T.);
#8744=ORIENTED_EDGE('',*,*,#6497,.T.);
#8745=ORIENTED_EDGE('',*,*,#6498,.T.);
#8746=ORIENTED_EDGE('',*,*,#6499,.T.);
#8747=ORIENTED_EDGE('',*,*,#6500,.T.);
#8748=ORIENTED_EDGE('',*,*,#6501,.T.);
#8749=ORIENTED_EDGE('',*,*,#6502,.T.);
#8750=ORIENTED_EDGE('',*,*,#6503,.T.);
#8751=ORIENTED_EDGE('',*,*,#6504,.T.);
#8752=ORIENTED_EDGE('',*,*,#6505,.T.);
#8753=ORIENTED_EDGE('',*,*,#6506,.T.);
#8754=ORIENTED_EDGE('',*,*,#6507,.T.);
#8755=ORIENTED_EDGE('',*,*,#6508,.T.);
#8756=ORIENTED_EDGE('',*,*,#6509,.T.);
#8757=ORIENTED_EDGE('',*,*,#6510,.T.);
#8758=ORIENTED_EDGE('',*,*,#6511,.T.);
#8759=ORIENTED_EDGE('',*,*,#6512,.T.);
#8760=ORIENTED_EDGE('',*,*,#6513,.T.);
#8761=ORIENTED_EDGE('',*,*,#6514,.T.);
#8762=ORIENTED_EDGE('',*,*,#6515,.T.);
#8763=ORIENTED_EDGE('',*,*,#6516,.T.);
#8764=ORIENTED_EDGE('',*,*,#6517,.T.);
#8765=ORIENTED_EDGE('',*,*,#6518,.T.);
#8766=ORIENTED_EDGE('',*,*,#6519,.T.);
#8767=ORIENTED_EDGE('',*,*,#6520,.T.);
#8768=ORIENTED_EDGE('',*,*,#6521,.T.);
#8769=ORIENTED_EDGE('',*,*,#6522,.T.);
#8770=ORIENTED_EDGE('',*,*,#5730,.T.);
#8771=ORIENTED_EDGE('',*,*,#5760,.F.);
#8772=ORIENTED_EDGE('',*,*,#5479,.T.);
#8773=ORIENTED_EDGE('',*,*,#5484,.T.);
#8774=ORIENTED_EDGE('',*,*,#5731,.F.);
#8775=ORIENTED_EDGE('',*,*,#6522,.F.);
#8776=ORIENTED_EDGE('',*,*,#6523,.T.);
#8777=ORIENTED_EDGE('',*,*,#6521,.F.);
#8778=ORIENTED_EDGE('',*,*,#6524,.T.);
#8779=ORIENTED_EDGE('',*,*,#6525,.F.);
#8780=ORIENTED_EDGE('',*,*,#6525,.T.);
#8781=ORIENTED_EDGE('',*,*,#5485,.T.);
#8782=ORIENTED_EDGE('',*,*,#6523,.F.);
#8783=ORIENTED_EDGE('',*,*,#6520,.F.);
#8784=ORIENTED_EDGE('',*,*,#6526,.T.);
#8785=ORIENTED_EDGE('',*,*,#6527,.F.);
#8786=ORIENTED_EDGE('',*,*,#6527,.T.);
#8787=ORIENTED_EDGE('',*,*,#5486,.T.);
#8788=ORIENTED_EDGE('',*,*,#6524,.F.);
#8789=ORIENTED_EDGE('',*,*,#6519,.F.);
#8790=ORIENTED_EDGE('',*,*,#6528,.T.);
#8791=ORIENTED_EDGE('',*,*,#6529,.F.);
#8792=ORIENTED_EDGE('',*,*,#6529,.T.);
#8793=ORIENTED_EDGE('',*,*,#5487,.T.);
#8794=ORIENTED_EDGE('',*,*,#6526,.F.);
#8795=ORIENTED_EDGE('',*,*,#6518,.F.);
#8796=ORIENTED_EDGE('',*,*,#6530,.T.);
#8797=ORIENTED_EDGE('',*,*,#6531,.F.);
#8798=ORIENTED_EDGE('',*,*,#6531,.T.);
#8799=ORIENTED_EDGE('',*,*,#5488,.T.);
#8800=ORIENTED_EDGE('',*,*,#6528,.F.);
#8801=ORIENTED_EDGE('',*,*,#6517,.F.);
#8802=ORIENTED_EDGE('',*,*,#6532,.T.);
#8803=ORIENTED_EDGE('',*,*,#6530,.F.);
#8804=ORIENTED_EDGE('',*,*,#6516,.F.);
#8805=ORIENTED_EDGE('',*,*,#6533,.T.);
#8806=ORIENTED_EDGE('',*,*,#6534,.F.);
#8807=ORIENTED_EDGE('',*,*,#6534,.T.);
#8808=ORIENTED_EDGE('',*,*,#5490,.T.);
#8809=ORIENTED_EDGE('',*,*,#6535,.F.);
#8810=ORIENTED_EDGE('',*,*,#6535,.T.);
#8811=ORIENTED_EDGE('',*,*,#5489,.T.);
#8812=ORIENTED_EDGE('',*,*,#6532,.F.);
#8813=ORIENTED_EDGE('',*,*,#6515,.F.);
#8814=ORIENTED_EDGE('',*,*,#6536,.T.);
#8815=ORIENTED_EDGE('',*,*,#6533,.F.);
#8816=ORIENTED_EDGE('',*,*,#6514,.F.);
#8817=ORIENTED_EDGE('',*,*,#6537,.T.);
#8818=ORIENTED_EDGE('',*,*,#6538,.F.);
#8819=ORIENTED_EDGE('',*,*,#6538,.T.);
#8820=ORIENTED_EDGE('',*,*,#5492,.T.);
#8821=ORIENTED_EDGE('',*,*,#6539,.F.);
#8822=ORIENTED_EDGE('',*,*,#6539,.T.);
#8823=ORIENTED_EDGE('',*,*,#5491,.T.);
#8824=ORIENTED_EDGE('',*,*,#6536,.F.);
#8825=ORIENTED_EDGE('',*,*,#6513,.F.);
#8826=ORIENTED_EDGE('',*,*,#6540,.T.);
#8827=ORIENTED_EDGE('',*,*,#6541,.F.);
#8828=ORIENTED_EDGE('',*,*,#6541,.T.);
#8829=ORIENTED_EDGE('',*,*,#5493,.T.);
#8830=ORIENTED_EDGE('',*,*,#6537,.F.);
#8831=ORIENTED_EDGE('',*,*,#6512,.F.);
#8832=ORIENTED_EDGE('',*,*,#6542,.T.);
#8833=ORIENTED_EDGE('',*,*,#6540,.F.);
#8834=ORIENTED_EDGE('',*,*,#6511,.F.);
#8835=ORIENTED_EDGE('',*,*,#6543,.T.);
#8836=ORIENTED_EDGE('',*,*,#6544,.F.);
#8837=ORIENTED_EDGE('',*,*,#6544,.T.);
#8838=ORIENTED_EDGE('',*,*,#5495,.T.);
#8839=ORIENTED_EDGE('',*,*,#6545,.F.);
#8840=ORIENTED_EDGE('',*,*,#6545,.T.);
#8841=ORIENTED_EDGE('',*,*,#5494,.T.);
#8842=ORIENTED_EDGE('',*,*,#6542,.F.);
#8843=ORIENTED_EDGE('',*,*,#6510,.F.);
#8844=ORIENTED_EDGE('',*,*,#6546,.T.);
#8845=ORIENTED_EDGE('',*,*,#6543,.F.);
#8846=ORIENTED_EDGE('',*,*,#6509,.F.);
#8847=ORIENTED_EDGE('',*,*,#6547,.T.);
#8848=ORIENTED_EDGE('',*,*,#6548,.F.);
#8849=ORIENTED_EDGE('',*,*,#6548,.T.);
#8850=ORIENTED_EDGE('',*,*,#5496,.T.);
#8851=ORIENTED_EDGE('',*,*,#6546,.F.);
#8852=ORIENTED_EDGE('',*,*,#6549,.T.);
#8853=ORIENTED_EDGE('',*,*,#5497,.T.);
#8854=ORIENTED_EDGE('',*,*,#6547,.F.);
#8855=ORIENTED_EDGE('',*,*,#6508,.F.);
#8856=ORIENTED_EDGE('',*,*,#6550,.T.);
#8857=ORIENTED_EDGE('',*,*,#6549,.F.);
#8858=ORIENTED_EDGE('',*,*,#6551,.T.);
#8859=ORIENTED_EDGE('',*,*,#5498,.T.);
#8860=ORIENTED_EDGE('',*,*,#6550,.F.);
#8861=ORIENTED_EDGE('',*,*,#6507,.F.);
#8862=ORIENTED_EDGE('',*,*,#6552,.T.);
#8863=ORIENTED_EDGE('',*,*,#6551,.F.);
#8864=ORIENTED_EDGE('',*,*,#6553,.T.);
#8865=ORIENTED_EDGE('',*,*,#5499,.T.);
#8866=ORIENTED_EDGE('',*,*,#6552,.F.);
#8867=ORIENTED_EDGE('',*,*,#6506,.F.);
#8868=ORIENTED_EDGE('',*,*,#6554,.T.);
#8869=ORIENTED_EDGE('',*,*,#6553,.F.);
#8870=ORIENTED_EDGE('',*,*,#6555,.T.);
#8871=ORIENTED_EDGE('',*,*,#5500,.T.);
#8872=ORIENTED_EDGE('',*,*,#6554,.F.);
#8873=ORIENTED_EDGE('',*,*,#6505,.F.);
#8874=ORIENTED_EDGE('',*,*,#6556,.T.);
#8875=ORIENTED_EDGE('',*,*,#6555,.F.);
#8876=ORIENTED_EDGE('',*,*,#6557,.T.);
#8877=ORIENTED_EDGE('',*,*,#5501,.T.);
#8878=ORIENTED_EDGE('',*,*,#6556,.F.);
#8879=ORIENTED_EDGE('',*,*,#6504,.F.);
#8880=ORIENTED_EDGE('',*,*,#6558,.T.);
#8881=ORIENTED_EDGE('',*,*,#6557,.F.);
#8882=ORIENTED_EDGE('',*,*,#6559,.T.);
#8883=ORIENTED_EDGE('',*,*,#5502,.T.);
#8884=ORIENTED_EDGE('',*,*,#6558,.F.);
#8885=ORIENTED_EDGE('',*,*,#6503,.F.);
#8886=ORIENTED_EDGE('',*,*,#6560,.T.);
#8887=ORIENTED_EDGE('',*,*,#6559,.F.);
#8888=ORIENTED_EDGE('',*,*,#6561,.T.);
#8889=ORIENTED_EDGE('',*,*,#5504,.T.);
#8890=ORIENTED_EDGE('',*,*,#6562,.F.);
#8891=ORIENTED_EDGE('',*,*,#6562,.T.);
#8892=ORIENTED_EDGE('',*,*,#5503,.T.);
#8893=ORIENTED_EDGE('',*,*,#6560,.F.);
#8894=ORIENTED_EDGE('',*,*,#6502,.F.);
#8895=ORIENTED_EDGE('',*,*,#6563,.T.);
#8896=ORIENTED_EDGE('',*,*,#6561,.F.);
#8897=ORIENTED_EDGE('',*,*,#6501,.F.);
#8898=ORIENTED_EDGE('',*,*,#6564,.T.);
#8899=ORIENTED_EDGE('',*,*,#6563,.F.);
#8900=ORIENTED_EDGE('',*,*,#6565,.T.);
#8901=ORIENTED_EDGE('',*,*,#5505,.T.);
#8902=ORIENTED_EDGE('',*,*,#6564,.F.);
#8903=ORIENTED_EDGE('',*,*,#6500,.F.);
#8904=ORIENTED_EDGE('',*,*,#6566,.T.);
#8905=ORIENTED_EDGE('',*,*,#6565,.F.);
#8906=ORIENTED_EDGE('',*,*,#6567,.T.);
#8907=ORIENTED_EDGE('',*,*,#5506,.T.);
#8908=ORIENTED_EDGE('',*,*,#6566,.F.);
#8909=ORIENTED_EDGE('',*,*,#6499,.F.);
#8910=ORIENTED_EDGE('',*,*,#6568,.T.);
#8911=ORIENTED_EDGE('',*,*,#6567,.F.);
#8912=ORIENTED_EDGE('',*,*,#6498,.F.);
#8913=ORIENTED_EDGE('',*,*,#6569,.T.);
#8914=ORIENTED_EDGE('',*,*,#6570,.F.);
#8915=ORIENTED_EDGE('',*,*,#6570,.T.);
#8916=ORIENTED_EDGE('',*,*,#5507,.T.);
#8917=ORIENTED_EDGE('',*,*,#6568,.F.);
#8918=ORIENTED_EDGE('',*,*,#6497,.F.);
#8919=ORIENTED_EDGE('',*,*,#6571,.T.);
#8920=ORIENTED_EDGE('',*,*,#6572,.F.);
#8921=ORIENTED_EDGE('',*,*,#6572,.T.);
#8922=ORIENTED_EDGE('',*,*,#5508,.T.);
#8923=ORIENTED_EDGE('',*,*,#6569,.F.);
#8924=ORIENTED_EDGE('',*,*,#6496,.F.);
#8925=ORIENTED_EDGE('',*,*,#6573,.T.);
#8926=ORIENTED_EDGE('',*,*,#6574,.F.);
#8927=ORIENTED_EDGE('',*,*,#6574,.T.);
#8928=ORIENTED_EDGE('',*,*,#5509,.T.);
#8929=ORIENTED_EDGE('',*,*,#6571,.F.);
#8930=ORIENTED_EDGE('',*,*,#6495,.F.);
#8931=ORIENTED_EDGE('',*,*,#6575,.T.);
#8932=ORIENTED_EDGE('',*,*,#6576,.F.);
#8933=ORIENTED_EDGE('',*,*,#6576,.T.);
#8934=ORIENTED_EDGE('',*,*,#5510,.T.);
#8935=ORIENTED_EDGE('',*,*,#6573,.F.);
#8936=ORIENTED_EDGE('',*,*,#6494,.F.);
#8937=ORIENTED_EDGE('',*,*,#6577,.T.);
#8938=ORIENTED_EDGE('',*,*,#6578,.F.);
#8939=ORIENTED_EDGE('',*,*,#6578,.T.);
#8940=ORIENTED_EDGE('',*,*,#5511,.T.);
#8941=ORIENTED_EDGE('',*,*,#6575,.F.);
#8942=ORIENTED_EDGE('',*,*,#6493,.F.);
#8943=ORIENTED_EDGE('',*,*,#6579,.T.);
#8944=ORIENTED_EDGE('',*,*,#6580,.F.);
#8945=ORIENTED_EDGE('',*,*,#6580,.T.);
#8946=ORIENTED_EDGE('',*,*,#5512,.T.);
#8947=ORIENTED_EDGE('',*,*,#6577,.F.);
#8948=ORIENTED_EDGE('',*,*,#6492,.F.);
#8949=ORIENTED_EDGE('',*,*,#6581,.T.);
#8950=ORIENTED_EDGE('',*,*,#6582,.F.);
#8951=ORIENTED_EDGE('',*,*,#6582,.T.);
#8952=ORIENTED_EDGE('',*,*,#5513,.T.);
#8953=ORIENTED_EDGE('',*,*,#6579,.F.);
#8954=ORIENTED_EDGE('',*,*,#6583,.T.);
#8955=ORIENTED_EDGE('',*,*,#5514,.T.);
#8956=ORIENTED_EDGE('',*,*,#6581,.F.);
#8957=ORIENTED_EDGE('',*,*,#5740,.F.);
#8958=ORIENTED_EDGE('',*,*,#5515,.T.);
#8959=ORIENTED_EDGE('',*,*,#6583,.F.);
#8960=ORIENTED_EDGE('',*,*,#6491,.F.);
#8961=ORIENTED_EDGE('',*,*,#5797,.T.);
#8962=ORIENTED_EDGE('',*,*,#5792,.T.);
#8963=ORIENTED_EDGE('',*,*,#5790,.T.);
#8964=ORIENTED_EDGE('',*,*,#5787,.T.);
#8965=ORIENTED_EDGE('',*,*,#5784,.T.);
#8966=ORIENTED_EDGE('',*,*,#5781,.T.);
#8967=ORIENTED_EDGE('',*,*,#5777,.T.);
#8968=ORIENTED_EDGE('',*,*,#5775,.T.);
#8969=ORIENTED_EDGE('',*,*,#5772,.T.);
#8970=ORIENTED_EDGE('',*,*,#5769,.T.);
#8971=ORIENTED_EDGE('',*,*,#5766,.T.);
#8972=ORIENTED_EDGE('',*,*,#5763,.T.);
#8973=ORIENTED_EDGE('',*,*,#5761,.T.);
#8974=ORIENTED_EDGE('',*,*,#5751,.T.);
#8975=ORIENTED_EDGE('',*,*,#5734,.F.);
#8976=ORIENTED_EDGE('',*,*,#6584,.T.);
#8977=ORIENTED_EDGE('',*,*,#5946,.T.);
#8978=ORIENTED_EDGE('',*,*,#5943,.T.);
#8979=ORIENTED_EDGE('',*,*,#5940,.T.);
#8980=ORIENTED_EDGE('',*,*,#5937,.T.);
#8981=ORIENTED_EDGE('',*,*,#5934,.T.);
#8982=ORIENTED_EDGE('',*,*,#5930,.T.);
#8983=ORIENTED_EDGE('',*,*,#5928,.T.);
#8984=ORIENTED_EDGE('',*,*,#5926,.T.);
#8985=ORIENTED_EDGE('',*,*,#5923,.T.);
#8986=ORIENTED_EDGE('',*,*,#5920,.T.);
#8987=ORIENTED_EDGE('',*,*,#5916,.T.);
#8988=ORIENTED_EDGE('',*,*,#5914,.T.);
#8989=ORIENTED_EDGE('',*,*,#5911,.T.);
#8990=ORIENTED_EDGE('',*,*,#5907,.T.);
#8991=ORIENTED_EDGE('',*,*,#5905,.T.);
#8992=ORIENTED_EDGE('',*,*,#5901,.T.);
#8993=ORIENTED_EDGE('',*,*,#5898,.T.);
#8994=ORIENTED_EDGE('',*,*,#5896,.T.);
#8995=ORIENTED_EDGE('',*,*,#5892,.T.);
#8996=ORIENTED_EDGE('',*,*,#5890,.T.);
#8997=ORIENTED_EDGE('',*,*,#5885,.T.);
#8998=ORIENTED_EDGE('',*,*,#5883,.T.);
#8999=ORIENTED_EDGE('',*,*,#5880,.T.);
#9000=ORIENTED_EDGE('',*,*,#5876,.T.);
#9001=ORIENTED_EDGE('',*,*,#5873,.T.);
#9002=ORIENTED_EDGE('',*,*,#5871,.T.);
#9003=ORIENTED_EDGE('',*,*,#5868,.T.);
#9004=ORIENTED_EDGE('',*,*,#5865,.T.);
#9005=ORIENTED_EDGE('',*,*,#5862,.T.);
#9006=ORIENTED_EDGE('',*,*,#5859,.T.);
#9007=ORIENTED_EDGE('',*,*,#5856,.T.);
#9008=ORIENTED_EDGE('',*,*,#5854,.T.);
#9009=ORIENTED_EDGE('',*,*,#5727,.T.);
#9010=ORIENTED_EDGE('',*,*,#5853,.T.);
#9011=ORIENTED_EDGE('',*,*,#5850,.T.);
#9012=ORIENTED_EDGE('',*,*,#5847,.T.);
#9013=ORIENTED_EDGE('',*,*,#5844,.T.);
#9014=ORIENTED_EDGE('',*,*,#5841,.T.);
#9015=ORIENTED_EDGE('',*,*,#5838,.T.);
#9016=ORIENTED_EDGE('',*,*,#5835,.T.);
#9017=ORIENTED_EDGE('',*,*,#5831,.T.);
#9018=ORIENTED_EDGE('',*,*,#5829,.T.);
#9019=ORIENTED_EDGE('',*,*,#5827,.T.);
#9020=ORIENTED_EDGE('',*,*,#5824,.T.);
#9021=ORIENTED_EDGE('',*,*,#5821,.T.);
#9022=ORIENTED_EDGE('',*,*,#5817,.T.);
#9023=ORIENTED_EDGE('',*,*,#5815,.T.);
#9024=ORIENTED_EDGE('',*,*,#5812,.T.);
#9025=ORIENTED_EDGE('',*,*,#5809,.T.);
#9026=ORIENTED_EDGE('',*,*,#5806,.T.);
#9027=ORIENTED_EDGE('',*,*,#5802,.T.);
#9028=ORIENTED_EDGE('',*,*,#5800,.T.);
#9029=ORIENTED_EDGE('',*,*,#6584,.F.);
#9030=ORIENTED_EDGE('',*,*,#5733,.T.);
#9031=ORIENTED_EDGE('',*,*,#5687,.T.);
#9032=ORIENTED_EDGE('',*,*,#5947,.F.);
#9033=ORIENTED_EDGE('',*,*,#5750,.T.);
#9034=ORIENTED_EDGE('',*,*,#6585,.F.);
#9035=ORIENTED_EDGE('',*,*,#6586,.F.);
#9036=ORIENTED_EDGE('',*,*,#6587,.F.);
#9037=ORIENTED_EDGE('',*,*,#6588,.F.);
#9038=ORIENTED_EDGE('',*,*,#6589,.F.);
#9039=ORIENTED_EDGE('',*,*,#6590,.F.);
#9040=ORIENTED_EDGE('',*,*,#6591,.F.);
#9041=ORIENTED_EDGE('',*,*,#6592,.F.);
#9042=ORIENTED_EDGE('',*,*,#6593,.F.);
#9043=ORIENTED_EDGE('',*,*,#6594,.F.);
#9044=ORIENTED_EDGE('',*,*,#6595,.F.);
#9045=ORIENTED_EDGE('',*,*,#6596,.F.);
#9046=ORIENTED_EDGE('',*,*,#6597,.F.);
#9047=ORIENTED_EDGE('',*,*,#6598,.F.);
#9048=ORIENTED_EDGE('',*,*,#6599,.F.);
#9049=ORIENTED_EDGE('',*,*,#6600,.F.);
#9050=ORIENTED_EDGE('',*,*,#6601,.F.);
#9051=ORIENTED_EDGE('',*,*,#6602,.F.);
#9052=ORIENTED_EDGE('',*,*,#6603,.F.);
#9053=ORIENTED_EDGE('',*,*,#6604,.F.);
#9054=ORIENTED_EDGE('',*,*,#6605,.F.);
#9055=ORIENTED_EDGE('',*,*,#6606,.F.);
#9056=ORIENTED_EDGE('',*,*,#6607,.F.);
#9057=ORIENTED_EDGE('',*,*,#6608,.F.);
#9058=ORIENTED_EDGE('',*,*,#6609,.F.);
#9059=ORIENTED_EDGE('',*,*,#6610,.F.);
#9060=ORIENTED_EDGE('',*,*,#6611,.F.);
#9061=ORIENTED_EDGE('',*,*,#6612,.F.);
#9062=ORIENTED_EDGE('',*,*,#6613,.F.);
#9063=ORIENTED_EDGE('',*,*,#6614,.F.);
#9064=ORIENTED_EDGE('',*,*,#6615,.F.);
#9065=ORIENTED_EDGE('',*,*,#6616,.F.);
#9066=ORIENTED_EDGE('',*,*,#5754,.T.);
#9067=ORIENTED_EDGE('',*,*,#5953,.T.);
#9068=ORIENTED_EDGE('',*,*,#5949,.F.);
#9069=ORIENTED_EDGE('',*,*,#6149,.F.);
#9070=ORIENTED_EDGE('',*,*,#6145,.F.);
#9071=ORIENTED_EDGE('',*,*,#6141,.F.);
#9072=ORIENTED_EDGE('',*,*,#6137,.F.);
#9073=ORIENTED_EDGE('',*,*,#6131,.F.);
#9074=ORIENTED_EDGE('',*,*,#6129,.F.);
#9075=ORIENTED_EDGE('',*,*,#6123,.F.);
#9076=ORIENTED_EDGE('',*,*,#6121,.F.);
#9077=ORIENTED_EDGE('',*,*,#6117,.F.);
#9078=ORIENTED_EDGE('',*,*,#6113,.F.);
#9079=ORIENTED_EDGE('',*,*,#6107,.F.);
#9080=ORIENTED_EDGE('',*,*,#6105,.F.);
#9081=ORIENTED_EDGE('',*,*,#6099,.F.);
#9082=ORIENTED_EDGE('',*,*,#6095,.F.);
#9083=ORIENTED_EDGE('',*,*,#6093,.F.);
#9084=ORIENTED_EDGE('',*,*,#6087,.F.);
#9085=ORIENTED_EDGE('',*,*,#6083,.F.);
#9086=ORIENTED_EDGE('',*,*,#6079,.F.);
#9087=ORIENTED_EDGE('',*,*,#6073,.F.);
#9088=ORIENTED_EDGE('',*,*,#6071,.F.);
#9089=ORIENTED_EDGE('',*,*,#6067,.F.);
#9090=ORIENTED_EDGE('',*,*,#6061,.F.);
#9091=ORIENTED_EDGE('',*,*,#6059,.F.);
#9092=ORIENTED_EDGE('',*,*,#6057,.F.);
#9093=ORIENTED_EDGE('',*,*,#6051,.F.);
#9094=ORIENTED_EDGE('',*,*,#6049,.F.);
#9095=ORIENTED_EDGE('',*,*,#6043,.F.);
#9096=ORIENTED_EDGE('',*,*,#6041,.F.);
#9097=ORIENTED_EDGE('',*,*,#6037,.F.);
#9098=ORIENTED_EDGE('',*,*,#6033,.F.);
#9099=ORIENTED_EDGE('',*,*,#6029,.F.);
#9100=ORIENTED_EDGE('',*,*,#6025,.F.);
#9101=ORIENTED_EDGE('',*,*,#6021,.F.);
#9102=ORIENTED_EDGE('',*,*,#6017,.F.);
#9103=ORIENTED_EDGE('',*,*,#6013,.F.);
#9104=ORIENTED_EDGE('',*,*,#6009,.F.);
#9105=ORIENTED_EDGE('',*,*,#6005,.F.);
#9106=ORIENTED_EDGE('',*,*,#6001,.F.);
#9107=ORIENTED_EDGE('',*,*,#5995,.F.);
#9108=ORIENTED_EDGE('',*,*,#5993,.F.);
#9109=ORIENTED_EDGE('',*,*,#5987,.F.);
#9110=ORIENTED_EDGE('',*,*,#5985,.F.);
#9111=ORIENTED_EDGE('',*,*,#5979,.F.);
#9112=ORIENTED_EDGE('',*,*,#5977,.F.);
#9113=ORIENTED_EDGE('',*,*,#5973,.F.);
#9114=ORIENTED_EDGE('',*,*,#5967,.F.);
#9115=ORIENTED_EDGE('',*,*,#5963,.F.);
#9116=ORIENTED_EDGE('',*,*,#5959,.F.);
#9117=ORIENTED_EDGE('',*,*,#5957,.F.);
#9118=ORIENTED_EDGE('',*,*,#6617,.T.);
#9119=ORIENTED_EDGE('',*,*,#6618,.F.);
#9120=ORIENTED_EDGE('',*,*,#6619,.T.);
#9121=ORIENTED_EDGE('',*,*,#6620,.F.);
#9122=ORIENTED_EDGE('',*,*,#6620,.T.);
#9123=ORIENTED_EDGE('',*,*,#6585,.T.);
#9124=ORIENTED_EDGE('',*,*,#5749,.F.);
#9125=ORIENTED_EDGE('',*,*,#6621,.F.);
#9126=ORIENTED_EDGE('',*,*,#6622,.T.);
#9127=ORIENTED_EDGE('',*,*,#6623,.F.);
#9128=ORIENTED_EDGE('',*,*,#6623,.T.);
#9129=ORIENTED_EDGE('',*,*,#6586,.T.);
#9130=ORIENTED_EDGE('',*,*,#6619,.F.);
#9131=ORIENTED_EDGE('',*,*,#6624,.F.);
#9132=ORIENTED_EDGE('',*,*,#6625,.T.);
#9133=ORIENTED_EDGE('',*,*,#6626,.F.);
#9134=ORIENTED_EDGE('',*,*,#6626,.T.);
#9135=ORIENTED_EDGE('',*,*,#6587,.T.);
#9136=ORIENTED_EDGE('',*,*,#6622,.F.);
#9137=ORIENTED_EDGE('',*,*,#6627,.F.);
#9138=ORIENTED_EDGE('',*,*,#6628,.T.);
#9139=ORIENTED_EDGE('',*,*,#6629,.F.);
#9140=ORIENTED_EDGE('',*,*,#6629,.T.);
#9141=ORIENTED_EDGE('',*,*,#6588,.T.);
#9142=ORIENTED_EDGE('',*,*,#6625,.F.);
#9143=ORIENTED_EDGE('',*,*,#6630,.F.);
#9144=ORIENTED_EDGE('',*,*,#6631,.T.);
#9145=ORIENTED_EDGE('',*,*,#6632,.F.);
#9146=ORIENTED_EDGE('',*,*,#6632,.T.);
#9147=ORIENTED_EDGE('',*,*,#6589,.T.);
#9148=ORIENTED_EDGE('',*,*,#6628,.F.);
#9149=ORIENTED_EDGE('',*,*,#6633,.F.);
#9150=ORIENTED_EDGE('',*,*,#6634,.T.);
#9151=ORIENTED_EDGE('',*,*,#6635,.F.);
#9152=ORIENTED_EDGE('',*,*,#6635,.T.);
#9153=ORIENTED_EDGE('',*,*,#6590,.T.);
#9154=ORIENTED_EDGE('',*,*,#6631,.F.);
#9155=ORIENTED_EDGE('',*,*,#6636,.F.);
#9156=ORIENTED_EDGE('',*,*,#6637,.T.);
#9157=ORIENTED_EDGE('',*,*,#6638,.F.);
#9158=ORIENTED_EDGE('',*,*,#6638,.T.);
#9159=ORIENTED_EDGE('',*,*,#6591,.T.);
#9160=ORIENTED_EDGE('',*,*,#6634,.F.);
#9161=ORIENTED_EDGE('',*,*,#6639,.F.);
#9162=ORIENTED_EDGE('',*,*,#6640,.T.);
#9163=ORIENTED_EDGE('',*,*,#6641,.F.);
#9164=ORIENTED_EDGE('',*,*,#6641,.T.);
#9165=ORIENTED_EDGE('',*,*,#6592,.T.);
#9166=ORIENTED_EDGE('',*,*,#6637,.F.);
#9167=ORIENTED_EDGE('',*,*,#6642,.F.);
#9168=ORIENTED_EDGE('',*,*,#6643,.T.);
#9169=ORIENTED_EDGE('',*,*,#6644,.F.);
#9170=ORIENTED_EDGE('',*,*,#6644,.T.);
#9171=ORIENTED_EDGE('',*,*,#6593,.T.);
#9172=ORIENTED_EDGE('',*,*,#6640,.F.);
#9173=ORIENTED_EDGE('',*,*,#6645,.F.);
#9174=ORIENTED_EDGE('',*,*,#6646,.T.);
#9175=ORIENTED_EDGE('',*,*,#6647,.F.);
#9176=ORIENTED_EDGE('',*,*,#6647,.T.);
#9177=ORIENTED_EDGE('',*,*,#6594,.T.);
#9178=ORIENTED_EDGE('',*,*,#6643,.F.);
#9179=ORIENTED_EDGE('',*,*,#6648,.T.);
#9180=ORIENTED_EDGE('',*,*,#6595,.T.);
#9181=ORIENTED_EDGE('',*,*,#6646,.F.);
#9182=ORIENTED_EDGE('',*,*,#6649,.F.);
#9183=ORIENTED_EDGE('',*,*,#6650,.T.);
#9184=ORIENTED_EDGE('',*,*,#6648,.F.);
#9185=ORIENTED_EDGE('',*,*,#6651,.F.);
#9186=ORIENTED_EDGE('',*,*,#6652,.T.);
#9187=ORIENTED_EDGE('',*,*,#6653,.F.);
#9188=ORIENTED_EDGE('',*,*,#6653,.T.);
#9189=ORIENTED_EDGE('',*,*,#6596,.T.);
#9190=ORIENTED_EDGE('',*,*,#6650,.F.);
#9191=ORIENTED_EDGE('',*,*,#6654,.F.);
#9192=ORIENTED_EDGE('',*,*,#6655,.T.);
#9193=ORIENTED_EDGE('',*,*,#6652,.F.);
#9194=ORIENTED_EDGE('',*,*,#6656,.F.);
#9195=ORIENTED_EDGE('',*,*,#6657,.T.);
#9196=ORIENTED_EDGE('',*,*,#6658,.F.);
#9197=ORIENTED_EDGE('',*,*,#6658,.T.);
#9198=ORIENTED_EDGE('',*,*,#6598,.T.);
#9199=ORIENTED_EDGE('',*,*,#6659,.F.);
#9200=ORIENTED_EDGE('',*,*,#6659,.T.);
#9201=ORIENTED_EDGE('',*,*,#6597,.T.);
#9202=ORIENTED_EDGE('',*,*,#6655,.F.);
#9203=ORIENTED_EDGE('',*,*,#6660,.T.);
#9204=ORIENTED_EDGE('',*,*,#6599,.T.);
#9205=ORIENTED_EDGE('',*,*,#6657,.F.);
#9206=ORIENTED_EDGE('',*,*,#6661,.F.);
#9207=ORIENTED_EDGE('',*,*,#6662,.T.);
#9208=ORIENTED_EDGE('',*,*,#6660,.F.);
#9209=ORIENTED_EDGE('',*,*,#6663,.T.);
#9210=ORIENTED_EDGE('',*,*,#6600,.T.);
#9211=ORIENTED_EDGE('',*,*,#6662,.F.);
#9212=ORIENTED_EDGE('',*,*,#6664,.F.);
#9213=ORIENTED_EDGE('',*,*,#6665,.T.);
#9214=ORIENTED_EDGE('',*,*,#6663,.F.);
#9215=ORIENTED_EDGE('',*,*,#6666,.T.);
#9216=ORIENTED_EDGE('',*,*,#6601,.T.);
#9217=ORIENTED_EDGE('',*,*,#6665,.F.);
#9218=ORIENTED_EDGE('',*,*,#6667,.F.);
#9219=ORIENTED_EDGE('',*,*,#6668,.T.);
#9220=ORIENTED_EDGE('',*,*,#6666,.F.);
#9221=ORIENTED_EDGE('',*,*,#6669,.T.);
#9222=ORIENTED_EDGE('',*,*,#6602,.T.);
#9223=ORIENTED_EDGE('',*,*,#6668,.F.);
#9224=ORIENTED_EDGE('',*,*,#6670,.F.);
#9225=ORIENTED_EDGE('',*,*,#6671,.T.);
#9226=ORIENTED_EDGE('',*,*,#6669,.F.);
#9227=ORIENTED_EDGE('',*,*,#6672,.T.);
#9228=ORIENTED_EDGE('',*,*,#6603,.T.);
#9229=ORIENTED_EDGE('',*,*,#6671,.F.);
#9230=ORIENTED_EDGE('',*,*,#6673,.F.);
#9231=ORIENTED_EDGE('',*,*,#6674,.T.);
#9232=ORIENTED_EDGE('',*,*,#6672,.F.);
#9233=ORIENTED_EDGE('',*,*,#6675,.T.);
#9234=ORIENTED_EDGE('',*,*,#6604,.T.);
#9235=ORIENTED_EDGE('',*,*,#6674,.F.);
#9236=ORIENTED_EDGE('',*,*,#6676,.F.);
#9237=ORIENTED_EDGE('',*,*,#6677,.T.);
#9238=ORIENTED_EDGE('',*,*,#6675,.F.);
#9239=ORIENTED_EDGE('',*,*,#6678,.T.);
#9240=ORIENTED_EDGE('',*,*,#6605,.T.);
#9241=ORIENTED_EDGE('',*,*,#6677,.F.);
#9242=ORIENTED_EDGE('',*,*,#6679,.F.);
#9243=ORIENTED_EDGE('',*,*,#6680,.T.);
#9244=ORIENTED_EDGE('',*,*,#6678,.F.);
#9245=ORIENTED_EDGE('',*,*,#6681,.T.);
#9246=ORIENTED_EDGE('',*,*,#6606,.T.);
#9247=ORIENTED_EDGE('',*,*,#6680,.F.);
#9248=ORIENTED_EDGE('',*,*,#6682,.F.);
#9249=ORIENTED_EDGE('',*,*,#6683,.T.);
#9250=ORIENTED_EDGE('',*,*,#6681,.F.);
#9251=ORIENTED_EDGE('',*,*,#6684,.T.);
#9252=ORIENTED_EDGE('',*,*,#6607,.T.);
#9253=ORIENTED_EDGE('',*,*,#6683,.F.);
#9254=ORIENTED_EDGE('',*,*,#6685,.F.);
#9255=ORIENTED_EDGE('',*,*,#6686,.T.);
#9256=ORIENTED_EDGE('',*,*,#6684,.F.);
#9257=ORIENTED_EDGE('',*,*,#6687,.T.);
#9258=ORIENTED_EDGE('',*,*,#6608,.T.);
#9259=ORIENTED_EDGE('',*,*,#6686,.F.);
#9260=ORIENTED_EDGE('',*,*,#6688,.F.);
#9261=ORIENTED_EDGE('',*,*,#6689,.T.);
#9262=ORIENTED_EDGE('',*,*,#6687,.F.);
#9263=ORIENTED_EDGE('',*,*,#6690,.T.);
#9264=ORIENTED_EDGE('',*,*,#6609,.T.);
#9265=ORIENTED_EDGE('',*,*,#6689,.F.);
#9266=ORIENTED_EDGE('',*,*,#6691,.F.);
#9267=ORIENTED_EDGE('',*,*,#6692,.T.);
#9268=ORIENTED_EDGE('',*,*,#6690,.F.);
#9269=ORIENTED_EDGE('',*,*,#6693,.F.);
#9270=ORIENTED_EDGE('',*,*,#6694,.T.);
#9271=ORIENTED_EDGE('',*,*,#6695,.F.);
#9272=ORIENTED_EDGE('',*,*,#6695,.T.);
#9273=ORIENTED_EDGE('',*,*,#6610,.T.);
#9274=ORIENTED_EDGE('',*,*,#6692,.F.);
#9275=ORIENTED_EDGE('',*,*,#6696,.F.);
#9276=ORIENTED_EDGE('',*,*,#6697,.T.);
#9277=ORIENTED_EDGE('',*,*,#6698,.F.);
#9278=ORIENTED_EDGE('',*,*,#6698,.T.);
#9279=ORIENTED_EDGE('',*,*,#6611,.T.);
#9280=ORIENTED_EDGE('',*,*,#6694,.F.);
#9281=ORIENTED_EDGE('',*,*,#6699,.F.);
#9282=ORIENTED_EDGE('',*,*,#6700,.T.);
#9283=ORIENTED_EDGE('',*,*,#6701,.F.);
#9284=ORIENTED_EDGE('',*,*,#6701,.T.);
#9285=ORIENTED_EDGE('',*,*,#6612,.T.);
#9286=ORIENTED_EDGE('',*,*,#6697,.F.);
#9287=ORIENTED_EDGE('',*,*,#6702,.F.);
#9288=ORIENTED_EDGE('',*,*,#6703,.T.);
#9289=ORIENTED_EDGE('',*,*,#6704,.F.);
#9290=ORIENTED_EDGE('',*,*,#6704,.T.);
#9291=ORIENTED_EDGE('',*,*,#6613,.T.);
#9292=ORIENTED_EDGE('',*,*,#6700,.F.);
#9293=ORIENTED_EDGE('',*,*,#6705,.F.);
#9294=ORIENTED_EDGE('',*,*,#6706,.T.);
#9295=ORIENTED_EDGE('',*,*,#6707,.F.);
#9296=ORIENTED_EDGE('',*,*,#6707,.T.);
#9297=ORIENTED_EDGE('',*,*,#6614,.T.);
#9298=ORIENTED_EDGE('',*,*,#6703,.F.);
#9299=ORIENTED_EDGE('',*,*,#6708,.F.);
#9300=ORIENTED_EDGE('',*,*,#6709,.T.);
#9301=ORIENTED_EDGE('',*,*,#6710,.F.);
#9302=ORIENTED_EDGE('',*,*,#6710,.T.);
#9303=ORIENTED_EDGE('',*,*,#6615,.T.);
#9304=ORIENTED_EDGE('',*,*,#6706,.F.);
#9305=ORIENTED_EDGE('',*,*,#6711,.T.);
#9306=ORIENTED_EDGE('',*,*,#6616,.T.);
#9307=ORIENTED_EDGE('',*,*,#6709,.F.);
#9308=ORIENTED_EDGE('',*,*,#6712,.F.);
#9309=ORIENTED_EDGE('',*,*,#5755,.T.);
#9310=ORIENTED_EDGE('',*,*,#6711,.F.);
#9311=ORIENTED_EDGE('',*,*,#6144,.T.);
#9312=ORIENTED_EDGE('',*,*,#6148,.T.);
#9313=ORIENTED_EDGE('',*,*,#5951,.T.);
#9314=ORIENTED_EDGE('',*,*,#5954,.F.);
#9315=ORIENTED_EDGE('',*,*,#5756,.F.);
#9316=ORIENTED_EDGE('',*,*,#6712,.T.);
#9317=ORIENTED_EDGE('',*,*,#6708,.T.);
#9318=ORIENTED_EDGE('',*,*,#6705,.T.);
#9319=ORIENTED_EDGE('',*,*,#6702,.T.);
#9320=ORIENTED_EDGE('',*,*,#6699,.T.);
#9321=ORIENTED_EDGE('',*,*,#6696,.T.);
#9322=ORIENTED_EDGE('',*,*,#6693,.T.);
#9323=ORIENTED_EDGE('',*,*,#6691,.T.);
#9324=ORIENTED_EDGE('',*,*,#6688,.T.);
#9325=ORIENTED_EDGE('',*,*,#6685,.T.);
#9326=ORIENTED_EDGE('',*,*,#6682,.T.);
#9327=ORIENTED_EDGE('',*,*,#6679,.T.);
#9328=ORIENTED_EDGE('',*,*,#6676,.T.);
#9329=ORIENTED_EDGE('',*,*,#6673,.T.);
#9330=ORIENTED_EDGE('',*,*,#6670,.T.);
#9331=ORIENTED_EDGE('',*,*,#6667,.T.);
#9332=ORIENTED_EDGE('',*,*,#6664,.T.);
#9333=ORIENTED_EDGE('',*,*,#6661,.T.);
#9334=ORIENTED_EDGE('',*,*,#6656,.T.);
#9335=ORIENTED_EDGE('',*,*,#6654,.T.);
#9336=ORIENTED_EDGE('',*,*,#6651,.T.);
#9337=ORIENTED_EDGE('',*,*,#6649,.T.);
#9338=ORIENTED_EDGE('',*,*,#6645,.T.);
#9339=ORIENTED_EDGE('',*,*,#6642,.T.);
#9340=ORIENTED_EDGE('',*,*,#6639,.T.);
#9341=ORIENTED_EDGE('',*,*,#6636,.T.);
#9342=ORIENTED_EDGE('',*,*,#6633,.T.);
#9343=ORIENTED_EDGE('',*,*,#6630,.T.);
#9344=ORIENTED_EDGE('',*,*,#6627,.T.);
#9345=ORIENTED_EDGE('',*,*,#6624,.T.);
#9346=ORIENTED_EDGE('',*,*,#6621,.T.);
#9347=ORIENTED_EDGE('',*,*,#6618,.T.);
#9348=ORIENTED_EDGE('',*,*,#5748,.F.);
#9349=ORIENTED_EDGE('',*,*,#6713,.T.);
#9350=ORIENTED_EDGE('',*,*,#5955,.T.);
#9351=ORIENTED_EDGE('',*,*,#5962,.T.);
#9352=ORIENTED_EDGE('',*,*,#5966,.T.);
#9353=ORIENTED_EDGE('',*,*,#5970,.T.);
#9354=ORIENTED_EDGE('',*,*,#5972,.T.);
#9355=ORIENTED_EDGE('',*,*,#5976,.T.);
#9356=ORIENTED_EDGE('',*,*,#5982,.T.);
#9357=ORIENTED_EDGE('',*,*,#5984,.T.);
#9358=ORIENTED_EDGE('',*,*,#5990,.T.);
#9359=ORIENTED_EDGE('',*,*,#5992,.T.);
#9360=ORIENTED_EDGE('',*,*,#5998,.T.);
#9361=ORIENTED_EDGE('',*,*,#6000,.T.);
#9362=ORIENTED_EDGE('',*,*,#6004,.T.);
#9363=ORIENTED_EDGE('',*,*,#6008,.T.);
#9364=ORIENTED_EDGE('',*,*,#6012,.T.);
#9365=ORIENTED_EDGE('',*,*,#6016,.T.);
#9366=ORIENTED_EDGE('',*,*,#6020,.T.);
#9367=ORIENTED_EDGE('',*,*,#6024,.T.);
#9368=ORIENTED_EDGE('',*,*,#6028,.T.);
#9369=ORIENTED_EDGE('',*,*,#6032,.T.);
#9370=ORIENTED_EDGE('',*,*,#6036,.T.);
#9371=ORIENTED_EDGE('',*,*,#6040,.T.);
#9372=ORIENTED_EDGE('',*,*,#6046,.T.);
#9373=ORIENTED_EDGE('',*,*,#6048,.T.);
#9374=ORIENTED_EDGE('',*,*,#6054,.T.);
#9375=ORIENTED_EDGE('',*,*,#6056,.T.);
#9376=ORIENTED_EDGE('',*,*,#6065,.T.);
#9377=ORIENTED_EDGE('',*,*,#6066,.T.);
#9378=ORIENTED_EDGE('',*,*,#6070,.T.);
#9379=ORIENTED_EDGE('',*,*,#6077,.T.);
#9380=ORIENTED_EDGE('',*,*,#6078,.T.);
#9381=ORIENTED_EDGE('',*,*,#6082,.T.);
#9382=ORIENTED_EDGE('',*,*,#6086,.T.);
#9383=ORIENTED_EDGE('',*,*,#6090,.T.);
#9384=ORIENTED_EDGE('',*,*,#6092,.T.);
#9385=ORIENTED_EDGE('',*,*,#6098,.T.);
#9386=ORIENTED_EDGE('',*,*,#6102,.T.);
#9387=ORIENTED_EDGE('',*,*,#6104,.T.);
#9388=ORIENTED_EDGE('',*,*,#6110,.T.);
#9389=ORIENTED_EDGE('',*,*,#6112,.T.);
#9390=ORIENTED_EDGE('',*,*,#6116,.T.);
#9391=ORIENTED_EDGE('',*,*,#6120,.T.);
#9392=ORIENTED_EDGE('',*,*,#6126,.T.);
#9393=ORIENTED_EDGE('',*,*,#6128,.T.);
#9394=ORIENTED_EDGE('',*,*,#6134,.T.);
#9395=ORIENTED_EDGE('',*,*,#6136,.T.);
#9396=ORIENTED_EDGE('',*,*,#6140,.T.);
#9397=ORIENTED_EDGE('',*,*,#5747,.F.);
#9398=ORIENTED_EDGE('',*,*,#6714,.F.);
#9399=ORIENTED_EDGE('',*,*,#6487,.T.);
#9400=ORIENTED_EDGE('',*,*,#5689,.T.);
#9401=ORIENTED_EDGE('',*,*,#5732,.F.);
#9402=ORIENTED_EDGE('',*,*,#6617,.F.);
#9403=ORIENTED_EDGE('',*,*,#5956,.F.);
#9404=ORIENTED_EDGE('',*,*,#6713,.F.);
#9405=ORIENTED_EDGE('',*,*,#6282,.T.);
#9406=ORIENTED_EDGE('',*,*,#6277,.T.);
#9407=ORIENTED_EDGE('',*,*,#6275,.T.);
#9408=ORIENTED_EDGE('',*,*,#6272,.T.);
#9409=ORIENTED_EDGE('',*,*,#6269,.T.);
#9410=ORIENTED_EDGE('',*,*,#6266,.T.);
#9411=ORIENTED_EDGE('',*,*,#6262,.T.);
#9412=ORIENTED_EDGE('',*,*,#6260,.T.);
#9413=ORIENTED_EDGE('',*,*,#6257,.T.);
#9414=ORIENTED_EDGE('',*,*,#6254,.T.);
#9415=ORIENTED_EDGE('',*,*,#6251,.T.);
#9416=ORIENTED_EDGE('',*,*,#6248,.T.);
#9417=ORIENTED_EDGE('',*,*,#6244,.T.);
#9418=ORIENTED_EDGE('',*,*,#6490,.F.);
#9419=ORIENTED_EDGE('',*,*,#5743,.T.);
#9420=ORIENTED_EDGE('',*,*,#6485,.F.);
#9421=ORIENTED_EDGE('',*,*,#6488,.F.);
#9422=ORIENTED_EDGE('',*,*,#6714,.T.);
#9423=ORIENTED_EDGE('',*,*,#5746,.T.);
#9424=ORIENTED_EDGE('',*,*,#6489,.T.);
#9425=ORIENTED_EDGE('',*,*,#6242,.T.);
#9426=ORIENTED_EDGE('',*,*,#6239,.T.);
#9427=ORIENTED_EDGE('',*,*,#6236,.T.);
#9428=ORIENTED_EDGE('',*,*,#6233,.T.);
#9429=ORIENTED_EDGE('',*,*,#6230,.T.);
#9430=ORIENTED_EDGE('',*,*,#6226,.T.);
#9431=ORIENTED_EDGE('',*,*,#6224,.T.);
#9432=ORIENTED_EDGE('',*,*,#6222,.T.);
#9433=ORIENTED_EDGE('',*,*,#6219,.T.);
#9434=ORIENTED_EDGE('',*,*,#6216,.T.);
#9435=ORIENTED_EDGE('',*,*,#6212,.T.);
#9436=ORIENTED_EDGE('',*,*,#6210,.T.);
#9437=ORIENTED_EDGE('',*,*,#6207,.T.);
#9438=ORIENTED_EDGE('',*,*,#6203,.T.);
#9439=ORIENTED_EDGE('',*,*,#6201,.T.);
#9440=ORIENTED_EDGE('',*,*,#6197,.T.);
#9441=ORIENTED_EDGE('',*,*,#6194,.T.);
#9442=ORIENTED_EDGE('',*,*,#6192,.T.);
#9443=ORIENTED_EDGE('',*,*,#6188,.T.);
#9444=ORIENTED_EDGE('',*,*,#6186,.T.);
#9445=ORIENTED_EDGE('',*,*,#6181,.T.);
#9446=ORIENTED_EDGE('',*,*,#6179,.T.);
#9447=ORIENTED_EDGE('',*,*,#6176,.T.);
#9448=ORIENTED_EDGE('',*,*,#6172,.T.);
#9449=ORIENTED_EDGE('',*,*,#6169,.T.);
#9450=ORIENTED_EDGE('',*,*,#6167,.T.);
#9451=ORIENTED_EDGE('',*,*,#6164,.T.);
#9452=ORIENTED_EDGE('',*,*,#6161,.T.);
#9453=ORIENTED_EDGE('',*,*,#6158,.T.);
#9454=ORIENTED_EDGE('',*,*,#6155,.T.);
#9455=ORIENTED_EDGE('',*,*,#6152,.T.);
#9456=ORIENTED_EDGE('',*,*,#6150,.T.);
#9457=ORIENTED_EDGE('',*,*,#5476,.T.);
#9458=ORIENTED_EDGE('',*,*,#6338,.T.);
#9459=ORIENTED_EDGE('',*,*,#6335,.T.);
#9460=ORIENTED_EDGE('',*,*,#6332,.T.);
#9461=ORIENTED_EDGE('',*,*,#6329,.T.);
#9462=ORIENTED_EDGE('',*,*,#6326,.T.);
#9463=ORIENTED_EDGE('',*,*,#6323,.T.);
#9464=ORIENTED_EDGE('',*,*,#6320,.T.);
#9465=ORIENTED_EDGE('',*,*,#6316,.T.);
#9466=ORIENTED_EDGE('',*,*,#6314,.T.);
#9467=ORIENTED_EDGE('',*,*,#6312,.T.);
#9468=ORIENTED_EDGE('',*,*,#6309,.T.);
#9469=ORIENTED_EDGE('',*,*,#6306,.T.);
#9470=ORIENTED_EDGE('',*,*,#6302,.T.);
#9471=ORIENTED_EDGE('',*,*,#6300,.T.);
#9472=ORIENTED_EDGE('',*,*,#6297,.T.);
#9473=ORIENTED_EDGE('',*,*,#6294,.T.);
#9474=ORIENTED_EDGE('',*,*,#6291,.T.);
#9475=ORIENTED_EDGE('',*,*,#6287,.T.);
#9476=ORIENTED_EDGE('',*,*,#6285,.T.);
#9477=ORIENTED_EDGE('',*,*,#6715,.F.);
#9478=ORIENTED_EDGE('',*,*,#5566,.T.);
#9479=ORIENTED_EDGE('',*,*,#5653,.T.);
#9480=ORIENTED_EDGE('',*,*,#6716,.F.);
#9481=ORIENTED_EDGE('',*,*,#6717,.F.);
#9482=ORIENTED_EDGE('',*,*,#6718,.F.);
#9483=ORIENTED_EDGE('',*,*,#6716,.T.);
#9484=ORIENTED_EDGE('',*,*,#5652,.T.);
#9485=ORIENTED_EDGE('',*,*,#6719,.F.);
#9486=ORIENTED_EDGE('',*,*,#6717,.T.);
#9487=ORIENTED_EDGE('',*,*,#5651,.T.);
#9488=ORIENTED_EDGE('',*,*,#6720,.F.);
#9489=ORIENTED_EDGE('',*,*,#6719,.T.);
#9490=ORIENTED_EDGE('',*,*,#6721,.F.);
#9491=ORIENTED_EDGE('',*,*,#6722,.F.);
#9492=ORIENTED_EDGE('',*,*,#6720,.T.);
#9493=ORIENTED_EDGE('',*,*,#6723,.F.);
#9494=ORIENTED_EDGE('',*,*,#6724,.F.);
#9495=ORIENTED_EDGE('',*,*,#6721,.T.);
#9496=ORIENTED_EDGE('',*,*,#5650,.T.);
#9497=ORIENTED_EDGE('',*,*,#6725,.F.);
#9498=ORIENTED_EDGE('',*,*,#6723,.T.);
#9499=ORIENTED_EDGE('',*,*,#5649,.T.);
#9500=ORIENTED_EDGE('',*,*,#6726,.F.);
#9501=ORIENTED_EDGE('',*,*,#6725,.T.);
#9502=ORIENTED_EDGE('',*,*,#6727,.F.);
#9503=ORIENTED_EDGE('',*,*,#6728,.F.);
#9504=ORIENTED_EDGE('',*,*,#6726,.T.);
#9505=ORIENTED_EDGE('',*,*,#6729,.F.);
#9506=ORIENTED_EDGE('',*,*,#6730,.F.);
#9507=ORIENTED_EDGE('',*,*,#6727,.T.);
#9508=ORIENTED_EDGE('',*,*,#5648,.T.);
#9509=ORIENTED_EDGE('',*,*,#6731,.F.);
#9510=ORIENTED_EDGE('',*,*,#6729,.T.);
#9511=ORIENTED_EDGE('',*,*,#6732,.F.);
#9512=ORIENTED_EDGE('',*,*,#6733,.F.);
#9513=ORIENTED_EDGE('',*,*,#6731,.T.);
#9514=ORIENTED_EDGE('',*,*,#5647,.T.);
#9515=ORIENTED_EDGE('',*,*,#6734,.F.);
#9516=ORIENTED_EDGE('',*,*,#6732,.T.);
#9517=ORIENTED_EDGE('',*,*,#5646,.T.);
#9518=ORIENTED_EDGE('',*,*,#6735,.F.);
#9519=ORIENTED_EDGE('',*,*,#6734,.T.);
#9520=ORIENTED_EDGE('',*,*,#6736,.F.);
#9521=ORIENTED_EDGE('',*,*,#6737,.F.);
#9522=ORIENTED_EDGE('',*,*,#6735,.T.);
#9523=ORIENTED_EDGE('',*,*,#6738,.F.);
#9524=ORIENTED_EDGE('',*,*,#6739,.F.);
#9525=ORIENTED_EDGE('',*,*,#6736,.T.);
#9526=ORIENTED_EDGE('',*,*,#5645,.T.);
#9527=ORIENTED_EDGE('',*,*,#6740,.F.);
#9528=ORIENTED_EDGE('',*,*,#6738,.T.);
#9529=ORIENTED_EDGE('',*,*,#6741,.F.);
#9530=ORIENTED_EDGE('',*,*,#6742,.F.);
#9531=ORIENTED_EDGE('',*,*,#6740,.T.);
#9532=ORIENTED_EDGE('',*,*,#5644,.T.);
#9533=ORIENTED_EDGE('',*,*,#6743,.F.);
#9534=ORIENTED_EDGE('',*,*,#6741,.T.);
#9535=ORIENTED_EDGE('',*,*,#6744,.F.);
#9536=ORIENTED_EDGE('',*,*,#6745,.F.);
#9537=ORIENTED_EDGE('',*,*,#6743,.T.);
#9538=ORIENTED_EDGE('',*,*,#5643,.T.);
#9539=ORIENTED_EDGE('',*,*,#6746,.F.);
#9540=ORIENTED_EDGE('',*,*,#6744,.T.);
#9541=ORIENTED_EDGE('',*,*,#5642,.T.);
#9542=ORIENTED_EDGE('',*,*,#6747,.F.);
#9543=ORIENTED_EDGE('',*,*,#6746,.T.);
#9544=ORIENTED_EDGE('',*,*,#6748,.F.);
#9545=ORIENTED_EDGE('',*,*,#6749,.F.);
#9546=ORIENTED_EDGE('',*,*,#6747,.T.);
#9547=ORIENTED_EDGE('',*,*,#6750,.F.);
#9548=ORIENTED_EDGE('',*,*,#6751,.F.);
#9549=ORIENTED_EDGE('',*,*,#6748,.T.);
#9550=ORIENTED_EDGE('',*,*,#5641,.T.);
#9551=ORIENTED_EDGE('',*,*,#6752,.F.);
#9552=ORIENTED_EDGE('',*,*,#6750,.T.);
#9553=ORIENTED_EDGE('',*,*,#6753,.F.);
#9554=ORIENTED_EDGE('',*,*,#6754,.F.);
#9555=ORIENTED_EDGE('',*,*,#6752,.T.);
#9556=ORIENTED_EDGE('',*,*,#5640,.T.);
#9557=ORIENTED_EDGE('',*,*,#6755,.F.);
#9558=ORIENTED_EDGE('',*,*,#6753,.T.);
#9559=ORIENTED_EDGE('',*,*,#6756,.F.);
#9560=ORIENTED_EDGE('',*,*,#6757,.F.);
#9561=ORIENTED_EDGE('',*,*,#6755,.T.);
#9562=ORIENTED_EDGE('',*,*,#5639,.T.);
#9563=ORIENTED_EDGE('',*,*,#6758,.F.);
#9564=ORIENTED_EDGE('',*,*,#6756,.T.);
#9565=ORIENTED_EDGE('',*,*,#6759,.F.);
#9566=ORIENTED_EDGE('',*,*,#6760,.F.);
#9567=ORIENTED_EDGE('',*,*,#6758,.T.);
#9568=ORIENTED_EDGE('',*,*,#5638,.T.);
#9569=ORIENTED_EDGE('',*,*,#6761,.F.);
#9570=ORIENTED_EDGE('',*,*,#6759,.T.);
#9571=ORIENTED_EDGE('',*,*,#5637,.T.);
#9572=ORIENTED_EDGE('',*,*,#6762,.F.);
#9573=ORIENTED_EDGE('',*,*,#6761,.T.);
#9574=ORIENTED_EDGE('',*,*,#6763,.F.);
#9575=ORIENTED_EDGE('',*,*,#6764,.F.);
#9576=ORIENTED_EDGE('',*,*,#6762,.T.);
#9577=ORIENTED_EDGE('',*,*,#5636,.T.);
#9578=ORIENTED_EDGE('',*,*,#6765,.F.);
#9579=ORIENTED_EDGE('',*,*,#6763,.T.);
#9580=ORIENTED_EDGE('',*,*,#6766,.F.);
#9581=ORIENTED_EDGE('',*,*,#6767,.F.);
#9582=ORIENTED_EDGE('',*,*,#6765,.T.);
#9583=ORIENTED_EDGE('',*,*,#6768,.F.);
#9584=ORIENTED_EDGE('',*,*,#6769,.F.);
#9585=ORIENTED_EDGE('',*,*,#6766,.T.);
#9586=ORIENTED_EDGE('',*,*,#5635,.T.);
#9587=ORIENTED_EDGE('',*,*,#6770,.F.);
#9588=ORIENTED_EDGE('',*,*,#6768,.T.);
#9589=ORIENTED_EDGE('',*,*,#6771,.F.);
#9590=ORIENTED_EDGE('',*,*,#6772,.F.);
#9591=ORIENTED_EDGE('',*,*,#6770,.T.);
#9592=ORIENTED_EDGE('',*,*,#5634,.T.);
#9593=ORIENTED_EDGE('',*,*,#6773,.F.);
#9594=ORIENTED_EDGE('',*,*,#6771,.T.);
#9595=ORIENTED_EDGE('',*,*,#5633,.T.);
#9596=ORIENTED_EDGE('',*,*,#6774,.F.);
#9597=ORIENTED_EDGE('',*,*,#6773,.T.);
#9598=ORIENTED_EDGE('',*,*,#6775,.F.);
#9599=ORIENTED_EDGE('',*,*,#6776,.F.);
#9600=ORIENTED_EDGE('',*,*,#6774,.T.);
#9601=ORIENTED_EDGE('',*,*,#6777,.F.);
#9602=ORIENTED_EDGE('',*,*,#6778,.F.);
#9603=ORIENTED_EDGE('',*,*,#6775,.T.);
#9604=ORIENTED_EDGE('',*,*,#5632,.T.);
#9605=ORIENTED_EDGE('',*,*,#6779,.F.);
#9606=ORIENTED_EDGE('',*,*,#6777,.T.);
#9607=ORIENTED_EDGE('',*,*,#6780,.F.);
#9608=ORIENTED_EDGE('',*,*,#6781,.F.);
#9609=ORIENTED_EDGE('',*,*,#6779,.T.);
#9610=ORIENTED_EDGE('',*,*,#5631,.T.);
#9611=ORIENTED_EDGE('',*,*,#6782,.F.);
#9612=ORIENTED_EDGE('',*,*,#6780,.T.);
#9613=ORIENTED_EDGE('',*,*,#5630,.T.);
#9614=ORIENTED_EDGE('',*,*,#6783,.F.);
#9615=ORIENTED_EDGE('',*,*,#6782,.T.);
#9616=ORIENTED_EDGE('',*,*,#6784,.F.);
#9617=ORIENTED_EDGE('',*,*,#6785,.F.);
#9618=ORIENTED_EDGE('',*,*,#6783,.T.);
#9619=ORIENTED_EDGE('',*,*,#6786,.F.);
#9620=ORIENTED_EDGE('',*,*,#6787,.F.);
#9621=ORIENTED_EDGE('',*,*,#6784,.T.);
#9622=ORIENTED_EDGE('',*,*,#5629,.T.);
#9623=ORIENTED_EDGE('',*,*,#6788,.F.);
#9624=ORIENTED_EDGE('',*,*,#6786,.T.);
#9625=ORIENTED_EDGE('',*,*,#5628,.T.);
#9626=ORIENTED_EDGE('',*,*,#6789,.F.);
#9627=ORIENTED_EDGE('',*,*,#6790,.T.);
#9628=ORIENTED_EDGE('',*,*,#6790,.F.);
#9629=ORIENTED_EDGE('',*,*,#6791,.F.);
#9630=ORIENTED_EDGE('',*,*,#6788,.T.);
#9631=ORIENTED_EDGE('',*,*,#5627,.T.);
#9632=ORIENTED_EDGE('',*,*,#6792,.F.);
#9633=ORIENTED_EDGE('',*,*,#6793,.T.);
#9634=ORIENTED_EDGE('',*,*,#6793,.F.);
#9635=ORIENTED_EDGE('',*,*,#6794,.F.);
#9636=ORIENTED_EDGE('',*,*,#6789,.T.);
#9637=ORIENTED_EDGE('',*,*,#5626,.T.);
#9638=ORIENTED_EDGE('',*,*,#6795,.F.);
#9639=ORIENTED_EDGE('',*,*,#6796,.T.);
#9640=ORIENTED_EDGE('',*,*,#6796,.F.);
#9641=ORIENTED_EDGE('',*,*,#6797,.F.);
#9642=ORIENTED_EDGE('',*,*,#6792,.T.);
#9643=ORIENTED_EDGE('',*,*,#5625,.T.);
#9644=ORIENTED_EDGE('',*,*,#6798,.F.);
#9645=ORIENTED_EDGE('',*,*,#6799,.T.);
#9646=ORIENTED_EDGE('',*,*,#6799,.F.);
#9647=ORIENTED_EDGE('',*,*,#6800,.F.);
#9648=ORIENTED_EDGE('',*,*,#6795,.T.);
#9649=ORIENTED_EDGE('',*,*,#5624,.T.);
#9650=ORIENTED_EDGE('',*,*,#6801,.F.);
#9651=ORIENTED_EDGE('',*,*,#6802,.T.);
#9652=ORIENTED_EDGE('',*,*,#6802,.F.);
#9653=ORIENTED_EDGE('',*,*,#6803,.F.);
#9654=ORIENTED_EDGE('',*,*,#6798,.T.);
#9655=ORIENTED_EDGE('',*,*,#5623,.T.);
#9656=ORIENTED_EDGE('',*,*,#6804,.F.);
#9657=ORIENTED_EDGE('',*,*,#6805,.T.);
#9658=ORIENTED_EDGE('',*,*,#6805,.F.);
#9659=ORIENTED_EDGE('',*,*,#6806,.F.);
#9660=ORIENTED_EDGE('',*,*,#6801,.T.);
#9661=ORIENTED_EDGE('',*,*,#5622,.T.);
#9662=ORIENTED_EDGE('',*,*,#6807,.F.);
#9663=ORIENTED_EDGE('',*,*,#6804,.T.);
#9664=ORIENTED_EDGE('',*,*,#5621,.T.);
#9665=ORIENTED_EDGE('',*,*,#6808,.F.);
#9666=ORIENTED_EDGE('',*,*,#6809,.T.);
#9667=ORIENTED_EDGE('',*,*,#6809,.F.);
#9668=ORIENTED_EDGE('',*,*,#6810,.F.);
#9669=ORIENTED_EDGE('',*,*,#6807,.T.);
#9670=ORIENTED_EDGE('',*,*,#6811,.F.);
#9671=ORIENTED_EDGE('',*,*,#6812,.F.);
#9672=ORIENTED_EDGE('',*,*,#6808,.T.);
#9673=ORIENTED_EDGE('',*,*,#5620,.T.);
#9674=ORIENTED_EDGE('',*,*,#6813,.F.);
#9675=ORIENTED_EDGE('',*,*,#6814,.T.);
#9676=ORIENTED_EDGE('',*,*,#6814,.F.);
#9677=ORIENTED_EDGE('',*,*,#6815,.F.);
#9678=ORIENTED_EDGE('',*,*,#6811,.T.);
#9679=ORIENTED_EDGE('',*,*,#6816,.F.);
#9680=ORIENTED_EDGE('',*,*,#6817,.F.);
#9681=ORIENTED_EDGE('',*,*,#6813,.T.);
#9682=ORIENTED_EDGE('',*,*,#5619,.T.);
#9683=ORIENTED_EDGE('',*,*,#6818,.F.);
#9684=ORIENTED_EDGE('',*,*,#6816,.T.);
#9685=ORIENTED_EDGE('',*,*,#5618,.T.);
#9686=ORIENTED_EDGE('',*,*,#6819,.F.);
#9687=ORIENTED_EDGE('',*,*,#6818,.T.);
#9688=ORIENTED_EDGE('',*,*,#6820,.F.);
#9689=ORIENTED_EDGE('',*,*,#6821,.F.);
#9690=ORIENTED_EDGE('',*,*,#6819,.T.);
#9691=ORIENTED_EDGE('',*,*,#6822,.F.);
#9692=ORIENTED_EDGE('',*,*,#6823,.F.);
#9693=ORIENTED_EDGE('',*,*,#6820,.T.);
#9694=ORIENTED_EDGE('',*,*,#5617,.T.);
#9695=ORIENTED_EDGE('',*,*,#6824,.F.);
#9696=ORIENTED_EDGE('',*,*,#6822,.T.);
#9697=ORIENTED_EDGE('',*,*,#5616,.T.);
#9698=ORIENTED_EDGE('',*,*,#6825,.F.);
#9699=ORIENTED_EDGE('',*,*,#6824,.T.);
#9700=ORIENTED_EDGE('',*,*,#6826,.F.);
#9701=ORIENTED_EDGE('',*,*,#6827,.F.);
#9702=ORIENTED_EDGE('',*,*,#6825,.T.);
#9703=ORIENTED_EDGE('',*,*,#6828,.F.);
#9704=ORIENTED_EDGE('',*,*,#6829,.F.);
#9705=ORIENTED_EDGE('',*,*,#6826,.T.);
#9706=ORIENTED_EDGE('',*,*,#5615,.T.);
#9707=ORIENTED_EDGE('',*,*,#6830,.F.);
#9708=ORIENTED_EDGE('',*,*,#6828,.T.);
#9709=ORIENTED_EDGE('',*,*,#6831,.F.);
#9710=ORIENTED_EDGE('',*,*,#6832,.F.);
#9711=ORIENTED_EDGE('',*,*,#6830,.T.);
#9712=ORIENTED_EDGE('',*,*,#5614,.T.);
#9713=ORIENTED_EDGE('',*,*,#6833,.F.);
#9714=ORIENTED_EDGE('',*,*,#6831,.T.);
#9715=ORIENTED_EDGE('',*,*,#6834,.F.);
#9716=ORIENTED_EDGE('',*,*,#6835,.F.);
#9717=ORIENTED_EDGE('',*,*,#6833,.T.);
#9718=ORIENTED_EDGE('',*,*,#5613,.T.);
#9719=ORIENTED_EDGE('',*,*,#6836,.F.);
#9720=ORIENTED_EDGE('',*,*,#6834,.T.);
#9721=ORIENTED_EDGE('',*,*,#5612,.T.);
#9722=ORIENTED_EDGE('',*,*,#6837,.F.);
#9723=ORIENTED_EDGE('',*,*,#6836,.T.);
#9724=ORIENTED_EDGE('',*,*,#6838,.F.);
#9725=ORIENTED_EDGE('',*,*,#6839,.F.);
#9726=ORIENTED_EDGE('',*,*,#6837,.T.);
#9727=ORIENTED_EDGE('',*,*,#6840,.F.);
#9728=ORIENTED_EDGE('',*,*,#6841,.F.);
#9729=ORIENTED_EDGE('',*,*,#6838,.T.);
#9730=ORIENTED_EDGE('',*,*,#5611,.T.);
#9731=ORIENTED_EDGE('',*,*,#6842,.F.);
#9732=ORIENTED_EDGE('',*,*,#6840,.T.);
#9733=ORIENTED_EDGE('',*,*,#6843,.F.);
#9734=ORIENTED_EDGE('',*,*,#6844,.F.);
#9735=ORIENTED_EDGE('',*,*,#6842,.T.);
#9736=ORIENTED_EDGE('',*,*,#5610,.T.);
#9737=ORIENTED_EDGE('',*,*,#6845,.F.);
#9738=ORIENTED_EDGE('',*,*,#6843,.T.);
#9739=ORIENTED_EDGE('',*,*,#6846,.F.);
#9740=ORIENTED_EDGE('',*,*,#6847,.F.);
#9741=ORIENTED_EDGE('',*,*,#6845,.T.);
#9742=ORIENTED_EDGE('',*,*,#5609,.T.);
#9743=ORIENTED_EDGE('',*,*,#6848,.F.);
#9744=ORIENTED_EDGE('',*,*,#6846,.T.);
#9745=ORIENTED_EDGE('',*,*,#6849,.F.);
#9746=ORIENTED_EDGE('',*,*,#6850,.F.);
#9747=ORIENTED_EDGE('',*,*,#6848,.T.);
#9748=ORIENTED_EDGE('',*,*,#5608,.T.);
#9749=ORIENTED_EDGE('',*,*,#6851,.F.);
#9750=ORIENTED_EDGE('',*,*,#6849,.T.);
#9751=ORIENTED_EDGE('',*,*,#6852,.F.);
#9752=ORIENTED_EDGE('',*,*,#6853,.F.);
#9753=ORIENTED_EDGE('',*,*,#6851,.T.);
#9754=ORIENTED_EDGE('',*,*,#5607,.T.);
#9755=ORIENTED_EDGE('',*,*,#6854,.F.);
#9756=ORIENTED_EDGE('',*,*,#6852,.T.);
#9757=ORIENTED_EDGE('',*,*,#5606,.T.);
#9758=ORIENTED_EDGE('',*,*,#6855,.F.);
#9759=ORIENTED_EDGE('',*,*,#6854,.T.);
#9760=ORIENTED_EDGE('',*,*,#6483,.F.);
#9761=ORIENTED_EDGE('',*,*,#6856,.F.);
#9762=ORIENTED_EDGE('',*,*,#6855,.T.);
#9763=ORIENTED_EDGE('',*,*,#5757,.T.);
#9764=ORIENTED_EDGE('',*,*,#5570,.F.);
#9765=ORIENTED_EDGE('',*,*,#5568,.F.);
#9766=ORIENTED_EDGE('',*,*,#6857,.T.);
#9767=ORIENTED_EDGE('',*,*,#6482,.T.);
#9768=ORIENTED_EDGE('',*,*,#5738,.F.);
#9769=ORIENTED_EDGE('',*,*,#6858,.T.);
#9770=ORIENTED_EDGE('',*,*,#6859,.T.);
#9771=ORIENTED_EDGE('',*,*,#6860,.T.);
#9772=ORIENTED_EDGE('',*,*,#6861,.T.);
#9773=ORIENTED_EDGE('',*,*,#6862,.T.);
#9774=ORIENTED_EDGE('',*,*,#6863,.T.);
#9775=ORIENTED_EDGE('',*,*,#6864,.T.);
#9776=ORIENTED_EDGE('',*,*,#6865,.T.);
#9777=ORIENTED_EDGE('',*,*,#6866,.T.);
#9778=ORIENTED_EDGE('',*,*,#6867,.T.);
#9779=ORIENTED_EDGE('',*,*,#6868,.T.);
#9780=ORIENTED_EDGE('',*,*,#6869,.T.);
#9781=ORIENTED_EDGE('',*,*,#6870,.T.);
#9782=ORIENTED_EDGE('',*,*,#6871,.T.);
#9783=ORIENTED_EDGE('',*,*,#6872,.T.);
#9784=ORIENTED_EDGE('',*,*,#6873,.T.);
#9785=ORIENTED_EDGE('',*,*,#6874,.T.);
#9786=ORIENTED_EDGE('',*,*,#6875,.T.);
#9787=ORIENTED_EDGE('',*,*,#6876,.T.);
#9788=ORIENTED_EDGE('',*,*,#6877,.T.);
#9789=ORIENTED_EDGE('',*,*,#6878,.T.);
#9790=ORIENTED_EDGE('',*,*,#6879,.T.);
#9791=ORIENTED_EDGE('',*,*,#6880,.T.);
#9792=ORIENTED_EDGE('',*,*,#6881,.T.);
#9793=ORIENTED_EDGE('',*,*,#6882,.T.);
#9794=ORIENTED_EDGE('',*,*,#6883,.T.);
#9795=ORIENTED_EDGE('',*,*,#6884,.T.);
#9796=ORIENTED_EDGE('',*,*,#6885,.T.);
#9797=ORIENTED_EDGE('',*,*,#6886,.T.);
#9798=ORIENTED_EDGE('',*,*,#6887,.T.);
#9799=ORIENTED_EDGE('',*,*,#6888,.T.);
#9800=ORIENTED_EDGE('',*,*,#6889,.T.);
#9801=ORIENTED_EDGE('',*,*,#5758,.T.);
#9802=ORIENTED_EDGE('',*,*,#6857,.F.);
#9803=ORIENTED_EDGE('',*,*,#5567,.T.);
#9804=ORIENTED_EDGE('',*,*,#6715,.T.);
#9805=ORIENTED_EDGE('',*,*,#6718,.T.);
#9806=ORIENTED_EDGE('',*,*,#6722,.T.);
#9807=ORIENTED_EDGE('',*,*,#6724,.T.);
#9808=ORIENTED_EDGE('',*,*,#6728,.T.);
#9809=ORIENTED_EDGE('',*,*,#6730,.T.);
#9810=ORIENTED_EDGE('',*,*,#6733,.T.);
#9811=ORIENTED_EDGE('',*,*,#6737,.T.);
#9812=ORIENTED_EDGE('',*,*,#6739,.T.);
#9813=ORIENTED_EDGE('',*,*,#6742,.T.);
#9814=ORIENTED_EDGE('',*,*,#6745,.T.);
#9815=ORIENTED_EDGE('',*,*,#6749,.T.);
#9816=ORIENTED_EDGE('',*,*,#6751,.T.);
#9817=ORIENTED_EDGE('',*,*,#6754,.T.);
#9818=ORIENTED_EDGE('',*,*,#6757,.T.);
#9819=ORIENTED_EDGE('',*,*,#6760,.T.);
#9820=ORIENTED_EDGE('',*,*,#6764,.T.);
#9821=ORIENTED_EDGE('',*,*,#6767,.T.);
#9822=ORIENTED_EDGE('',*,*,#6769,.T.);
#9823=ORIENTED_EDGE('',*,*,#6772,.T.);
#9824=ORIENTED_EDGE('',*,*,#6776,.T.);
#9825=ORIENTED_EDGE('',*,*,#6778,.T.);
#9826=ORIENTED_EDGE('',*,*,#6781,.T.);
#9827=ORIENTED_EDGE('',*,*,#6785,.T.);
#9828=ORIENTED_EDGE('',*,*,#6787,.T.);
#9829=ORIENTED_EDGE('',*,*,#6791,.T.);
#9830=ORIENTED_EDGE('',*,*,#6794,.T.);
#9831=ORIENTED_EDGE('',*,*,#6797,.T.);
#9832=ORIENTED_EDGE('',*,*,#6800,.T.);
#9833=ORIENTED_EDGE('',*,*,#6803,.T.);
#9834=ORIENTED_EDGE('',*,*,#6806,.T.);
#9835=ORIENTED_EDGE('',*,*,#6810,.T.);
#9836=ORIENTED_EDGE('',*,*,#6812,.T.);
#9837=ORIENTED_EDGE('',*,*,#6815,.T.);
#9838=ORIENTED_EDGE('',*,*,#6817,.T.);
#9839=ORIENTED_EDGE('',*,*,#6821,.T.);
#9840=ORIENTED_EDGE('',*,*,#6823,.T.);
#9841=ORIENTED_EDGE('',*,*,#6827,.T.);
#9842=ORIENTED_EDGE('',*,*,#6829,.T.);
#9843=ORIENTED_EDGE('',*,*,#6832,.T.);
#9844=ORIENTED_EDGE('',*,*,#6835,.T.);
#9845=ORIENTED_EDGE('',*,*,#6839,.T.);
#9846=ORIENTED_EDGE('',*,*,#6841,.T.);
#9847=ORIENTED_EDGE('',*,*,#6844,.T.);
#9848=ORIENTED_EDGE('',*,*,#6847,.T.);
#9849=ORIENTED_EDGE('',*,*,#6850,.T.);
#9850=ORIENTED_EDGE('',*,*,#6853,.T.);
#9851=ORIENTED_EDGE('',*,*,#6856,.T.);
#9852=ORIENTED_EDGE('',*,*,#5572,.T.);
#9853=ORIENTED_EDGE('',*,*,#5759,.F.);
#9854=ORIENTED_EDGE('',*,*,#6889,.F.);
#9855=ORIENTED_EDGE('',*,*,#6890,.T.);
#9856=ORIENTED_EDGE('',*,*,#6888,.F.);
#9857=ORIENTED_EDGE('',*,*,#6891,.T.);
#9858=ORIENTED_EDGE('',*,*,#6890,.F.);
#9859=ORIENTED_EDGE('',*,*,#6887,.F.);
#9860=ORIENTED_EDGE('',*,*,#6892,.T.);
#9861=ORIENTED_EDGE('',*,*,#6893,.F.);
#9862=ORIENTED_EDGE('',*,*,#6893,.T.);
#9863=ORIENTED_EDGE('',*,*,#5574,.T.);
#9864=ORIENTED_EDGE('',*,*,#6894,.F.);
#9865=ORIENTED_EDGE('',*,*,#6894,.T.);
#9866=ORIENTED_EDGE('',*,*,#5573,.T.);
#9867=ORIENTED_EDGE('',*,*,#6891,.F.);
#9868=ORIENTED_EDGE('',*,*,#6886,.F.);
#9869=ORIENTED_EDGE('',*,*,#6895,.T.);
#9870=ORIENTED_EDGE('',*,*,#6896,.F.);
#9871=ORIENTED_EDGE('',*,*,#6896,.T.);
#9872=ORIENTED_EDGE('',*,*,#5575,.T.);
#9873=ORIENTED_EDGE('',*,*,#6892,.F.);
#9874=ORIENTED_EDGE('',*,*,#6885,.F.);
#9875=ORIENTED_EDGE('',*,*,#6897,.T.);
#9876=ORIENTED_EDGE('',*,*,#6895,.F.);
#9877=ORIENTED_EDGE('',*,*,#6884,.F.);
#9878=ORIENTED_EDGE('',*,*,#6898,.T.);
#9879=ORIENTED_EDGE('',*,*,#6899,.F.);
#9880=ORIENTED_EDGE('',*,*,#6899,.T.);
#9881=ORIENTED_EDGE('',*,*,#5577,.T.);
#9882=ORIENTED_EDGE('',*,*,#6900,.F.);
#9883=ORIENTED_EDGE('',*,*,#6900,.T.);
#9884=ORIENTED_EDGE('',*,*,#5576,.T.);
#9885=ORIENTED_EDGE('',*,*,#6897,.F.);
#9886=ORIENTED_EDGE('',*,*,#6883,.F.);
#9887=ORIENTED_EDGE('',*,*,#6901,.T.);
#9888=ORIENTED_EDGE('',*,*,#6902,.F.);
#9889=ORIENTED_EDGE('',*,*,#6902,.T.);
#9890=ORIENTED_EDGE('',*,*,#5578,.T.);
#9891=ORIENTED_EDGE('',*,*,#6898,.F.);
#9892=ORIENTED_EDGE('',*,*,#6882,.F.);
#9893=ORIENTED_EDGE('',*,*,#6903,.T.);
#9894=ORIENTED_EDGE('',*,*,#6904,.F.);
#9895=ORIENTED_EDGE('',*,*,#6904,.T.);
#9896=ORIENTED_EDGE('',*,*,#5579,.T.);
#9897=ORIENTED_EDGE('',*,*,#6901,.F.);
#9898=ORIENTED_EDGE('',*,*,#6881,.F.);
#9899=ORIENTED_EDGE('',*,*,#6905,.T.);
#9900=ORIENTED_EDGE('',*,*,#6903,.F.);
#9901=ORIENTED_EDGE('',*,*,#6906,.T.);
#9902=ORIENTED_EDGE('',*,*,#5581,.T.);
#9903=ORIENTED_EDGE('',*,*,#6907,.F.);
#9904=ORIENTED_EDGE('',*,*,#6907,.T.);
#9905=ORIENTED_EDGE('',*,*,#5580,.T.);
#9906=ORIENTED_EDGE('',*,*,#6905,.F.);
#9907=ORIENTED_EDGE('',*,*,#6880,.F.);
#9908=ORIENTED_EDGE('',*,*,#6908,.T.);
#9909=ORIENTED_EDGE('',*,*,#6906,.F.);
#9910=ORIENTED_EDGE('',*,*,#6879,.F.);
#9911=ORIENTED_EDGE('',*,*,#6909,.T.);
#9912=ORIENTED_EDGE('',*,*,#6910,.F.);
#9913=ORIENTED_EDGE('',*,*,#6910,.T.);
#9914=ORIENTED_EDGE('',*,*,#5582,.T.);
#9915=ORIENTED_EDGE('',*,*,#6908,.F.);
#9916=ORIENTED_EDGE('',*,*,#6911,.T.);
#9917=ORIENTED_EDGE('',*,*,#5583,.T.);
#9918=ORIENTED_EDGE('',*,*,#6909,.F.);
#9919=ORIENTED_EDGE('',*,*,#6878,.F.);
#9920=ORIENTED_EDGE('',*,*,#6912,.T.);
#9921=ORIENTED_EDGE('',*,*,#6911,.F.);
#9922=ORIENTED_EDGE('',*,*,#6877,.F.);
#9923=ORIENTED_EDGE('',*,*,#6913,.T.);
#9924=ORIENTED_EDGE('',*,*,#6914,.F.);
#9925=ORIENTED_EDGE('',*,*,#6914,.T.);
#9926=ORIENTED_EDGE('',*,*,#5584,.T.);
#9927=ORIENTED_EDGE('',*,*,#6912,.F.);
#9928=ORIENTED_EDGE('',*,*,#6876,.F.);
#9929=ORIENTED_EDGE('',*,*,#6915,.T.);
#9930=ORIENTED_EDGE('',*,*,#6913,.F.);
#9931=ORIENTED_EDGE('',*,*,#6916,.T.);
#9932=ORIENTED_EDGE('',*,*,#5586,.T.);
#9933=ORIENTED_EDGE('',*,*,#6917,.F.);
#9934=ORIENTED_EDGE('',*,*,#6917,.T.);
#9935=ORIENTED_EDGE('',*,*,#5585,.T.);
#9936=ORIENTED_EDGE('',*,*,#6915,.F.);
#9937=ORIENTED_EDGE('',*,*,#6875,.F.);
#9938=ORIENTED_EDGE('',*,*,#6918,.T.);
#9939=ORIENTED_EDGE('',*,*,#6916,.F.);
#9940=ORIENTED_EDGE('',*,*,#6919,.T.);
#9941=ORIENTED_EDGE('',*,*,#5587,.T.);
#9942=ORIENTED_EDGE('',*,*,#6918,.F.);
#9943=ORIENTED_EDGE('',*,*,#6874,.F.);
#9944=ORIENTED_EDGE('',*,*,#6920,.T.);
#9945=ORIENTED_EDGE('',*,*,#6919,.F.);
#9946=ORIENTED_EDGE('',*,*,#6921,.T.);
#9947=ORIENTED_EDGE('',*,*,#5588,.T.);
#9948=ORIENTED_EDGE('',*,*,#6920,.F.);
#9949=ORIENTED_EDGE('',*,*,#6873,.F.);
#9950=ORIENTED_EDGE('',*,*,#6922,.T.);
#9951=ORIENTED_EDGE('',*,*,#6921,.F.);
#9952=ORIENTED_EDGE('',*,*,#6923,.T.);
#9953=ORIENTED_EDGE('',*,*,#5589,.T.);
#9954=ORIENTED_EDGE('',*,*,#6922,.F.);
#9955=ORIENTED_EDGE('',*,*,#6872,.F.);
#9956=ORIENTED_EDGE('',*,*,#6924,.T.);
#9957=ORIENTED_EDGE('',*,*,#6923,.F.);
#9958=ORIENTED_EDGE('',*,*,#6925,.T.);
#9959=ORIENTED_EDGE('',*,*,#5590,.T.);
#9960=ORIENTED_EDGE('',*,*,#6924,.F.);
#9961=ORIENTED_EDGE('',*,*,#6871,.F.);
#9962=ORIENTED_EDGE('',*,*,#6926,.T.);
#9963=ORIENTED_EDGE('',*,*,#6925,.F.);
#9964=ORIENTED_EDGE('',*,*,#6927,.T.);
#9965=ORIENTED_EDGE('',*,*,#5591,.T.);
#9966=ORIENTED_EDGE('',*,*,#6926,.F.);
#9967=ORIENTED_EDGE('',*,*,#6870,.F.);
#9968=ORIENTED_EDGE('',*,*,#6928,.T.);
#9969=ORIENTED_EDGE('',*,*,#6927,.F.);
#9970=ORIENTED_EDGE('',*,*,#6929,.T.);
#9971=ORIENTED_EDGE('',*,*,#5592,.T.);
#9972=ORIENTED_EDGE('',*,*,#6928,.F.);
#9973=ORIENTED_EDGE('',*,*,#6869,.F.);
#9974=ORIENTED_EDGE('',*,*,#6930,.T.);
#9975=ORIENTED_EDGE('',*,*,#6929,.F.);
#9976=ORIENTED_EDGE('',*,*,#6931,.T.);
#9977=ORIENTED_EDGE('',*,*,#5593,.T.);
#9978=ORIENTED_EDGE('',*,*,#6930,.F.);
#9979=ORIENTED_EDGE('',*,*,#6868,.F.);
#9980=ORIENTED_EDGE('',*,*,#6932,.T.);
#9981=ORIENTED_EDGE('',*,*,#6931,.F.);
#9982=ORIENTED_EDGE('',*,*,#6933,.T.);
#9983=ORIENTED_EDGE('',*,*,#5594,.T.);
#9984=ORIENTED_EDGE('',*,*,#6932,.F.);
#9985=ORIENTED_EDGE('',*,*,#6867,.F.);
#9986=ORIENTED_EDGE('',*,*,#6934,.T.);
#9987=ORIENTED_EDGE('',*,*,#6933,.F.);
#9988=ORIENTED_EDGE('',*,*,#6935,.T.);
#9989=ORIENTED_EDGE('',*,*,#5595,.T.);
#9990=ORIENTED_EDGE('',*,*,#6934,.F.);
#9991=ORIENTED_EDGE('',*,*,#6866,.F.);
#9992=ORIENTED_EDGE('',*,*,#6936,.T.);
#9993=ORIENTED_EDGE('',*,*,#6935,.F.);
#9994=ORIENTED_EDGE('',*,*,#6937,.T.);
#9995=ORIENTED_EDGE('',*,*,#5596,.T.);
#9996=ORIENTED_EDGE('',*,*,#6936,.F.);
#9997=ORIENTED_EDGE('',*,*,#6865,.F.);
#9998=ORIENTED_EDGE('',*,*,#6938,.T.);
#9999=ORIENTED_EDGE('',*,*,#6937,.F.);
#10000=ORIENTED_EDGE('',*,*,#6939,.T.);
#10001=ORIENTED_EDGE('',*,*,#5597,.T.);
#10002=ORIENTED_EDGE('',*,*,#6938,.F.);
#10003=ORIENTED_EDGE('',*,*,#6864,.F.);
#10004=ORIENTED_EDGE('',*,*,#6940,.T.);
#10005=ORIENTED_EDGE('',*,*,#6939,.F.);
#10006=ORIENTED_EDGE('',*,*,#6863,.F.);
#10007=ORIENTED_EDGE('',*,*,#6941,.T.);
#10008=ORIENTED_EDGE('',*,*,#6940,.F.);
#10009=ORIENTED_EDGE('',*,*,#6862,.F.);
#10010=ORIENTED_EDGE('',*,*,#6942,.T.);
#10011=ORIENTED_EDGE('',*,*,#6943,.F.);
#10012=ORIENTED_EDGE('',*,*,#6943,.T.);
#10013=ORIENTED_EDGE('',*,*,#5599,.T.);
#10014=ORIENTED_EDGE('',*,*,#6944,.F.);
#10015=ORIENTED_EDGE('',*,*,#6944,.T.);
#10016=ORIENTED_EDGE('',*,*,#5598,.T.);
#10017=ORIENTED_EDGE('',*,*,#6941,.F.);
#10018=ORIENTED_EDGE('',*,*,#6861,.F.);
#10019=ORIENTED_EDGE('',*,*,#6945,.T.);
#10020=ORIENTED_EDGE('',*,*,#6942,.F.);
#10021=ORIENTED_EDGE('',*,*,#6860,.F.);
#10022=ORIENTED_EDGE('',*,*,#6946,.T.);
#10023=ORIENTED_EDGE('',*,*,#6947,.F.);
#10024=ORIENTED_EDGE('',*,*,#6947,.T.);
#10025=ORIENTED_EDGE('',*,*,#5601,.T.);
#10026=ORIENTED_EDGE('',*,*,#6948,.F.);
#10027=ORIENTED_EDGE('',*,*,#6948,.T.);
#10028=ORIENTED_EDGE('',*,*,#5600,.T.);
#10029=ORIENTED_EDGE('',*,*,#6945,.F.);
#10030=ORIENTED_EDGE('',*,*,#6859,.F.);
#10031=ORIENTED_EDGE('',*,*,#6949,.T.);
#10032=ORIENTED_EDGE('',*,*,#6946,.F.);
#10033=ORIENTED_EDGE('',*,*,#6950,.T.);
#10034=ORIENTED_EDGE('',*,*,#5603,.T.);
#10035=ORIENTED_EDGE('',*,*,#6951,.F.);
#10036=ORIENTED_EDGE('',*,*,#6951,.T.);
#10037=ORIENTED_EDGE('',*,*,#5602,.T.);
#10038=ORIENTED_EDGE('',*,*,#6949,.F.);
#10039=ORIENTED_EDGE('',*,*,#6858,.F.);
#10040=ORIENTED_EDGE('',*,*,#5737,.T.);
#10041=ORIENTED_EDGE('',*,*,#6950,.F.);
#10042=PLANE('',#11566);
#10043=PLANE('',#11567);
#10044=PLANE('',#11568);
#10045=PLANE('',#11569);
#10046=PLANE('',#11570);
#10047=PLANE('',#11571);
#10048=PLANE('',#11572);
#10049=PLANE('',#11573);
#10050=PLANE('',#11574);
#10051=PLANE('',#11575);
#10052=PLANE('',#11576);
#10053=PLANE('',#11577);
#10054=PLANE('',#11578);
#10055=PLANE('',#11579);
#10056=PLANE('',#11580);
#10057=PLANE('',#11581);
#10058=PLANE('',#11582);
#10059=PLANE('',#11583);
#10060=PLANE('',#11584);
#10061=PLANE('',#11585);
#10062=PLANE('',#11586);
#10063=PLANE('',#11587);
#10064=PLANE('',#11588);
#10065=PLANE('',#11589);
#10066=PLANE('',#11590);
#10067=PLANE('',#11591);
#10068=PLANE('',#11592);
#10069=PLANE('',#11593);
#10070=PLANE('',#11594);
#10071=PLANE('',#11595);
#10072=PLANE('',#11596);
#10073=PLANE('',#11597);
#10074=PLANE('',#11598);
#10075=PLANE('',#11599);
#10076=PLANE('',#11600);
#10077=PLANE('',#11601);
#10078=PLANE('',#11602);
#10079=PLANE('',#11603);
#10080=PLANE('',#11604);
#10081=PLANE('',#11605);
#10082=PLANE('',#11606);
#10083=PLANE('',#11607);
#10084=PLANE('',#11608);
#10085=PLANE('',#11609);
#10086=PLANE('',#11610);
#10087=PLANE('',#11611);
#10088=PLANE('',#11612);
#10089=PLANE('',#11613);
#10090=PLANE('',#11614);
#10091=PLANE('',#11615);
#10092=PLANE('',#11616);
#10093=PLANE('',#11617);
#10094=PLANE('',#11618);
#10095=PLANE('',#11619);
#10096=PLANE('',#11620);
#10097=PLANE('',#11621);
#10098=PLANE('',#11622);
#10099=PLANE('',#11623);
#10100=PLANE('',#11624);
#10101=PLANE('',#11625);
#10102=PLANE('',#11626);
#10103=PLANE('',#11627);
#10104=PLANE('',#11628);
#10105=PLANE('',#11629);
#10106=PLANE('',#11630);
#10107=PLANE('',#11631);
#10108=PLANE('',#11632);
#10109=PLANE('',#11633);
#10110=PLANE('',#11634);
#10111=PLANE('',#11635);
#10112=PLANE('',#11636);
#10113=PLANE('',#11637);
#10114=PLANE('',#11638);
#10115=PLANE('',#11639);
#10116=PLANE('',#11640);
#10117=PLANE('',#11641);
#10118=PLANE('',#11642);
#10119=PLANE('',#11643);
#10120=PLANE('',#11644);
#10121=PLANE('',#11645);
#10122=PLANE('',#11646);
#10123=PLANE('',#11647);
#10124=PLANE('',#11648);
#10125=PLANE('',#11649);
#10126=PLANE('',#11650);
#10127=PLANE('',#11651);
#10128=PLANE('',#11652);
#10129=PLANE('',#11653);
#10130=PLANE('',#11654);
#10131=PLANE('',#11655);
#10132=PLANE('',#11656);
#10133=PLANE('',#11657);
#10134=PLANE('',#11658);
#10135=PLANE('',#11659);
#10136=PLANE('',#11660);
#10137=PLANE('',#11661);
#10138=PLANE('',#11662);
#10139=PLANE('',#11663);
#10140=PLANE('',#11664);
#10141=PLANE('',#11665);
#10142=PLANE('',#11666);
#10143=PLANE('',#11667);
#10144=PLANE('',#11668);
#10145=PLANE('',#11669);
#10146=PLANE('',#11670);
#10147=PLANE('',#11671);
#10148=PLANE('',#11672);
#10149=PLANE('',#11673);
#10150=PLANE('',#11674);
#10151=PLANE('',#11675);
#10152=PLANE('',#11676);
#10153=PLANE('',#11677);
#10154=PLANE('',#11678);
#10155=PLANE('',#11679);
#10156=PLANE('',#11680);
#10157=PLANE('',#11681);
#10158=PLANE('',#11682);
#10159=PLANE('',#11683);
#10160=PLANE('',#11684);
#10161=PLANE('',#11685);
#10162=PLANE('',#11686);
#10163=PLANE('',#11687);
#10164=PLANE('',#11688);
#10165=PLANE('',#11689);
#10166=PLANE('',#11690);
#10167=PLANE('',#11691);
#10168=PLANE('',#11692);
#10169=PLANE('',#11693);
#10170=PLANE('',#11694);
#10171=PLANE('',#11695);
#10172=PLANE('',#11696);
#10173=PLANE('',#11697);
#10174=PLANE('',#11698);
#10175=PLANE('',#11699);
#10176=PLANE('',#11700);
#10177=PLANE('',#11701);
#10178=PLANE('',#11702);
#10179=PLANE('',#11703);
#10180=PLANE('',#11704);
#10181=PLANE('',#11705);
#10182=PLANE('',#11706);
#10183=PLANE('',#11707);
#10184=PLANE('',#11708);
#10185=PLANE('',#11709);
#10186=PLANE('',#11710);
#10187=PLANE('',#11711);
#10188=PLANE('',#11712);
#10189=PLANE('',#11713);
#10190=PLANE('',#11714);
#10191=PLANE('',#11715);
#10192=PLANE('',#11716);
#10193=PLANE('',#11717);
#10194=PLANE('',#11718);
#10195=PLANE('',#11719);
#10196=PLANE('',#11720);
#10197=PLANE('',#11721);
#10198=PLANE('',#11722);
#10199=PLANE('',#11723);
#10200=PLANE('',#11724);
#10201=PLANE('',#11725);
#10202=PLANE('',#11726);
#10203=PLANE('',#11727);
#10204=PLANE('',#11728);
#10205=PLANE('',#11729);
#10206=PLANE('',#11730);
#10207=PLANE('',#11731);
#10208=PLANE('',#11732);
#10209=PLANE('',#11733);
#10210=PLANE('',#11734);
#10211=PLANE('',#11735);
#10212=PLANE('',#11736);
#10213=PLANE('',#11737);
#10214=PLANE('',#11738);
#10215=PLANE('',#11739);
#10216=PLANE('',#11740);
#10217=PLANE('',#11741);
#10218=PLANE('',#11742);
#10219=PLANE('',#11743);
#10220=PLANE('',#11744);
#10221=PLANE('',#11745);
#10222=PLANE('',#11746);
#10223=PLANE('',#11747);
#10224=PLANE('',#11748);
#10225=PLANE('',#11749);
#10226=PLANE('',#11750);
#10227=PLANE('',#11751);
#10228=PLANE('',#11752);
#10229=PLANE('',#11753);
#10230=PLANE('',#11754);
#10231=PLANE('',#11755);
#10232=PLANE('',#11756);
#10233=PLANE('',#11757);
#10234=PLANE('',#11758);
#10235=PLANE('',#11759);
#10236=PLANE('',#11760);
#10237=PLANE('',#11761);
#10238=PLANE('',#11762);
#10239=PLANE('',#11763);
#10240=PLANE('',#11764);
#10241=PLANE('',#11765);
#10242=PLANE('',#11766);
#10243=PLANE('',#11767);
#10244=PLANE('',#11768);
#10245=PLANE('',#11769);
#10246=PLANE('',#11770);
#10247=PLANE('',#11771);
#10248=PLANE('',#11772);
#10249=PLANE('',#11773);
#10250=PLANE('',#11774);
#10251=PLANE('',#11775);
#10252=PLANE('',#11776);
#10253=PLANE('',#11777);
#10254=PLANE('',#11778);
#10255=PLANE('',#11779);
#10256=PLANE('',#11780);
#10257=PLANE('',#11781);
#10258=PLANE('',#11782);
#10259=PLANE('',#11783);
#10260=PLANE('',#11784);
#10261=PLANE('',#11785);
#10262=PLANE('',#11786);
#10263=PLANE('',#11787);
#10264=PLANE('',#11788);
#10265=PLANE('',#11789);
#10266=PLANE('',#11790);
#10267=PLANE('',#11791);
#10268=PLANE('',#11792);
#10269=PLANE('',#11793);
#10270=PLANE('',#11794);
#10271=PLANE('',#11795);
#10272=PLANE('',#11796);
#10273=PLANE('',#11797);
#10274=PLANE('',#11798);
#10275=PLANE('',#11799);
#10276=PLANE('',#11800);
#10277=PLANE('',#11801);
#10278=PLANE('',#11802);
#10279=PLANE('',#11803);
#10280=PLANE('',#11804);
#10281=PLANE('',#11805);
#10282=PLANE('',#11806);
#10283=PLANE('',#11807);
#10284=PLANE('',#11808);
#10285=PLANE('',#11809);
#10286=PLANE('',#11810);
#10287=PLANE('',#11811);
#10288=PLANE('',#11812);
#10289=PLANE('',#11813);
#10290=PLANE('',#11814);
#10291=PLANE('',#11815);
#10292=PLANE('',#11816);
#10293=PLANE('',#11817);
#10294=PLANE('',#11818);
#10295=PLANE('',#11819);
#10296=PLANE('',#11820);
#10297=PLANE('',#11821);
#10298=PLANE('',#11822);
#10299=PLANE('',#11823);
#10300=PLANE('',#11824);
#10301=PLANE('',#11825);
#10302=PLANE('',#11826);
#10303=PLANE('',#11827);
#10304=PLANE('',#11828);
#10305=PLANE('',#11829);
#10306=PLANE('',#11830);
#10307=PLANE('',#11831);
#10308=PLANE('',#11832);
#10309=PLANE('',#11833);
#10310=PLANE('',#11834);
#10311=PLANE('',#11835);
#10312=PLANE('',#11836);
#10313=PLANE('',#11837);
#10314=PLANE('',#11838);
#10315=PLANE('',#11839);
#10316=PLANE('',#11840);
#10317=PLANE('',#11841);
#10318=PLANE('',#11842);
#10319=PLANE('',#11843);
#10320=PLANE('',#11844);
#10321=PLANE('',#11845);
#10322=PLANE('',#11846);
#10323=PLANE('',#11847);
#10324=PLANE('',#11848);
#10325=PLANE('',#11849);
#10326=PLANE('',#11850);
#10327=PLANE('',#11851);
#10328=PLANE('',#11852);
#10329=PLANE('',#11853);
#10330=PLANE('',#11854);
#10331=PLANE('',#11855);
#10332=PLANE('',#11856);
#10333=PLANE('',#11857);
#10334=PLANE('',#11858);
#10335=PLANE('',#11859);
#10336=PLANE('',#11860);
#10337=PLANE('',#11861);
#10338=PLANE('',#11862);
#10339=PLANE('',#11863);
#10340=PLANE('',#11864);
#10341=PLANE('',#11865);
#10342=PLANE('',#11866);
#10343=PLANE('',#11867);
#10344=PLANE('',#11868);
#10345=PLANE('',#11869);
#10346=PLANE('',#11870);
#10347=PLANE('',#11871);
#10348=PLANE('',#11872);
#10349=PLANE('',#11873);
#10350=PLANE('',#11874);
#10351=PLANE('',#11875);
#10352=PLANE('',#11876);
#10353=PLANE('',#11877);
#10354=PLANE('',#11878);
#10355=PLANE('',#11879);
#10356=PLANE('',#11880);
#10357=PLANE('',#11881);
#10358=PLANE('',#11882);
#10359=PLANE('',#11883);
#10360=PLANE('',#11884);
#10361=PLANE('',#11885);
#10362=PLANE('',#11886);
#10363=PLANE('',#11887);
#10364=PLANE('',#11888);
#10365=PLANE('',#11889);
#10366=PLANE('',#11890);
#10367=PLANE('',#11891);
#10368=PLANE('',#11892);
#10369=PLANE('',#11893);
#10370=PLANE('',#11894);
#10371=PLANE('',#11895);
#10372=PLANE('',#11896);
#10373=PLANE('',#11897);
#10374=PLANE('',#11898);
#10375=PLANE('',#11899);
#10376=PLANE('',#11900);
#10377=PLANE('',#11901);
#10378=PLANE('',#11902);
#10379=PLANE('',#11903);
#10380=PLANE('',#11904);
#10381=PLANE('',#11905);
#10382=PLANE('',#11906);
#10383=PLANE('',#11907);
#10384=PLANE('',#11908);
#10385=PLANE('',#11909);
#10386=PLANE('',#11910);
#10387=PLANE('',#11911);
#10388=PLANE('',#11912);
#10389=PLANE('',#11913);
#10390=PLANE('',#11914);
#10391=PLANE('',#11915);
#10392=PLANE('',#11916);
#10393=PLANE('',#11917);
#10394=PLANE('',#11918);
#10395=PLANE('',#11919);
#10396=PLANE('',#11920);
#10397=PLANE('',#11921);
#10398=PLANE('',#11922);
#10399=PLANE('',#11923);
#10400=PLANE('',#11924);
#10401=PLANE('',#11925);
#10402=PLANE('',#11926);
#10403=PLANE('',#11927);
#10404=PLANE('',#11928);
#10405=PLANE('',#11929);
#10406=PLANE('',#11930);
#10407=PLANE('',#11931);
#10408=PLANE('',#11932);
#10409=PLANE('',#11933);
#10410=PLANE('',#11934);
#10411=PLANE('',#11935);
#10412=PLANE('',#11936);
#10413=PLANE('',#11937);
#10414=PLANE('',#11938);
#10415=PLANE('',#11939);
#10416=PLANE('',#11940);
#10417=PLANE('',#11941);
#10418=PLANE('',#11942);
#10419=PLANE('',#11943);
#10420=PLANE('',#11944);
#10421=PLANE('',#11945);
#10422=PLANE('',#11946);
#10423=PLANE('',#11947);
#10424=PLANE('',#11948);
#10425=PLANE('',#11949);
#10426=PLANE('',#11950);
#10427=PLANE('',#11951);
#10428=PLANE('',#11952);
#10429=PLANE('',#11953);
#10430=PLANE('',#11954);
#10431=PLANE('',#11955);
#10432=PLANE('',#11956);
#10433=PLANE('',#11957);
#10434=PLANE('',#11958);
#10435=PLANE('',#11959);
#10436=PLANE('',#11960);
#10437=PLANE('',#11961);
#10438=PLANE('',#11962);
#10439=PLANE('',#11963);
#10440=PLANE('',#11964);
#10441=PLANE('',#11965);
#10442=PLANE('',#11966);
#10443=PLANE('',#11967);
#10444=PLANE('',#11968);
#10445=PLANE('',#11969);
#10446=PLANE('',#11970);
#10447=PLANE('',#11971);
#10448=PLANE('',#11972);
#10449=PLANE('',#11973);
#10450=PLANE('',#11974);
#10451=PLANE('',#11975);
#10452=PLANE('',#11976);
#10453=PLANE('',#11977);
#10454=PLANE('',#11978);
#10455=PLANE('',#11979);
#10456=PLANE('',#11980);
#10457=PLANE('',#11981);
#10458=PLANE('',#11982);
#10459=PLANE('',#11983);
#10460=PLANE('',#11984);
#10461=PLANE('',#11985);
#10462=PLANE('',#11986);
#10463=PLANE('',#11987);
#10464=PLANE('',#11988);
#10465=PLANE('',#11989);
#10466=PLANE('',#11990);
#10467=PLANE('',#11991);
#10468=PLANE('',#11992);
#10469=PLANE('',#11993);
#10470=PLANE('',#11994);
#10471=PLANE('',#11995);
#10472=PLANE('',#11996);
#10473=PLANE('',#11997);
#10474=PLANE('',#11998);
#10475=PLANE('',#11999);
#10476=PLANE('',#12000);
#10477=PLANE('',#12001);
#10478=PLANE('',#12002);
#10479=PLANE('',#12003);
#10480=PLANE('',#12004);
#10481=PLANE('',#12005);
#10482=PLANE('',#12006);
#10483=PLANE('',#12007);
#10484=PLANE('',#12008);
#10485=PLANE('',#12009);
#10486=PLANE('',#12010);
#10487=PLANE('',#12011);
#10488=PLANE('',#12012);
#10489=PLANE('',#12013);
#10490=PLANE('',#12014);
#10491=PLANE('',#12015);
#10492=PLANE('',#12016);
#10493=PLANE('',#12017);
#10494=PLANE('',#12018);
#10495=PLANE('',#12019);
#10496=PLANE('',#12020);
#10497=PLANE('',#12021);
#10498=PLANE('',#12022);
#10499=PLANE('',#12023);
#10500=PLANE('',#12024);
#10501=PLANE('',#12025);
#10502=PLANE('',#12026);
#10503=PLANE('',#12027);
#10504=PLANE('',#12028);
#10505=PLANE('',#12029);
#10506=PLANE('',#12030);
#10507=PLANE('',#12031);
#10508=PLANE('',#12032);
#10509=PLANE('',#12033);
#10510=PLANE('',#12034);
#10511=PLANE('',#12035);
#10512=PLANE('',#12036);
#10513=PLANE('',#12037);
#10514=PLANE('',#12038);
#10515=PLANE('',#12039);
#10516=PLANE('',#12040);
#10517=PLANE('',#12041);
#10518=PLANE('',#12042);
#10519=PLANE('',#12043);
#10520=PLANE('',#12044);
#10521=PLANE('',#12045);
#10522=PLANE('',#12046);
#10523=PLANE('',#12047);
#10524=PLANE('',#12048);
#10525=PLANE('',#12049);
#10526=PLANE('',#12050);
#10527=PLANE('',#12051);
#10528=PLANE('',#12052);
#10529=PLANE('',#12053);
#10530=PLANE('',#12054);
#10531=PLANE('',#12055);
#10532=PLANE('',#12056);
#10533=PLANE('',#12057);
#10534=PLANE('',#12058);
#10535=PLANE('',#12059);
#10536=PLANE('',#12060);
#10537=PLANE('',#12061);
#10538=PLANE('',#12062);
#10539=PLANE('',#12063);
#10540=PLANE('',#12064);
#10541=PLANE('',#12065);
#10542=PLANE('',#12066);
#10543=PLANE('',#12067);
#10544=PLANE('',#12068);
#10545=PLANE('',#12069);
#10546=PLANE('',#12070);
#10547=PLANE('',#12071);
#10548=PLANE('',#12072);
#10549=PLANE('',#12073);
#10550=PLANE('',#12074);
#10551=PLANE('',#12075);
#10552=PLANE('',#12076);
#10553=PLANE('',#12077);
#10554=PLANE('',#12078);
#10555=PLANE('',#12079);
#10556=PLANE('',#12080);
#10557=PLANE('',#12081);
#10558=PLANE('',#12082);
#10559=PLANE('',#12083);
#10560=PLANE('',#12084);
#10561=PLANE('',#12085);
#10562=PLANE('',#12086);
#10563=PLANE('',#12087);
#10564=PLANE('',#12088);
#10565=PLANE('',#12089);
#10566=PLANE('',#12090);
#10567=PLANE('',#12091);
#10568=PLANE('',#12092);
#10569=PLANE('',#12093);
#10570=PLANE('',#12094);
#10571=PLANE('',#12095);
#10572=PLANE('',#12096);
#10573=PLANE('',#12097);
#10574=PLANE('',#12098);
#10575=PLANE('',#12099);
#10576=PLANE('',#12100);
#10577=PLANE('',#12101);
#10578=PLANE('',#12102);
#10579=PLANE('',#12103);
#10580=PLANE('',#12104);
#10581=PLANE('',#12105);
#10582=PLANE('',#12106);
#10583=PLANE('',#12107);
#10584=PLANE('',#12108);
#10585=PLANE('',#12109);
#10586=PLANE('',#12110);
#10587=PLANE('',#12111);
#10588=PLANE('',#12112);
#10589=PLANE('',#12113);
#10590=PLANE('',#12114);
#10591=PLANE('',#12115);
#10592=PLANE('',#12116);
#10593=PLANE('',#12117);
#10594=PLANE('',#12118);
#10595=PLANE('',#12119);
#10596=PLANE('',#12120);
#10597=PLANE('',#12121);
#10598=PLANE('',#12122);
#10599=PLANE('',#12123);
#10600=PLANE('',#12124);
#10601=PLANE('',#12125);
#10602=PLANE('',#12126);
#10603=PLANE('',#12127);
#10604=PLANE('',#12128);
#10605=PLANE('',#12129);
#10606=PLANE('',#12130);
#10607=PLANE('',#12131);
#10608=PLANE('',#12132);
#10609=PLANE('',#12133);
#10610=PLANE('',#12134);
#10611=PLANE('',#12135);
#10612=PLANE('',#12136);
#10613=PLANE('',#12137);
#10614=PLANE('',#12138);
#10615=PLANE('',#12139);
#10616=PLANE('',#12140);
#10617=PLANE('',#12141);
#10618=PLANE('',#12142);
#10619=PLANE('',#12143);
#10620=PLANE('',#12144);
#10621=PLANE('',#12145);
#10622=PLANE('',#12146);
#10623=PLANE('',#12147);
#10624=PLANE('',#12148);
#10625=PLANE('',#12149);
#10626=PLANE('',#12150);
#10627=PLANE('',#12151);
#10628=PLANE('',#12152);
#10629=PLANE('',#12153);
#10630=PLANE('',#12154);
#10631=PLANE('',#12155);
#10632=PLANE('',#12156);
#10633=PLANE('',#12157);
#10634=PLANE('',#12158);
#10635=PLANE('',#12159);
#10636=PLANE('',#12160);
#10637=PLANE('',#12161);
#10638=PLANE('',#12162);
#10639=PLANE('',#12163);
#10640=PLANE('',#12164);
#10641=PLANE('',#12165);
#10642=PLANE('',#12166);
#10643=PLANE('',#12167);
#10644=PLANE('',#12168);
#10645=PLANE('',#12169);
#10646=PLANE('',#12170);
#10647=PLANE('',#12171);
#10648=PLANE('',#12172);
#10649=PLANE('',#12173);
#10650=PLANE('',#12174);
#10651=PLANE('',#12175);
#10652=PLANE('',#12176);
#10653=PLANE('',#12177);
#10654=PLANE('',#12178);
#10655=PLANE('',#12179);
#10656=PLANE('',#12180);
#10657=PLANE('',#12181);
#10658=PLANE('',#12182);
#10659=PLANE('',#12183);
#10660=PLANE('',#12184);
#10661=PLANE('',#12185);
#10662=PLANE('',#12186);
#10663=PLANE('',#12187);
#10664=PLANE('',#12188);
#10665=PLANE('',#12189);
#10666=PLANE('',#12190);
#10667=PLANE('',#12191);
#10668=PLANE('',#12192);
#10669=PLANE('',#12193);
#10670=PLANE('',#12194);
#10671=PLANE('',#12195);
#10672=PLANE('',#12196);
#10673=PLANE('',#12197);
#10674=PLANE('',#12198);
#10675=PLANE('',#12199);
#10676=PLANE('',#12200);
#10677=PLANE('',#12201);
#10678=PLANE('',#12202);
#10679=PLANE('',#12203);
#10680=PLANE('',#12204);
#10681=PLANE('',#12205);
#10682=PLANE('',#12206);
#10683=PLANE('',#12207);
#10684=PLANE('',#12208);
#10685=PLANE('',#12209);
#10686=PLANE('',#12210);
#10687=PLANE('',#12211);
#10688=PLANE('',#12212);
#10689=PLANE('',#12213);
#10690=PLANE('',#12214);
#10691=PLANE('',#12215);
#10692=PLANE('',#12216);
#10693=PLANE('',#12217);
#10694=PLANE('',#12218);
#10695=PLANE('',#12219);
#10696=PLANE('',#12220);
#10697=PLANE('',#12221);
#10698=PLANE('',#12222);
#10699=PLANE('',#12223);
#10700=PLANE('',#12224);
#10701=PLANE('',#12225);
#10702=PLANE('',#12226);
#10703=PLANE('',#12227);
#10704=PLANE('',#12228);
#10705=PLANE('',#12229);
#10706=PLANE('',#12230);
#10707=PLANE('',#12231);
#10708=PLANE('',#12232);
#10709=PLANE('',#12233);
#10710=PLANE('',#12234);
#10711=PLANE('',#12235);
#10712=PLANE('',#12236);
#10713=PLANE('',#12237);
#10714=PLANE('',#12238);
#10715=PLANE('',#12239);
#10716=PLANE('',#12240);
#10717=PLANE('',#12241);
#10718=PLANE('',#12242);
#10719=PLANE('',#12243);
#10720=PLANE('',#12244);
#10721=PLANE('',#12245);
#10722=PLANE('',#12246);
#10723=PLANE('',#12247);
#10724=PLANE('',#12248);
#10725=PLANE('',#12249);
#10726=PLANE('',#12250);
#10727=PLANE('',#12251);
#10728=PLANE('',#12252);
#10729=PLANE('',#12253);
#10730=PLANE('',#12254);
#10731=PLANE('',#12255);
#10732=PLANE('',#12256);
#10733=PLANE('',#12257);
#10734=PLANE('',#12258);
#10735=PLANE('',#12259);
#10736=PLANE('',#12260);
#10737=PLANE('',#12261);
#10738=PLANE('',#12262);
#10739=PLANE('',#12263);
#10740=PLANE('',#12264);
#10741=PLANE('',#12265);
#10742=PLANE('',#12266);
#10743=PLANE('',#12267);
#10744=PLANE('',#12268);
#10745=PLANE('',#12269);
#10746=PLANE('',#12270);
#10747=PLANE('',#12271);
#10748=PLANE('',#12272);
#10749=PLANE('',#12273);
#10750=PLANE('',#12274);
#10751=PLANE('',#12275);
#10752=PLANE('',#12276);
#10753=PLANE('',#12277);
#10754=PLANE('',#12278);
#10755=PLANE('',#12279);
#10756=PLANE('',#12280);
#10757=PLANE('',#12281);
#10758=PLANE('',#12282);
#10759=PLANE('',#12283);
#10760=PLANE('',#12284);
#10761=PLANE('',#12285);
#10762=PLANE('',#12286);
#10763=PLANE('',#12287);
#10764=PLANE('',#12288);
#10765=PLANE('',#12289);
#10766=PLANE('',#12290);
#10767=PLANE('',#12291);
#10768=PLANE('',#12292);
#10769=PLANE('',#12293);
#10770=PLANE('',#12294);
#10771=PLANE('',#12295);
#10772=PLANE('',#12296);
#10773=PLANE('',#12297);
#10774=PLANE('',#12298);
#10775=PLANE('',#12299);
#10776=PLANE('',#12300);
#10777=PLANE('',#12301);
#10778=PLANE('',#12302);
#10779=PLANE('',#12303);
#10780=PLANE('',#12304);
#10781=PLANE('',#12305);
#10782=PLANE('',#12306);
#10783=PLANE('',#12307);
#10784=PLANE('',#12308);
#10785=PLANE('',#12309);
#10786=PLANE('',#12310);
#10787=PLANE('',#12311);
#10788=PLANE('',#12312);
#10789=PLANE('',#12313);
#10790=PLANE('',#12314);
#10791=PLANE('',#12315);
#10792=PLANE('',#12316);
#10793=PLANE('',#12317);
#10794=PLANE('',#12318);
#10795=PLANE('',#12319);
#10796=PLANE('',#12320);
#10797=ADVANCED_FACE('',(#15),#10042,.T.);
#10798=ADVANCED_FACE('',(#16),#10043,.T.);
#10799=ADVANCED_FACE('',(#17),#10044,.T.);
#10800=ADVANCED_FACE('',(#18),#10045,.T.);
#10801=ADVANCED_FACE('',(#19),#10046,.T.);
#10802=ADVANCED_FACE('',(#20),#10047,.T.);
#10803=ADVANCED_FACE('',(#21),#10048,.T.);
#10804=ADVANCED_FACE('',(#22),#10049,.T.);
#10805=ADVANCED_FACE('',(#23),#10050,.T.);
#10806=ADVANCED_FACE('',(#24),#10051,.T.);
#10807=ADVANCED_FACE('',(#25),#10052,.T.);
#10808=ADVANCED_FACE('',(#26),#10053,.T.);
#10809=ADVANCED_FACE('',(#27),#10054,.T.);
#10810=ADVANCED_FACE('',(#28),#10055,.T.);
#10811=ADVANCED_FACE('',(#29),#10056,.T.);
#10812=ADVANCED_FACE('',(#30),#10057,.T.);
#10813=ADVANCED_FACE('',(#31),#10058,.T.);
#10814=ADVANCED_FACE('',(#32),#10059,.T.);
#10815=ADVANCED_FACE('',(#33),#10060,.T.);
#10816=ADVANCED_FACE('',(#34),#10061,.T.);
#10817=ADVANCED_FACE('',(#35),#10062,.T.);
#10818=ADVANCED_FACE('',(#36),#10063,.T.);
#10819=ADVANCED_FACE('',(#37),#10064,.T.);
#10820=ADVANCED_FACE('',(#38),#10065,.T.);
#10821=ADVANCED_FACE('',(#39),#10066,.T.);
#10822=ADVANCED_FACE('',(#40),#10067,.T.);
#10823=ADVANCED_FACE('',(#41),#10068,.T.);
#10824=ADVANCED_FACE('',(#42),#10069,.T.);
#10825=ADVANCED_FACE('',(#43),#10070,.T.);
#10826=ADVANCED_FACE('',(#44),#10071,.T.);
#10827=ADVANCED_FACE('',(#45),#10072,.T.);
#10828=ADVANCED_FACE('',(#46),#10073,.T.);
#10829=ADVANCED_FACE('',(#47),#10074,.T.);
#10830=ADVANCED_FACE('',(#48),#10075,.T.);
#10831=ADVANCED_FACE('',(#49),#10076,.T.);
#10832=ADVANCED_FACE('',(#50),#10077,.T.);
#10833=ADVANCED_FACE('',(#51),#10078,.T.);
#10834=ADVANCED_FACE('',(#52),#10079,.T.);
#10835=ADVANCED_FACE('',(#53),#10080,.T.);
#10836=ADVANCED_FACE('',(#54),#10081,.T.);
#10837=ADVANCED_FACE('',(#55),#10082,.T.);
#10838=ADVANCED_FACE('',(#56),#10083,.T.);
#10839=ADVANCED_FACE('',(#57),#10084,.T.);
#10840=ADVANCED_FACE('',(#58),#10085,.T.);
#10841=ADVANCED_FACE('',(#59),#10086,.T.);
#10842=ADVANCED_FACE('',(#60),#10087,.T.);
#10843=ADVANCED_FACE('',(#61),#10088,.T.);
#10844=ADVANCED_FACE('',(#62),#10089,.T.);
#10845=ADVANCED_FACE('',(#63),#10090,.T.);
#10846=ADVANCED_FACE('',(#64),#10091,.T.);
#10847=ADVANCED_FACE('',(#65),#10092,.T.);
#10848=ADVANCED_FACE('',(#66),#10093,.T.);
#10849=ADVANCED_FACE('',(#67),#10094,.T.);
#10850=ADVANCED_FACE('',(#68),#10095,.T.);
#10851=ADVANCED_FACE('',(#69),#10096,.T.);
#10852=ADVANCED_FACE('',(#70),#10097,.T.);
#10853=ADVANCED_FACE('',(#71),#10098,.T.);
#10854=ADVANCED_FACE('',(#72),#10099,.T.);
#10855=ADVANCED_FACE('',(#73),#10100,.T.);
#10856=ADVANCED_FACE('',(#74),#10101,.T.);
#10857=ADVANCED_FACE('',(#75),#10102,.T.);
#10858=ADVANCED_FACE('',(#76),#10103,.T.);
#10859=ADVANCED_FACE('',(#77),#10104,.T.);
#10860=ADVANCED_FACE('',(#78),#10105,.T.);
#10861=ADVANCED_FACE('',(#79),#10106,.T.);
#10862=ADVANCED_FACE('',(#80),#10107,.T.);
#10863=ADVANCED_FACE('',(#81),#10108,.T.);
#10864=ADVANCED_FACE('',(#82),#10109,.T.);
#10865=ADVANCED_FACE('',(#83),#10110,.T.);
#10866=ADVANCED_FACE('',(#84),#10111,.T.);
#10867=ADVANCED_FACE('',(#85),#10112,.T.);
#10868=ADVANCED_FACE('',(#86),#10113,.T.);
#10869=ADVANCED_FACE('',(#87),#10114,.T.);
#10870=ADVANCED_FACE('',(#88),#10115,.T.);
#10871=ADVANCED_FACE('',(#89),#10116,.T.);
#10872=ADVANCED_FACE('',(#90),#10117,.T.);
#10873=ADVANCED_FACE('',(#91),#10118,.T.);
#10874=ADVANCED_FACE('',(#92),#10119,.T.);
#10875=ADVANCED_FACE('',(#93),#10120,.T.);
#10876=ADVANCED_FACE('',(#94),#10121,.T.);
#10877=ADVANCED_FACE('',(#95),#10122,.T.);
#10878=ADVANCED_FACE('',(#96),#10123,.T.);
#10879=ADVANCED_FACE('',(#97),#10124,.T.);
#10880=ADVANCED_FACE('',(#98),#10125,.T.);
#10881=ADVANCED_FACE('',(#99),#10126,.T.);
#10882=ADVANCED_FACE('',(#100),#10127,.T.);
#10883=ADVANCED_FACE('',(#101),#10128,.T.);
#10884=ADVANCED_FACE('',(#102),#10129,.T.);
#10885=ADVANCED_FACE('',(#103),#10130,.T.);
#10886=ADVANCED_FACE('',(#104),#10131,.T.);
#10887=ADVANCED_FACE('',(#105),#10132,.T.);
#10888=ADVANCED_FACE('',(#106),#10133,.T.);
#10889=ADVANCED_FACE('',(#107),#10134,.T.);
#10890=ADVANCED_FACE('',(#108),#10135,.T.);
#10891=ADVANCED_FACE('',(#109),#10136,.T.);
#10892=ADVANCED_FACE('',(#110),#10137,.T.);
#10893=ADVANCED_FACE('',(#111),#10138,.T.);
#10894=ADVANCED_FACE('',(#112),#10139,.T.);
#10895=ADVANCED_FACE('',(#113),#10140,.T.);
#10896=ADVANCED_FACE('',(#114),#10141,.T.);
#10897=ADVANCED_FACE('',(#115),#10142,.T.);
#10898=ADVANCED_FACE('',(#116),#10143,.T.);
#10899=ADVANCED_FACE('',(#117),#10144,.T.);
#10900=ADVANCED_FACE('',(#118),#10145,.T.);
#10901=ADVANCED_FACE('',(#119),#10146,.T.);
#10902=ADVANCED_FACE('',(#120),#10147,.T.);
#10903=ADVANCED_FACE('',(#121),#10148,.T.);
#10904=ADVANCED_FACE('',(#122),#10149,.T.);
#10905=ADVANCED_FACE('',(#123),#10150,.T.);
#10906=ADVANCED_FACE('',(#124),#10151,.T.);
#10907=ADVANCED_FACE('',(#125),#10152,.T.);
#10908=ADVANCED_FACE('',(#126),#10153,.T.);
#10909=ADVANCED_FACE('',(#127),#10154,.T.);
#10910=ADVANCED_FACE('',(#128),#10155,.T.);
#10911=ADVANCED_FACE('',(#129),#10156,.T.);
#10912=ADVANCED_FACE('',(#130),#10157,.T.);
#10913=ADVANCED_FACE('',(#131),#10158,.T.);
#10914=ADVANCED_FACE('',(#132),#10159,.T.);
#10915=ADVANCED_FACE('',(#133),#10160,.T.);
#10916=ADVANCED_FACE('',(#134),#10161,.T.);
#10917=ADVANCED_FACE('',(#135),#10162,.T.);
#10918=ADVANCED_FACE('',(#136),#10163,.T.);
#10919=ADVANCED_FACE('',(#137),#10164,.T.);
#10920=ADVANCED_FACE('',(#138),#10165,.T.);
#10921=ADVANCED_FACE('',(#139),#10166,.T.);
#10922=ADVANCED_FACE('',(#140),#10167,.T.);
#10923=ADVANCED_FACE('',(#141),#10168,.T.);
#10924=ADVANCED_FACE('',(#142),#10169,.T.);
#10925=ADVANCED_FACE('',(#143),#10170,.T.);
#10926=ADVANCED_FACE('',(#144),#10171,.T.);
#10927=ADVANCED_FACE('',(#145),#10172,.T.);
#10928=ADVANCED_FACE('',(#146),#10173,.T.);
#10929=ADVANCED_FACE('',(#147),#10174,.T.);
#10930=ADVANCED_FACE('',(#148),#10175,.T.);
#10931=ADVANCED_FACE('',(#149),#10176,.T.);
#10932=ADVANCED_FACE('',(#150),#10177,.T.);
#10933=ADVANCED_FACE('',(#151),#10178,.T.);
#10934=ADVANCED_FACE('',(#152),#10179,.T.);
#10935=ADVANCED_FACE('',(#153),#10180,.T.);
#10936=ADVANCED_FACE('',(#154),#10181,.T.);
#10937=ADVANCED_FACE('',(#155),#10182,.T.);
#10938=ADVANCED_FACE('',(#156),#10183,.T.);
#10939=ADVANCED_FACE('',(#157),#10184,.T.);
#10940=ADVANCED_FACE('',(#158),#10185,.T.);
#10941=ADVANCED_FACE('',(#159),#10186,.T.);
#10942=ADVANCED_FACE('',(#160),#10187,.T.);
#10943=ADVANCED_FACE('',(#161),#10188,.T.);
#10944=ADVANCED_FACE('',(#162),#10189,.T.);
#10945=ADVANCED_FACE('',(#163),#10190,.T.);
#10946=ADVANCED_FACE('',(#164),#10191,.T.);
#10947=ADVANCED_FACE('',(#165),#10192,.T.);
#10948=ADVANCED_FACE('',(#166),#10193,.T.);
#10949=ADVANCED_FACE('',(#167),#10194,.T.);
#10950=ADVANCED_FACE('',(#168),#10195,.T.);
#10951=ADVANCED_FACE('',(#169),#10196,.T.);
#10952=ADVANCED_FACE('',(#170),#10197,.T.);
#10953=ADVANCED_FACE('',(#171),#10198,.T.);
#10954=ADVANCED_FACE('',(#172),#10199,.T.);
#10955=ADVANCED_FACE('',(#173),#10200,.T.);
#10956=ADVANCED_FACE('',(#174),#10201,.T.);
#10957=ADVANCED_FACE('',(#175),#10202,.T.);
#10958=ADVANCED_FACE('',(#176),#10203,.T.);
#10959=ADVANCED_FACE('',(#177),#10204,.T.);
#10960=ADVANCED_FACE('',(#178),#10205,.T.);
#10961=ADVANCED_FACE('',(#179),#10206,.T.);
#10962=ADVANCED_FACE('',(#180),#10207,.T.);
#10963=ADVANCED_FACE('',(#181),#10208,.T.);
#10964=ADVANCED_FACE('',(#182),#10209,.T.);
#10965=ADVANCED_FACE('',(#183),#10210,.T.);
#10966=ADVANCED_FACE('',(#184),#10211,.T.);
#10967=ADVANCED_FACE('',(#185),#10212,.T.);
#10968=ADVANCED_FACE('',(#186),#10213,.T.);
#10969=ADVANCED_FACE('',(#187),#10214,.T.);
#10970=ADVANCED_FACE('',(#188),#10215,.T.);
#10971=ADVANCED_FACE('',(#189),#10216,.T.);
#10972=ADVANCED_FACE('',(#190),#10217,.T.);
#10973=ADVANCED_FACE('',(#191),#10218,.T.);
#10974=ADVANCED_FACE('',(#192),#10219,.T.);
#10975=ADVANCED_FACE('',(#193),#10220,.T.);
#10976=ADVANCED_FACE('',(#194),#10221,.T.);
#10977=ADVANCED_FACE('',(#195),#10222,.T.);
#10978=ADVANCED_FACE('',(#196),#10223,.T.);
#10979=ADVANCED_FACE('',(#197),#10224,.T.);
#10980=ADVANCED_FACE('',(#198),#10225,.T.);
#10981=ADVANCED_FACE('',(#199),#10226,.T.);
#10982=ADVANCED_FACE('',(#200),#10227,.T.);
#10983=ADVANCED_FACE('',(#201),#10228,.T.);
#10984=ADVANCED_FACE('',(#202),#10229,.T.);
#10985=ADVANCED_FACE('',(#203),#10230,.T.);
#10986=ADVANCED_FACE('',(#204),#10231,.T.);
#10987=ADVANCED_FACE('',(#205),#10232,.T.);
#10988=ADVANCED_FACE('',(#206),#10233,.T.);
#10989=ADVANCED_FACE('',(#207),#10234,.T.);
#10990=ADVANCED_FACE('',(#208),#10235,.T.);
#10991=ADVANCED_FACE('',(#209),#10236,.T.);
#10992=ADVANCED_FACE('',(#210),#10237,.T.);
#10993=ADVANCED_FACE('',(#211),#10238,.T.);
#10994=ADVANCED_FACE('',(#212),#10239,.T.);
#10995=ADVANCED_FACE('',(#213),#10240,.T.);
#10996=ADVANCED_FACE('',(#214),#10241,.T.);
#10997=ADVANCED_FACE('',(#215),#10242,.T.);
#10998=ADVANCED_FACE('',(#216),#10243,.T.);
#10999=ADVANCED_FACE('',(#217),#10244,.T.);
#11000=ADVANCED_FACE('',(#218),#10245,.T.);
#11001=ADVANCED_FACE('',(#219),#10246,.T.);
#11002=ADVANCED_FACE('',(#220),#10247,.T.);
#11003=ADVANCED_FACE('',(#221),#10248,.T.);
#11004=ADVANCED_FACE('',(#222),#10249,.T.);
#11005=ADVANCED_FACE('',(#223),#10250,.T.);
#11006=ADVANCED_FACE('',(#224),#10251,.T.);
#11007=ADVANCED_FACE('',(#225),#10252,.T.);
#11008=ADVANCED_FACE('',(#226),#10253,.T.);
#11009=ADVANCED_FACE('',(#227),#10254,.T.);
#11010=ADVANCED_FACE('',(#228),#10255,.T.);
#11011=ADVANCED_FACE('',(#229),#10256,.T.);
#11012=ADVANCED_FACE('',(#230),#10257,.T.);
#11013=ADVANCED_FACE('',(#231),#10258,.T.);
#11014=ADVANCED_FACE('',(#232),#10259,.T.);
#11015=ADVANCED_FACE('',(#233),#10260,.T.);
#11016=ADVANCED_FACE('',(#234),#10261,.T.);
#11017=ADVANCED_FACE('',(#235),#10262,.T.);
#11018=ADVANCED_FACE('',(#236),#10263,.T.);
#11019=ADVANCED_FACE('',(#237),#10264,.T.);
#11020=ADVANCED_FACE('',(#238),#10265,.T.);
#11021=ADVANCED_FACE('',(#239),#10266,.T.);
#11022=ADVANCED_FACE('',(#240),#10267,.T.);
#11023=ADVANCED_FACE('',(#241),#10268,.T.);
#11024=ADVANCED_FACE('',(#242),#10269,.T.);
#11025=ADVANCED_FACE('',(#243),#10270,.T.);
#11026=ADVANCED_FACE('',(#244),#10271,.T.);
#11027=ADVANCED_FACE('',(#245),#10272,.T.);
#11028=ADVANCED_FACE('',(#246),#10273,.T.);
#11029=ADVANCED_FACE('',(#247),#10274,.T.);
#11030=ADVANCED_FACE('',(#248),#10275,.T.);
#11031=ADVANCED_FACE('',(#249),#10276,.T.);
#11032=ADVANCED_FACE('',(#250),#10277,.T.);
#11033=ADVANCED_FACE('',(#251),#10278,.T.);
#11034=ADVANCED_FACE('',(#252),#10279,.T.);
#11035=ADVANCED_FACE('',(#253),#10280,.T.);
#11036=ADVANCED_FACE('',(#254),#10281,.T.);
#11037=ADVANCED_FACE('',(#255),#10282,.T.);
#11038=ADVANCED_FACE('',(#256),#10283,.T.);
#11039=ADVANCED_FACE('',(#257),#10284,.T.);
#11040=ADVANCED_FACE('',(#258),#10285,.T.);
#11041=ADVANCED_FACE('',(#259),#10286,.T.);
#11042=ADVANCED_FACE('',(#260),#10287,.T.);
#11043=ADVANCED_FACE('',(#261),#10288,.T.);
#11044=ADVANCED_FACE('',(#262),#10289,.T.);
#11045=ADVANCED_FACE('',(#263),#10290,.T.);
#11046=ADVANCED_FACE('',(#264),#10291,.T.);
#11047=ADVANCED_FACE('',(#265),#10292,.T.);
#11048=ADVANCED_FACE('',(#266),#10293,.T.);
#11049=ADVANCED_FACE('',(#267),#10294,.T.);
#11050=ADVANCED_FACE('',(#268),#10295,.T.);
#11051=ADVANCED_FACE('',(#269),#10296,.T.);
#11052=ADVANCED_FACE('',(#270),#10297,.T.);
#11053=ADVANCED_FACE('',(#271),#10298,.T.);
#11054=ADVANCED_FACE('',(#272),#10299,.T.);
#11055=ADVANCED_FACE('',(#273),#10300,.T.);
#11056=ADVANCED_FACE('',(#274),#10301,.T.);
#11057=ADVANCED_FACE('',(#275),#10302,.T.);
#11058=ADVANCED_FACE('',(#276),#10303,.T.);
#11059=ADVANCED_FACE('',(#277),#10304,.T.);
#11060=ADVANCED_FACE('',(#278),#10305,.T.);
#11061=ADVANCED_FACE('',(#279),#10306,.T.);
#11062=ADVANCED_FACE('',(#280),#10307,.T.);
#11063=ADVANCED_FACE('',(#281),#10308,.T.);
#11064=ADVANCED_FACE('',(#282),#10309,.T.);
#11065=ADVANCED_FACE('',(#283),#10310,.T.);
#11066=ADVANCED_FACE('',(#284),#10311,.T.);
#11067=ADVANCED_FACE('',(#285),#10312,.T.);
#11068=ADVANCED_FACE('',(#286),#10313,.T.);
#11069=ADVANCED_FACE('',(#287),#10314,.T.);
#11070=ADVANCED_FACE('',(#288),#10315,.T.);
#11071=ADVANCED_FACE('',(#289),#10316,.T.);
#11072=ADVANCED_FACE('',(#290),#10317,.T.);
#11073=ADVANCED_FACE('',(#291),#10318,.T.);
#11074=ADVANCED_FACE('',(#292),#10319,.T.);
#11075=ADVANCED_FACE('',(#293),#10320,.T.);
#11076=ADVANCED_FACE('',(#294),#10321,.T.);
#11077=ADVANCED_FACE('',(#295),#10322,.T.);
#11078=ADVANCED_FACE('',(#296),#10323,.T.);
#11079=ADVANCED_FACE('',(#297),#10324,.T.);
#11080=ADVANCED_FACE('',(#298),#10325,.T.);
#11081=ADVANCED_FACE('',(#299),#10326,.T.);
#11082=ADVANCED_FACE('',(#300),#10327,.T.);
#11083=ADVANCED_FACE('',(#301),#10328,.T.);
#11084=ADVANCED_FACE('',(#302),#10329,.T.);
#11085=ADVANCED_FACE('',(#303),#10330,.T.);
#11086=ADVANCED_FACE('',(#304),#10331,.T.);
#11087=ADVANCED_FACE('',(#305),#10332,.T.);
#11088=ADVANCED_FACE('',(#306),#10333,.T.);
#11089=ADVANCED_FACE('',(#307),#10334,.T.);
#11090=ADVANCED_FACE('',(#308),#10335,.T.);
#11091=ADVANCED_FACE('',(#309),#10336,.T.);
#11092=ADVANCED_FACE('',(#310),#10337,.T.);
#11093=ADVANCED_FACE('',(#311),#10338,.T.);
#11094=ADVANCED_FACE('',(#312),#10339,.T.);
#11095=ADVANCED_FACE('',(#313),#10340,.T.);
#11096=ADVANCED_FACE('',(#314),#10341,.T.);
#11097=ADVANCED_FACE('',(#315),#10342,.T.);
#11098=ADVANCED_FACE('',(#316),#10343,.T.);
#11099=ADVANCED_FACE('',(#317),#10344,.T.);
#11100=ADVANCED_FACE('',(#318),#10345,.T.);
#11101=ADVANCED_FACE('',(#319),#10346,.T.);
#11102=ADVANCED_FACE('',(#320),#10347,.T.);
#11103=ADVANCED_FACE('',(#321),#10348,.T.);
#11104=ADVANCED_FACE('',(#322),#10349,.T.);
#11105=ADVANCED_FACE('',(#323),#10350,.T.);
#11106=ADVANCED_FACE('',(#324),#10351,.T.);
#11107=ADVANCED_FACE('',(#325),#10352,.T.);
#11108=ADVANCED_FACE('',(#326),#10353,.T.);
#11109=ADVANCED_FACE('',(#327),#10354,.T.);
#11110=ADVANCED_FACE('',(#328),#10355,.T.);
#11111=ADVANCED_FACE('',(#329),#10356,.T.);
#11112=ADVANCED_FACE('',(#330),#10357,.T.);
#11113=ADVANCED_FACE('',(#331),#10358,.T.);
#11114=ADVANCED_FACE('',(#332),#10359,.T.);
#11115=ADVANCED_FACE('',(#333),#10360,.T.);
#11116=ADVANCED_FACE('',(#334),#10361,.T.);
#11117=ADVANCED_FACE('',(#335),#10362,.T.);
#11118=ADVANCED_FACE('',(#336),#10363,.T.);
#11119=ADVANCED_FACE('',(#337),#10364,.T.);
#11120=ADVANCED_FACE('',(#338),#10365,.T.);
#11121=ADVANCED_FACE('',(#339),#10366,.T.);
#11122=ADVANCED_FACE('',(#340),#10367,.T.);
#11123=ADVANCED_FACE('',(#341),#10368,.T.);
#11124=ADVANCED_FACE('',(#342),#10369,.T.);
#11125=ADVANCED_FACE('',(#343),#10370,.T.);
#11126=ADVANCED_FACE('',(#344),#10371,.T.);
#11127=ADVANCED_FACE('',(#345),#10372,.T.);
#11128=ADVANCED_FACE('',(#346),#10373,.T.);
#11129=ADVANCED_FACE('',(#347),#10374,.T.);
#11130=ADVANCED_FACE('',(#348),#10375,.T.);
#11131=ADVANCED_FACE('',(#349),#10376,.T.);
#11132=ADVANCED_FACE('',(#350),#10377,.T.);
#11133=ADVANCED_FACE('',(#351),#10378,.T.);
#11134=ADVANCED_FACE('',(#352),#10379,.T.);
#11135=ADVANCED_FACE('',(#353),#10380,.T.);
#11136=ADVANCED_FACE('',(#354),#10381,.T.);
#11137=ADVANCED_FACE('',(#355),#10382,.T.);
#11138=ADVANCED_FACE('',(#356),#10383,.T.);
#11139=ADVANCED_FACE('',(#357),#10384,.T.);
#11140=ADVANCED_FACE('',(#358),#10385,.T.);
#11141=ADVANCED_FACE('',(#359),#10386,.T.);
#11142=ADVANCED_FACE('',(#360),#10387,.T.);
#11143=ADVANCED_FACE('',(#361),#10388,.T.);
#11144=ADVANCED_FACE('',(#362),#10389,.T.);
#11145=ADVANCED_FACE('',(#363),#10390,.T.);
#11146=ADVANCED_FACE('',(#364),#10391,.T.);
#11147=ADVANCED_FACE('',(#365),#10392,.T.);
#11148=ADVANCED_FACE('',(#366),#10393,.T.);
#11149=ADVANCED_FACE('',(#367),#10394,.T.);
#11150=ADVANCED_FACE('',(#368),#10395,.T.);
#11151=ADVANCED_FACE('',(#369),#10396,.T.);
#11152=ADVANCED_FACE('',(#370),#10397,.T.);
#11153=ADVANCED_FACE('',(#371),#10398,.T.);
#11154=ADVANCED_FACE('',(#372),#10399,.T.);
#11155=ADVANCED_FACE('',(#373),#10400,.T.);
#11156=ADVANCED_FACE('',(#374),#10401,.T.);
#11157=ADVANCED_FACE('',(#375),#10402,.T.);
#11158=ADVANCED_FACE('',(#376),#10403,.T.);
#11159=ADVANCED_FACE('',(#377),#10404,.T.);
#11160=ADVANCED_FACE('',(#378),#10405,.T.);
#11161=ADVANCED_FACE('',(#379),#10406,.T.);
#11162=ADVANCED_FACE('',(#380),#10407,.T.);
#11163=ADVANCED_FACE('',(#381),#10408,.T.);
#11164=ADVANCED_FACE('',(#382),#10409,.T.);
#11165=ADVANCED_FACE('',(#383),#10410,.T.);
#11166=ADVANCED_FACE('',(#384),#10411,.T.);
#11167=ADVANCED_FACE('',(#385),#10412,.T.);
#11168=ADVANCED_FACE('',(#386),#10413,.T.);
#11169=ADVANCED_FACE('',(#387),#10414,.T.);
#11170=ADVANCED_FACE('',(#388),#10415,.T.);
#11171=ADVANCED_FACE('',(#389),#10416,.T.);
#11172=ADVANCED_FACE('',(#390),#10417,.T.);
#11173=ADVANCED_FACE('',(#391),#10418,.T.);
#11174=ADVANCED_FACE('',(#392),#10419,.T.);
#11175=ADVANCED_FACE('',(#393),#10420,.T.);
#11176=ADVANCED_FACE('',(#394),#10421,.T.);
#11177=ADVANCED_FACE('',(#395),#10422,.T.);
#11178=ADVANCED_FACE('',(#396),#10423,.T.);
#11179=ADVANCED_FACE('',(#397),#10424,.T.);
#11180=ADVANCED_FACE('',(#398),#10425,.T.);
#11181=ADVANCED_FACE('',(#399),#10426,.T.);
#11182=ADVANCED_FACE('',(#400),#10427,.T.);
#11183=ADVANCED_FACE('',(#401),#10428,.T.);
#11184=ADVANCED_FACE('',(#402),#10429,.T.);
#11185=ADVANCED_FACE('',(#403),#10430,.T.);
#11186=ADVANCED_FACE('',(#404),#10431,.T.);
#11187=ADVANCED_FACE('',(#405),#10432,.T.);
#11188=ADVANCED_FACE('',(#406),#10433,.T.);
#11189=ADVANCED_FACE('',(#407),#10434,.T.);
#11190=ADVANCED_FACE('',(#408),#10435,.T.);
#11191=ADVANCED_FACE('',(#409),#10436,.T.);
#11192=ADVANCED_FACE('',(#410),#10437,.T.);
#11193=ADVANCED_FACE('',(#411),#10438,.T.);
#11194=ADVANCED_FACE('',(#412),#10439,.T.);
#11195=ADVANCED_FACE('',(#413),#10440,.T.);
#11196=ADVANCED_FACE('',(#414),#10441,.T.);
#11197=ADVANCED_FACE('',(#415),#10442,.T.);
#11198=ADVANCED_FACE('',(#416),#10443,.T.);
#11199=ADVANCED_FACE('',(#417),#10444,.T.);
#11200=ADVANCED_FACE('',(#418),#10445,.T.);
#11201=ADVANCED_FACE('',(#419),#10446,.T.);
#11202=ADVANCED_FACE('',(#420),#10447,.T.);
#11203=ADVANCED_FACE('',(#421),#10448,.T.);
#11204=ADVANCED_FACE('',(#422),#10449,.T.);
#11205=ADVANCED_FACE('',(#423),#10450,.T.);
#11206=ADVANCED_FACE('',(#424),#10451,.T.);
#11207=ADVANCED_FACE('',(#425),#10452,.T.);
#11208=ADVANCED_FACE('',(#426),#10453,.T.);
#11209=ADVANCED_FACE('',(#427),#10454,.T.);
#11210=ADVANCED_FACE('',(#428),#10455,.T.);
#11211=ADVANCED_FACE('',(#429),#10456,.T.);
#11212=ADVANCED_FACE('',(#430),#10457,.T.);
#11213=ADVANCED_FACE('',(#431),#10458,.T.);
#11214=ADVANCED_FACE('',(#432),#10459,.T.);
#11215=ADVANCED_FACE('',(#433),#10460,.T.);
#11216=ADVANCED_FACE('',(#434),#10461,.T.);
#11217=ADVANCED_FACE('',(#435),#10462,.T.);
#11218=ADVANCED_FACE('',(#436),#10463,.T.);
#11219=ADVANCED_FACE('',(#437),#10464,.T.);
#11220=ADVANCED_FACE('',(#438),#10465,.T.);
#11221=ADVANCED_FACE('',(#439),#10466,.T.);
#11222=ADVANCED_FACE('',(#440),#10467,.T.);
#11223=ADVANCED_FACE('',(#441),#10468,.T.);
#11224=ADVANCED_FACE('',(#442),#10469,.T.);
#11225=ADVANCED_FACE('',(#443),#10470,.T.);
#11226=ADVANCED_FACE('',(#444),#10471,.T.);
#11227=ADVANCED_FACE('',(#445),#10472,.T.);
#11228=ADVANCED_FACE('',(#446),#10473,.T.);
#11229=ADVANCED_FACE('',(#447),#10474,.T.);
#11230=ADVANCED_FACE('',(#448),#10475,.T.);
#11231=ADVANCED_FACE('',(#449),#10476,.T.);
#11232=ADVANCED_FACE('',(#450),#10477,.T.);
#11233=ADVANCED_FACE('',(#451),#10478,.T.);
#11234=ADVANCED_FACE('',(#452),#10479,.T.);
#11235=ADVANCED_FACE('',(#453),#10480,.T.);
#11236=ADVANCED_FACE('',(#454),#10481,.T.);
#11237=ADVANCED_FACE('',(#455),#10482,.T.);
#11238=ADVANCED_FACE('',(#456),#10483,.T.);
#11239=ADVANCED_FACE('',(#457),#10484,.T.);
#11240=ADVANCED_FACE('',(#458),#10485,.T.);
#11241=ADVANCED_FACE('',(#459),#10486,.T.);
#11242=ADVANCED_FACE('',(#460),#10487,.T.);
#11243=ADVANCED_FACE('',(#461),#10488,.T.);
#11244=ADVANCED_FACE('',(#462),#10489,.T.);
#11245=ADVANCED_FACE('',(#463),#10490,.T.);
#11246=ADVANCED_FACE('',(#464),#10491,.T.);
#11247=ADVANCED_FACE('',(#465),#10492,.T.);
#11248=ADVANCED_FACE('',(#466),#10493,.T.);
#11249=ADVANCED_FACE('',(#467),#10494,.T.);
#11250=ADVANCED_FACE('',(#468),#10495,.T.);
#11251=ADVANCED_FACE('',(#469),#10496,.T.);
#11252=ADVANCED_FACE('',(#470),#10497,.T.);
#11253=ADVANCED_FACE('',(#471),#10498,.T.);
#11254=ADVANCED_FACE('',(#472),#10499,.T.);
#11255=ADVANCED_FACE('',(#473),#10500,.T.);
#11256=ADVANCED_FACE('',(#474),#10501,.T.);
#11257=ADVANCED_FACE('',(#475),#10502,.T.);
#11258=ADVANCED_FACE('',(#476),#10503,.T.);
#11259=ADVANCED_FACE('',(#477),#10504,.T.);
#11260=ADVANCED_FACE('',(#478),#10505,.T.);
#11261=ADVANCED_FACE('',(#479),#10506,.T.);
#11262=ADVANCED_FACE('',(#480),#10507,.T.);
#11263=ADVANCED_FACE('',(#481),#10508,.T.);
#11264=ADVANCED_FACE('',(#482),#10509,.T.);
#11265=ADVANCED_FACE('',(#483),#10510,.T.);
#11266=ADVANCED_FACE('',(#484),#10511,.T.);
#11267=ADVANCED_FACE('',(#485),#10512,.T.);
#11268=ADVANCED_FACE('',(#486),#10513,.T.);
#11269=ADVANCED_FACE('',(#487),#10514,.T.);
#11270=ADVANCED_FACE('',(#488),#10515,.T.);
#11271=ADVANCED_FACE('',(#489),#10516,.T.);
#11272=ADVANCED_FACE('',(#490),#10517,.T.);
#11273=ADVANCED_FACE('',(#491),#10518,.T.);
#11274=ADVANCED_FACE('',(#492),#10519,.T.);
#11275=ADVANCED_FACE('',(#493),#10520,.T.);
#11276=ADVANCED_FACE('',(#494),#10521,.T.);
#11277=ADVANCED_FACE('',(#495),#10522,.T.);
#11278=ADVANCED_FACE('',(#496),#10523,.T.);
#11279=ADVANCED_FACE('',(#497),#10524,.T.);
#11280=ADVANCED_FACE('',(#498),#10525,.T.);
#11281=ADVANCED_FACE('',(#499),#10526,.T.);
#11282=ADVANCED_FACE('',(#500),#10527,.T.);
#11283=ADVANCED_FACE('',(#501),#10528,.T.);
#11284=ADVANCED_FACE('',(#502),#10529,.T.);
#11285=ADVANCED_FACE('',(#503),#10530,.T.);
#11286=ADVANCED_FACE('',(#504),#10531,.T.);
#11287=ADVANCED_FACE('',(#505),#10532,.T.);
#11288=ADVANCED_FACE('',(#506),#10533,.T.);
#11289=ADVANCED_FACE('',(#507),#10534,.T.);
#11290=ADVANCED_FACE('',(#508),#10535,.T.);
#11291=ADVANCED_FACE('',(#509),#10536,.T.);
#11292=ADVANCED_FACE('',(#510),#10537,.T.);
#11293=ADVANCED_FACE('',(#511),#10538,.T.);
#11294=ADVANCED_FACE('',(#512),#10539,.T.);
#11295=ADVANCED_FACE('',(#513),#10540,.T.);
#11296=ADVANCED_FACE('',(#514),#10541,.T.);
#11297=ADVANCED_FACE('',(#515),#10542,.T.);
#11298=ADVANCED_FACE('',(#516),#10543,.T.);
#11299=ADVANCED_FACE('',(#517),#10544,.T.);
#11300=ADVANCED_FACE('',(#518),#10545,.T.);
#11301=ADVANCED_FACE('',(#519),#10546,.T.);
#11302=ADVANCED_FACE('',(#520),#10547,.T.);
#11303=ADVANCED_FACE('',(#521),#10548,.T.);
#11304=ADVANCED_FACE('',(#522),#10549,.T.);
#11305=ADVANCED_FACE('',(#523),#10550,.T.);
#11306=ADVANCED_FACE('',(#524),#10551,.T.);
#11307=ADVANCED_FACE('',(#525),#10552,.T.);
#11308=ADVANCED_FACE('',(#526),#10553,.T.);
#11309=ADVANCED_FACE('',(#527),#10554,.T.);
#11310=ADVANCED_FACE('',(#528),#10555,.T.);
#11311=ADVANCED_FACE('',(#529),#10556,.T.);
#11312=ADVANCED_FACE('',(#530),#10557,.T.);
#11313=ADVANCED_FACE('',(#531),#10558,.T.);
#11314=ADVANCED_FACE('',(#532),#10559,.T.);
#11315=ADVANCED_FACE('',(#533),#10560,.T.);
#11316=ADVANCED_FACE('',(#534),#10561,.T.);
#11317=ADVANCED_FACE('',(#535),#10562,.T.);
#11318=ADVANCED_FACE('',(#536),#10563,.T.);
#11319=ADVANCED_FACE('',(#537),#10564,.T.);
#11320=ADVANCED_FACE('',(#538),#10565,.T.);
#11321=ADVANCED_FACE('',(#539),#10566,.T.);
#11322=ADVANCED_FACE('',(#540),#10567,.T.);
#11323=ADVANCED_FACE('',(#541),#10568,.T.);
#11324=ADVANCED_FACE('',(#542),#10569,.T.);
#11325=ADVANCED_FACE('',(#543),#10570,.T.);
#11326=ADVANCED_FACE('',(#544),#10571,.T.);
#11327=ADVANCED_FACE('',(#545),#10572,.T.);
#11328=ADVANCED_FACE('',(#546),#10573,.T.);
#11329=ADVANCED_FACE('',(#547),#10574,.T.);
#11330=ADVANCED_FACE('',(#548),#10575,.T.);
#11331=ADVANCED_FACE('',(#549),#10576,.T.);
#11332=ADVANCED_FACE('',(#550),#10577,.T.);
#11333=ADVANCED_FACE('',(#551),#10578,.T.);
#11334=ADVANCED_FACE('',(#552),#10579,.T.);
#11335=ADVANCED_FACE('',(#553),#10580,.T.);
#11336=ADVANCED_FACE('',(#554),#10581,.T.);
#11337=ADVANCED_FACE('',(#555),#10582,.T.);
#11338=ADVANCED_FACE('',(#556),#10583,.T.);
#11339=ADVANCED_FACE('',(#557),#10584,.T.);
#11340=ADVANCED_FACE('',(#558),#10585,.T.);
#11341=ADVANCED_FACE('',(#559),#10586,.T.);
#11342=ADVANCED_FACE('',(#560),#10587,.T.);
#11343=ADVANCED_FACE('',(#561),#10588,.T.);
#11344=ADVANCED_FACE('',(#562),#10589,.T.);
#11345=ADVANCED_FACE('',(#563),#10590,.T.);
#11346=ADVANCED_FACE('',(#564),#10591,.T.);
#11347=ADVANCED_FACE('',(#565),#10592,.T.);
#11348=ADVANCED_FACE('',(#566),#10593,.T.);
#11349=ADVANCED_FACE('',(#567),#10594,.T.);
#11350=ADVANCED_FACE('',(#568),#10595,.T.);
#11351=ADVANCED_FACE('',(#569),#10596,.T.);
#11352=ADVANCED_FACE('',(#570),#10597,.T.);
#11353=ADVANCED_FACE('',(#571),#10598,.T.);
#11354=ADVANCED_FACE('',(#572),#10599,.T.);
#11355=ADVANCED_FACE('',(#573),#10600,.T.);
#11356=ADVANCED_FACE('',(#574),#10601,.T.);
#11357=ADVANCED_FACE('',(#575),#10602,.T.);
#11358=ADVANCED_FACE('',(#576),#10603,.T.);
#11359=ADVANCED_FACE('',(#577),#10604,.T.);
#11360=ADVANCED_FACE('',(#578),#10605,.T.);
#11361=ADVANCED_FACE('',(#579),#10606,.T.);
#11362=ADVANCED_FACE('',(#580),#10607,.T.);
#11363=ADVANCED_FACE('',(#581),#10608,.T.);
#11364=ADVANCED_FACE('',(#582),#10609,.T.);
#11365=ADVANCED_FACE('',(#583),#10610,.T.);
#11366=ADVANCED_FACE('',(#584),#10611,.T.);
#11367=ADVANCED_FACE('',(#585),#10612,.T.);
#11368=ADVANCED_FACE('',(#586),#10613,.T.);
#11369=ADVANCED_FACE('',(#587),#10614,.T.);
#11370=ADVANCED_FACE('',(#588),#10615,.T.);
#11371=ADVANCED_FACE('',(#589),#10616,.T.);
#11372=ADVANCED_FACE('',(#590),#10617,.T.);
#11373=ADVANCED_FACE('',(#591),#10618,.T.);
#11374=ADVANCED_FACE('',(#592),#10619,.T.);
#11375=ADVANCED_FACE('',(#593),#10620,.T.);
#11376=ADVANCED_FACE('',(#594),#10621,.T.);
#11377=ADVANCED_FACE('',(#595),#10622,.T.);
#11378=ADVANCED_FACE('',(#596),#10623,.T.);
#11379=ADVANCED_FACE('',(#597),#10624,.T.);
#11380=ADVANCED_FACE('',(#598),#10625,.T.);
#11381=ADVANCED_FACE('',(#599),#10626,.T.);
#11382=ADVANCED_FACE('',(#600),#10627,.T.);
#11383=ADVANCED_FACE('',(#601),#10628,.T.);
#11384=ADVANCED_FACE('',(#602),#10629,.T.);
#11385=ADVANCED_FACE('',(#603),#10630,.T.);
#11386=ADVANCED_FACE('',(#604),#10631,.T.);
#11387=ADVANCED_FACE('',(#605),#10632,.T.);
#11388=ADVANCED_FACE('',(#606),#10633,.T.);
#11389=ADVANCED_FACE('',(#607),#10634,.T.);
#11390=ADVANCED_FACE('',(#608),#10635,.T.);
#11391=ADVANCED_FACE('',(#609),#10636,.T.);
#11392=ADVANCED_FACE('',(#610),#10637,.T.);
#11393=ADVANCED_FACE('',(#611),#10638,.T.);
#11394=ADVANCED_FACE('',(#612),#10639,.T.);
#11395=ADVANCED_FACE('',(#613),#10640,.T.);
#11396=ADVANCED_FACE('',(#614),#10641,.T.);
#11397=ADVANCED_FACE('',(#615),#10642,.T.);
#11398=ADVANCED_FACE('',(#616),#10643,.T.);
#11399=ADVANCED_FACE('',(#617),#10644,.T.);
#11400=ADVANCED_FACE('',(#618),#10645,.T.);
#11401=ADVANCED_FACE('',(#619),#10646,.T.);
#11402=ADVANCED_FACE('',(#620),#10647,.T.);
#11403=ADVANCED_FACE('',(#621),#10648,.T.);
#11404=ADVANCED_FACE('',(#622),#10649,.T.);
#11405=ADVANCED_FACE('',(#623),#10650,.T.);
#11406=ADVANCED_FACE('',(#624),#10651,.T.);
#11407=ADVANCED_FACE('',(#625),#10652,.T.);
#11408=ADVANCED_FACE('',(#626),#10653,.T.);
#11409=ADVANCED_FACE('',(#627),#10654,.T.);
#11410=ADVANCED_FACE('',(#628),#10655,.T.);
#11411=ADVANCED_FACE('',(#629),#10656,.T.);
#11412=ADVANCED_FACE('',(#630),#10657,.T.);
#11413=ADVANCED_FACE('',(#631),#10658,.T.);
#11414=ADVANCED_FACE('',(#632),#10659,.T.);
#11415=ADVANCED_FACE('',(#633),#10660,.T.);
#11416=ADVANCED_FACE('',(#634),#10661,.T.);
#11417=ADVANCED_FACE('',(#635),#10662,.T.);
#11418=ADVANCED_FACE('',(#636),#10663,.T.);
#11419=ADVANCED_FACE('',(#637),#10664,.T.);
#11420=ADVANCED_FACE('',(#638),#10665,.T.);
#11421=ADVANCED_FACE('',(#639),#10666,.T.);
#11422=ADVANCED_FACE('',(#640),#10667,.T.);
#11423=ADVANCED_FACE('',(#641),#10668,.T.);
#11424=ADVANCED_FACE('',(#642),#10669,.T.);
#11425=ADVANCED_FACE('',(#643),#10670,.T.);
#11426=ADVANCED_FACE('',(#644),#10671,.T.);
#11427=ADVANCED_FACE('',(#645),#10672,.T.);
#11428=ADVANCED_FACE('',(#646),#10673,.T.);
#11429=ADVANCED_FACE('',(#647),#10674,.T.);
#11430=ADVANCED_FACE('',(#648),#10675,.T.);
#11431=ADVANCED_FACE('',(#649),#10676,.T.);
#11432=ADVANCED_FACE('',(#650),#10677,.T.);
#11433=ADVANCED_FACE('',(#651),#10678,.T.);
#11434=ADVANCED_FACE('',(#652),#10679,.T.);
#11435=ADVANCED_FACE('',(#653),#10680,.T.);
#11436=ADVANCED_FACE('',(#654),#10681,.T.);
#11437=ADVANCED_FACE('',(#655),#10682,.T.);
#11438=ADVANCED_FACE('',(#656),#10683,.T.);
#11439=ADVANCED_FACE('',(#657),#10684,.T.);
#11440=ADVANCED_FACE('',(#658),#10685,.T.);
#11441=ADVANCED_FACE('',(#659),#10686,.T.);
#11442=ADVANCED_FACE('',(#660),#10687,.T.);
#11443=ADVANCED_FACE('',(#661),#10688,.T.);
#11444=ADVANCED_FACE('',(#662),#10689,.T.);
#11445=ADVANCED_FACE('',(#663),#10690,.T.);
#11446=ADVANCED_FACE('',(#664),#10691,.T.);
#11447=ADVANCED_FACE('',(#665),#10692,.T.);
#11448=ADVANCED_FACE('',(#666),#10693,.T.);
#11449=ADVANCED_FACE('',(#667),#10694,.T.);
#11450=ADVANCED_FACE('',(#668),#10695,.T.);
#11451=ADVANCED_FACE('',(#669),#10696,.T.);
#11452=ADVANCED_FACE('',(#670),#10697,.T.);
#11453=ADVANCED_FACE('',(#671),#10698,.T.);
#11454=ADVANCED_FACE('',(#672),#10699,.T.);
#11455=ADVANCED_FACE('',(#673),#10700,.T.);
#11456=ADVANCED_FACE('',(#674),#10701,.T.);
#11457=ADVANCED_FACE('',(#675),#10702,.T.);
#11458=ADVANCED_FACE('',(#676),#10703,.T.);
#11459=ADVANCED_FACE('',(#677),#10704,.T.);
#11460=ADVANCED_FACE('',(#678),#10705,.T.);
#11461=ADVANCED_FACE('',(#679),#10706,.T.);
#11462=ADVANCED_FACE('',(#680),#10707,.T.);
#11463=ADVANCED_FACE('',(#681),#10708,.T.);
#11464=ADVANCED_FACE('',(#682),#10709,.T.);
#11465=ADVANCED_FACE('',(#683),#10710,.T.);
#11466=ADVANCED_FACE('',(#684),#10711,.T.);
#11467=ADVANCED_FACE('',(#685),#10712,.T.);
#11468=ADVANCED_FACE('',(#686),#10713,.T.);
#11469=ADVANCED_FACE('',(#687),#10714,.T.);
#11470=ADVANCED_FACE('',(#688),#10715,.T.);
#11471=ADVANCED_FACE('',(#689),#10716,.T.);
#11472=ADVANCED_FACE('',(#690),#10717,.T.);
#11473=ADVANCED_FACE('',(#691),#10718,.T.);
#11474=ADVANCED_FACE('',(#692),#10719,.T.);
#11475=ADVANCED_FACE('',(#693),#10720,.T.);
#11476=ADVANCED_FACE('',(#694),#10721,.T.);
#11477=ADVANCED_FACE('',(#695),#10722,.T.);
#11478=ADVANCED_FACE('',(#696),#10723,.T.);
#11479=ADVANCED_FACE('',(#697),#10724,.T.);
#11480=ADVANCED_FACE('',(#698),#10725,.T.);
#11481=ADVANCED_FACE('',(#699),#10726,.T.);
#11482=ADVANCED_FACE('',(#700),#10727,.T.);
#11483=ADVANCED_FACE('',(#701),#10728,.T.);
#11484=ADVANCED_FACE('',(#702),#10729,.T.);
#11485=ADVANCED_FACE('',(#703),#10730,.T.);
#11486=ADVANCED_FACE('',(#704),#10731,.T.);
#11487=ADVANCED_FACE('',(#705),#10732,.T.);
#11488=ADVANCED_FACE('',(#706),#10733,.T.);
#11489=ADVANCED_FACE('',(#707),#10734,.T.);
#11490=ADVANCED_FACE('',(#708),#10735,.T.);
#11491=ADVANCED_FACE('',(#709),#10736,.T.);
#11492=ADVANCED_FACE('',(#710),#10737,.T.);
#11493=ADVANCED_FACE('',(#711),#10738,.T.);
#11494=ADVANCED_FACE('',(#712),#10739,.T.);
#11495=ADVANCED_FACE('',(#713),#10740,.T.);
#11496=ADVANCED_FACE('',(#714),#10741,.T.);
#11497=ADVANCED_FACE('',(#715),#10742,.T.);
#11498=ADVANCED_FACE('',(#716),#10743,.T.);
#11499=ADVANCED_FACE('',(#717),#10744,.T.);
#11500=ADVANCED_FACE('',(#718),#10745,.T.);
#11501=ADVANCED_FACE('',(#719),#10746,.T.);
#11502=ADVANCED_FACE('',(#720),#10747,.T.);
#11503=ADVANCED_FACE('',(#721),#10748,.T.);
#11504=ADVANCED_FACE('',(#722),#10749,.T.);
#11505=ADVANCED_FACE('',(#723),#10750,.T.);
#11506=ADVANCED_FACE('',(#724),#10751,.T.);
#11507=ADVANCED_FACE('',(#725),#10752,.T.);
#11508=ADVANCED_FACE('',(#726),#10753,.T.);
#11509=ADVANCED_FACE('',(#727),#10754,.T.);
#11510=ADVANCED_FACE('',(#728),#10755,.T.);
#11511=ADVANCED_FACE('',(#729),#10756,.T.);
#11512=ADVANCED_FACE('',(#730),#10757,.T.);
#11513=ADVANCED_FACE('',(#731),#10758,.T.);
#11514=ADVANCED_FACE('',(#732),#10759,.T.);
#11515=ADVANCED_FACE('',(#733),#10760,.T.);
#11516=ADVANCED_FACE('',(#734),#10761,.T.);
#11517=ADVANCED_FACE('',(#735),#10762,.T.);
#11518=ADVANCED_FACE('',(#736),#10763,.T.);
#11519=ADVANCED_FACE('',(#737),#10764,.T.);
#11520=ADVANCED_FACE('',(#738),#10765,.T.);
#11521=ADVANCED_FACE('',(#739),#10766,.T.);
#11522=ADVANCED_FACE('',(#740),#10767,.T.);
#11523=ADVANCED_FACE('',(#741),#10768,.T.);
#11524=ADVANCED_FACE('',(#742),#10769,.T.);
#11525=ADVANCED_FACE('',(#743),#10770,.T.);
#11526=ADVANCED_FACE('',(#744),#10771,.T.);
#11527=ADVANCED_FACE('',(#745),#10772,.T.);
#11528=ADVANCED_FACE('',(#746),#10773,.T.);
#11529=ADVANCED_FACE('',(#747),#10774,.T.);
#11530=ADVANCED_FACE('',(#748),#10775,.T.);
#11531=ADVANCED_FACE('',(#749),#10776,.T.);
#11532=ADVANCED_FACE('',(#750),#10777,.T.);
#11533=ADVANCED_FACE('',(#751),#10778,.T.);
#11534=ADVANCED_FACE('',(#752),#10779,.T.);
#11535=ADVANCED_FACE('',(#753),#10780,.T.);
#11536=ADVANCED_FACE('',(#754),#10781,.T.);
#11537=ADVANCED_FACE('',(#755),#10782,.T.);
#11538=ADVANCED_FACE('',(#756),#10783,.T.);
#11539=ADVANCED_FACE('',(#757),#10784,.T.);
#11540=ADVANCED_FACE('',(#758),#10785,.T.);
#11541=ADVANCED_FACE('',(#759),#10786,.T.);
#11542=ADVANCED_FACE('',(#760),#10787,.T.);
#11543=ADVANCED_FACE('',(#761),#10788,.T.);
#11544=ADVANCED_FACE('',(#762),#10789,.T.);
#11545=ADVANCED_FACE('',(#763),#10790,.T.);
#11546=ADVANCED_FACE('',(#764),#10791,.T.);
#11547=ADVANCED_FACE('',(#765),#10792,.T.);
#11548=ADVANCED_FACE('',(#766),#10793,.T.);
#11549=ADVANCED_FACE('',(#767),#10794,.T.);
#11550=ADVANCED_FACE('',(#768),#10795,.T.);
#11551=ADVANCED_FACE('',(#769),#10796,.T.);
#11552=CLOSED_SHELL('',(#10797,#10798,#10799,#10800,#10801,#10802,#10803,
#10804,#10805,#10806,#10807,#10808,#10809,#10810,#10811,#10812,#10813,#10814,
#10815,#10816,#10817,#10818,#10819,#10820,#10821,#10822,#10823,#10824,#10825,
#10826,#10827,#10828,#10829,#10830,#10831,#10832,#10833,#10834,#10835,#10836,
#10837,#10838,#10839,#10840,#10841,#10842,#10843,#10844,#10845,#10846,#10847,
#10848,#10849,#10850,#10851,#10852,#10853,#10854,#10855,#10856,#10857,#10858,
#10859,#10860,#10861,#10862,#10863,#10864,#10865,#10866,#10867,#10868,#10869,
#10870,#10871,#10872,#10873,#10874,#10875,#10876,#10877,#10878,#10879,#10880,
#10881,#10882,#10883,#10884,#10885,#10886,#10887,#10888,#10889,#10890,#10891,
#10892,#10893,#10894,#10895,#10896,#10897,#10898,#10899,#10900,#10901,#10902,
#10903,#10904,#10905,#10906,#10907,#10908,#10909,#10910,#10911,#10912,#10913,
#10914,#10915,#10916,#10917,#10918,#10919,#10920,#10921,#10922,#10923,#10924,
#10925,#10926,#10927,#10928,#10929,#10930,#10931,#10932,#10933,#10934,#10935,
#10936,#10937,#10938,#10939,#10940,#10941,#10942,#10943,#10944,#10945,#10946,
#10947,#10948,#10949,#10950,#10951,#10952,#10953,#10954,#10955,#10956,#10957,
#10958,#10959,#10960,#10961,#10962,#10963,#10964,#10965,#10966,#10967,#10968,
#10969,#10970,#10971,#10972,#10973,#10974,#10975,#10976,#10977,#10978,#10979,
#10980,#10981,#10982,#10983,#10984,#10985,#10986,#10987,#10988,#10989,#10990,
#10991,#10992,#10993,#10994,#10995,#10996,#10997,#10998,#10999,#11000,#11001,
#11002,#11003,#11004,#11005,#11006,#11007,#11008,#11009,#11010,#11011,#11012,
#11013,#11014,#11015,#11016,#11017,#11018,#11019,#11020,#11021,#11022,#11023,
#11024,#11025,#11026,#11027,#11028,#11029,#11030,#11031,#11032,#11033,#11034,
#11035,#11036,#11037,#11038,#11039,#11040,#11041,#11042,#11043,#11044,#11045,
#11046,#11047,#11048,#11049,#11050,#11051,#11052,#11053,#11054,#11055,#11056,
#11057,#11058,#11059,#11060,#11061,#11062,#11063,#11064,#11065,#11066,#11067,
#11068,#11069,#11070,#11071,#11072,#11073,#11074,#11075,#11076,#11077,#11078,
#11079,#11080,#11081,#11082,#11083,#11084,#11085,#11086,#11087,#11088,#11089,
#11090,#11091,#11092,#11093,#11094,#11095,#11096,#11097,#11098,#11099,#11100,
#11101,#11102,#11103,#11104,#11105,#11106,#11107,#11108,#11109,#11110,#11111,
#11112,#11113,#11114,#11115,#11116,#11117,#11118,#11119,#11120,#11121,#11122,
#11123,#11124,#11125,#11126,#11127,#11128,#11129,#11130,#11131,#11132,#11133,
#11134,#11135,#11136,#11137,#11138,#11139,#11140,#11141,#11142,#11143,#11144,
#11145,#11146,#11147,#11148,#11149,#11150,#11151,#11152,#11153,#11154,#11155,
#11156,#11157,#11158,#11159,#11160,#11161,#11162,#11163,#11164,#11165,#11166,
#11167,#11168,#11169,#11170,#11171,#11172,#11173,#11174,#11175,#11176,#11177,
#11178,#11179,#11180,#11181,#11182,#11183,#11184,#11185,#11186,#11187,#11188,
#11189,#11190,#11191,#11192,#11193,#11194,#11195,#11196,#11197,#11198,#11199,
#11200,#11201,#11202,#11203,#11204,#11205,#11206,#11207,#11208,#11209,#11210,
#11211,#11212,#11213,#11214,#11215,#11216,#11217,#11218,#11219,#11220,#11221,
#11222,#11223,#11224,#11225,#11226,#11227,#11228,#11229,#11230,#11231,#11232,
#11233,#11234,#11235,#11236,#11237,#11238,#11239,#11240,#11241,#11242,#11243,
#11244,#11245,#11246,#11247,#11248,#11249,#11250,#11251,#11252,#11253,#11254,
#11255,#11256,#11257,#11258,#11259,#11260,#11261,#11262,#11263,#11264,#11265,
#11266,#11267,#11268,#11269,#11270,#11271,#11272,#11273,#11274,#11275,#11276,
#11277,#11278,#11279,#11280,#11281,#11282,#11283,#11284,#11285,#11286,#11287,
#11288,#11289,#11290,#11291,#11292,#11293,#11294,#11295,#11296,#11297,#11298,
#11299,#11300,#11301,#11302,#11303,#11304,#11305,#11306,#11307,#11308,#11309,
#11310,#11311,#11312,#11313,#11314,#11315,#11316,#11317,#11318,#11319,#11320,
#11321,#11322,#11323,#11324,#11325,#11326,#11327,#11328,#11329,#11330,#11331,
#11332,#11333,#11334,#11335,#11336,#11337,#11338,#11339,#11340,#11341,#11342,
#11343,#11344,#11345,#11346,#11347,#11348,#11349,#11350,#11351,#11352,#11353,
#11354,#11355,#11356,#11357,#11358,#11359,#11360,#11361,#11362,#11363,#11364,
#11365,#11366,#11367,#11368,#11369,#11370,#11371,#11372,#11373,#11374,#11375,
#11376,#11377,#11378,#11379,#11380,#11381,#11382,#11383,#11384,#11385,#11386,
#11387,#11388,#11389,#11390,#11391,#11392,#11393,#11394,#11395,#11396,#11397,
#11398,#11399,#11400,#11401,#11402,#11403,#11404,#11405,#11406,#11407,#11408,
#11409,#11410,#11411,#11412,#11413,#11414,#11415,#11416,#11417,#11418,#11419,
#11420,#11421,#11422,#11423,#11424,#11425,#11426,#11427,#11428,#11429,#11430,
#11431,#11432,#11433,#11434,#11435,#11436,#11437,#11438,#11439,#11440,#11441,
#11442,#11443,#11444,#11445,#11446,#11447,#11448,#11449,#11450,#11451,#11452,
#11453,#11454,#11455,#11456,#11457,#11458,#11459,#11460,#11461,#11462,#11463,
#11464,#11465,#11466,#11467,#11468,#11469,#11470,#11471,#11472,#11473,#11474,
#11475,#11476,#11477,#11478,#11479,#11480,#11481,#11482,#11483,#11484,#11485,
#11486,#11487,#11488,#11489,#11490,#11491,#11492,#11493,#11494,#11495,#11496,
#11497,#11498,#11499,#11500,#11501,#11502,#11503,#11504,#11505,#11506,#11507,
#11508,#11509,#11510,#11511,#11512,#11513,#11514,#11515,#11516,#11517,#11518,
#11519,#11520,#11521,#11522,#11523,#11524,#11525,#11526,#11527,#11528,#11529,
#11530,#11531,#11532,#11533,#11534,#11535,#11536,#11537,#11538,#11539,#11540,
#11541,#11542,#11543,#11544,#11545,#11546,#11547,#11548,#11549,#11550,#11551));
#11553=DERIVED_UNIT_ELEMENT(#11555,1.);
#11554=DERIVED_UNIT_ELEMENT(#18476,-3.);
#11555=(
MASS_UNIT()
NAMED_UNIT(*)
SI_UNIT(.KILO.,.GRAM.)
);
#11556=DERIVED_UNIT((#11553,#11554));
#11557=MEASURE_REPRESENTATION_ITEM('density measure',
POSITIVE_RATIO_MEASURE(7850.),#11556);
#11558=PROPERTY_DEFINITION_REPRESENTATION(#11563,#11560);
#11559=PROPERTY_DEFINITION_REPRESENTATION(#11564,#11561);
#11560=REPRESENTATION('material name',(#11562),#18473);
#11561=REPRESENTATION('density',(#11557),#18473);
#11562=DESCRIPTIVE_REPRESENTATION_ITEM('Steel','Steel');
#11563=PROPERTY_DEFINITION('material property','material name',#18483);
#11564=PROPERTY_DEFINITION('material property','density of part',#18483);
#11565=AXIS2_PLACEMENT_3D('',#15378,#12321,#12322);
#11566=AXIS2_PLACEMENT_3D('',#15379,#12323,#12324);
#11567=AXIS2_PLACEMENT_3D('',#15516,#12393,#12394);
#11568=AXIS2_PLACEMENT_3D('',#15522,#12398,#12399);
#11569=AXIS2_PLACEMENT_3D('',#15531,#12404,#12405);
#11570=AXIS2_PLACEMENT_3D('',#15699,#12490,#12491);
#11571=AXIS2_PLACEMENT_3D('',#15708,#12496,#12497);
#11572=AXIS2_PLACEMENT_3D('',#15876,#12582,#12583);
#11573=AXIS2_PLACEMENT_3D('',#16021,#12656,#12657);
#11574=AXIS2_PLACEMENT_3D('',#16027,#12661,#12662);
#11575=AXIS2_PLACEMENT_3D('',#16033,#12666,#12667);
#11576=AXIS2_PLACEMENT_3D('',#16067,#12687,#12688);
#11577=AXIS2_PLACEMENT_3D('',#16071,#12691,#12692);
#11578=AXIS2_PLACEMENT_3D('',#16080,#12697,#12698);
#11579=AXIS2_PLACEMENT_3D('',#16086,#12702,#12703);
#11580=AXIS2_PLACEMENT_3D('',#16088,#12705,#12706);
#11581=AXIS2_PLACEMENT_3D('',#16092,#12709,#12710);
#11582=AXIS2_PLACEMENT_3D('',#16097,#12714,#12715);
#11583=AXIS2_PLACEMENT_3D('',#16098,#12716,#12717);
#11584=AXIS2_PLACEMENT_3D('',#16103,#12721,#12722);
#11585=AXIS2_PLACEMENT_3D('',#16104,#12723,#12724);
#11586=AXIS2_PLACEMENT_3D('',#16109,#12728,#12729);
#11587=AXIS2_PLACEMENT_3D('',#16110,#12730,#12731);
#11588=AXIS2_PLACEMENT_3D('',#16115,#12735,#12736);
#11589=AXIS2_PLACEMENT_3D('',#16116,#12737,#12738);
#11590=AXIS2_PLACEMENT_3D('',#16120,#12741,#12742);
#11591=AXIS2_PLACEMENT_3D('',#16125,#12746,#12747);
#11592=AXIS2_PLACEMENT_3D('',#16127,#12749,#12750);
#11593=AXIS2_PLACEMENT_3D('',#16128,#12751,#12752);
#11594=AXIS2_PLACEMENT_3D('',#16133,#12756,#12757);
#11595=AXIS2_PLACEMENT_3D('',#16134,#12758,#12759);
#11596=AXIS2_PLACEMENT_3D('',#16139,#12763,#12764);
#11597=AXIS2_PLACEMENT_3D('',#16140,#12765,#12766);
#11598=AXIS2_PLACEMENT_3D('',#16145,#12770,#12771);
#11599=AXIS2_PLACEMENT_3D('',#16146,#12772,#12773);
#11600=AXIS2_PLACEMENT_3D('',#16150,#12776,#12777);
#11601=AXIS2_PLACEMENT_3D('',#16155,#12781,#12782);
#11602=AXIS2_PLACEMENT_3D('',#16156,#12783,#12784);
#11603=AXIS2_PLACEMENT_3D('',#16158,#12786,#12787);
#11604=AXIS2_PLACEMENT_3D('',#16160,#12789,#12790);
#11605=AXIS2_PLACEMENT_3D('',#16164,#12793,#12794);
#11606=AXIS2_PLACEMENT_3D('',#16166,#12796,#12797);
#11607=AXIS2_PLACEMENT_3D('',#16170,#12800,#12801);
#11608=AXIS2_PLACEMENT_3D('',#16174,#12804,#12805);
#11609=AXIS2_PLACEMENT_3D('',#16176,#12807,#12808);
#11610=AXIS2_PLACEMENT_3D('',#16178,#12810,#12811);
#11611=AXIS2_PLACEMENT_3D('',#16182,#12814,#12815);
#11612=AXIS2_PLACEMENT_3D('',#16184,#12817,#12818);
#11613=AXIS2_PLACEMENT_3D('',#16188,#12821,#12822);
#11614=AXIS2_PLACEMENT_3D('',#16190,#12824,#12825);
#11615=AXIS2_PLACEMENT_3D('',#16194,#12828,#12829);
#11616=AXIS2_PLACEMENT_3D('',#16196,#12831,#12832);
#11617=AXIS2_PLACEMENT_3D('',#16200,#12835,#12836);
#11618=AXIS2_PLACEMENT_3D('',#16204,#12839,#12840);
#11619=AXIS2_PLACEMENT_3D('',#16206,#12842,#12843);
#11620=AXIS2_PLACEMENT_3D('',#16208,#12845,#12846);
#11621=AXIS2_PLACEMENT_3D('',#16212,#12849,#12850);
#11622=AXIS2_PLACEMENT_3D('',#16214,#12852,#12853);
#11623=AXIS2_PLACEMENT_3D('',#16218,#12856,#12857);
#11624=AXIS2_PLACEMENT_3D('',#16220,#12859,#12860);
#11625=AXIS2_PLACEMENT_3D('',#16224,#12863,#12864);
#11626=AXIS2_PLACEMENT_3D('',#16228,#12867,#12868);
#11627=AXIS2_PLACEMENT_3D('',#16233,#12872,#12873);
#11628=AXIS2_PLACEMENT_3D('',#16235,#12875,#12876);
#11629=AXIS2_PLACEMENT_3D('',#16236,#12877,#12878);
#11630=AXIS2_PLACEMENT_3D('',#16241,#12882,#12883);
#11631=AXIS2_PLACEMENT_3D('',#16242,#12884,#12885);
#11632=AXIS2_PLACEMENT_3D('',#16247,#12889,#12890);
#11633=AXIS2_PLACEMENT_3D('',#16248,#12891,#12892);
#11634=AXIS2_PLACEMENT_3D('',#16253,#12896,#12897);
#11635=AXIS2_PLACEMENT_3D('',#16254,#12898,#12899);
#11636=AXIS2_PLACEMENT_3D('',#16259,#12903,#12904);
#11637=AXIS2_PLACEMENT_3D('',#16260,#12905,#12906);
#11638=AXIS2_PLACEMENT_3D('',#16265,#12910,#12911);
#11639=AXIS2_PLACEMENT_3D('',#16266,#12912,#12913);
#11640=AXIS2_PLACEMENT_3D('',#16271,#12917,#12918);
#11641=AXIS2_PLACEMENT_3D('',#16272,#12919,#12920);
#11642=AXIS2_PLACEMENT_3D('',#16274,#12922,#12923);
#11643=AXIS2_PLACEMENT_3D('',#16278,#12926,#12927);
#11644=AXIS2_PLACEMENT_3D('',#16283,#12931,#12932);
#11645=AXIS2_PLACEMENT_3D('',#16284,#12933,#12934);
#11646=AXIS2_PLACEMENT_3D('',#16289,#12938,#12939);
#11647=AXIS2_PLACEMENT_3D('',#16290,#12940,#12941);
#11648=AXIS2_PLACEMENT_3D('',#16295,#12945,#12946);
#11649=AXIS2_PLACEMENT_3D('',#16296,#12947,#12948);
#11650=AXIS2_PLACEMENT_3D('',#16301,#12952,#12953);
#11651=AXIS2_PLACEMENT_3D('',#16302,#12954,#12955);
#11652=AXIS2_PLACEMENT_3D('',#16307,#12959,#12960);
#11653=AXIS2_PLACEMENT_3D('',#16308,#12961,#12962);
#11654=AXIS2_PLACEMENT_3D('',#16312,#12965,#12966);
#11655=AXIS2_PLACEMENT_3D('',#16317,#12970,#12971);
#11656=AXIS2_PLACEMENT_3D('',#16318,#12972,#12973);
#11657=AXIS2_PLACEMENT_3D('',#16323,#12977,#12978);
#11658=AXIS2_PLACEMENT_3D('',#16325,#12980,#12981);
#11659=AXIS2_PLACEMENT_3D('',#16326,#12982,#12983);
#11660=AXIS2_PLACEMENT_3D('',#16331,#12987,#12988);
#11661=AXIS2_PLACEMENT_3D('',#16332,#12989,#12990);
#11662=AXIS2_PLACEMENT_3D('',#16336,#12993,#12994);
#11663=AXIS2_PLACEMENT_3D('',#16341,#12998,#12999);
#11664=AXIS2_PLACEMENT_3D('',#16343,#13001,#13002);
#11665=AXIS2_PLACEMENT_3D('',#16344,#13003,#13004);
#11666=AXIS2_PLACEMENT_3D('',#16346,#13006,#13007);
#11667=AXIS2_PLACEMENT_3D('',#16350,#13010,#13011);
#11668=AXIS2_PLACEMENT_3D('',#16354,#13014,#13015);
#11669=AXIS2_PLACEMENT_3D('',#16356,#13017,#13018);
#11670=AXIS2_PLACEMENT_3D('',#16358,#13020,#13021);
#11671=AXIS2_PLACEMENT_3D('',#16362,#13024,#13025);
#11672=AXIS2_PLACEMENT_3D('',#16366,#13028,#13029);
#11673=AXIS2_PLACEMENT_3D('',#16368,#13031,#13032);
#11674=AXIS2_PLACEMENT_3D('',#16372,#13035,#13036);
#11675=AXIS2_PLACEMENT_3D('',#16374,#13038,#13039);
#11676=AXIS2_PLACEMENT_3D('',#16376,#13041,#13042);
#11677=AXIS2_PLACEMENT_3D('',#16380,#13045,#13046);
#11678=AXIS2_PLACEMENT_3D('',#16384,#13049,#13050);
#11679=AXIS2_PLACEMENT_3D('',#16386,#13052,#13053);
#11680=AXIS2_PLACEMENT_3D('',#16388,#13055,#13056);
#11681=AXIS2_PLACEMENT_3D('',#16392,#13059,#13060);
#11682=AXIS2_PLACEMENT_3D('',#16394,#13062,#13063);
#11683=AXIS2_PLACEMENT_3D('',#16398,#13066,#13067);
#11684=AXIS2_PLACEMENT_3D('',#16402,#13070,#13071);
#11685=AXIS2_PLACEMENT_3D('',#16404,#13073,#13074);
#11686=AXIS2_PLACEMENT_3D('',#16406,#13076,#13077);
#11687=AXIS2_PLACEMENT_3D('',#16410,#13080,#13081);
#11688=AXIS2_PLACEMENT_3D('',#16412,#13083,#13084);
#11689=AXIS2_PLACEMENT_3D('',#16416,#13087,#13088);
#11690=AXIS2_PLACEMENT_3D('',#16418,#13090,#13091);
#11691=AXIS2_PLACEMENT_3D('',#16422,#13094,#13095);
#11692=AXIS2_PLACEMENT_3D('',#16426,#13098,#13099);
#11693=AXIS2_PLACEMENT_3D('',#16431,#13103,#13104);
#11694=AXIS2_PLACEMENT_3D('',#16433,#13106,#13107);
#11695=AXIS2_PLACEMENT_3D('',#16434,#13108,#13109);
#11696=AXIS2_PLACEMENT_3D('',#16439,#13113,#13114);
#11697=AXIS2_PLACEMENT_3D('',#16440,#13115,#13116);
#11698=AXIS2_PLACEMENT_3D('',#16445,#13120,#13121);
#11699=AXIS2_PLACEMENT_3D('',#16446,#13122,#13123);
#11700=AXIS2_PLACEMENT_3D('',#16451,#13127,#13128);
#11701=AXIS2_PLACEMENT_3D('',#16452,#13129,#13130);
#11702=AXIS2_PLACEMENT_3D('',#16457,#13134,#13135);
#11703=AXIS2_PLACEMENT_3D('',#16458,#13136,#13137);
#11704=AXIS2_PLACEMENT_3D('',#16462,#13140,#13141);
#11705=AXIS2_PLACEMENT_3D('',#16469,#13145,#13146);
#11706=AXIS2_PLACEMENT_3D('',#16473,#13149,#13150);
#11707=AXIS2_PLACEMENT_3D('',#16476,#13153,#13154);
#11708=AXIS2_PLACEMENT_3D('',#16485,#13159,#13160);
#11709=AXIS2_PLACEMENT_3D('',#16489,#13163,#13164);
#11710=AXIS2_PLACEMENT_3D('',#16493,#13167,#13168);
#11711=AXIS2_PLACEMENT_3D('',#16497,#13171,#13172);
#11712=AXIS2_PLACEMENT_3D('',#16501,#13175,#13176);
#11713=AXIS2_PLACEMENT_3D('',#16505,#13179,#13180);
#11714=AXIS2_PLACEMENT_3D('',#16509,#13183,#13184);
#11715=AXIS2_PLACEMENT_3D('',#16513,#13187,#13188);
#11716=AXIS2_PLACEMENT_3D('',#16517,#13191,#13192);
#11717=AXIS2_PLACEMENT_3D('',#16521,#13195,#13196);
#11718=AXIS2_PLACEMENT_3D('',#16525,#13199,#13200);
#11719=AXIS2_PLACEMENT_3D('',#16529,#13203,#13204);
#11720=AXIS2_PLACEMENT_3D('',#16533,#13207,#13208);
#11721=AXIS2_PLACEMENT_3D('',#16537,#13211,#13212);
#11722=AXIS2_PLACEMENT_3D('',#16541,#13215,#13216);
#11723=AXIS2_PLACEMENT_3D('',#16545,#13219,#13220);
#11724=AXIS2_PLACEMENT_3D('',#16549,#13223,#13224);
#11725=AXIS2_PLACEMENT_3D('',#16553,#13227,#13228);
#11726=AXIS2_PLACEMENT_3D('',#16557,#13231,#13232);
#11727=AXIS2_PLACEMENT_3D('',#16561,#13235,#13236);
#11728=AXIS2_PLACEMENT_3D('',#16565,#13239,#13240);
#11729=AXIS2_PLACEMENT_3D('',#16569,#13243,#13244);
#11730=AXIS2_PLACEMENT_3D('',#16573,#13247,#13248);
#11731=AXIS2_PLACEMENT_3D('',#16577,#13251,#13252);
#11732=AXIS2_PLACEMENT_3D('',#16581,#13255,#13256);
#11733=AXIS2_PLACEMENT_3D('',#16585,#13259,#13260);
#11734=AXIS2_PLACEMENT_3D('',#16589,#13263,#13264);
#11735=AXIS2_PLACEMENT_3D('',#16593,#13267,#13268);
#11736=AXIS2_PLACEMENT_3D('',#16597,#13271,#13272);
#11737=AXIS2_PLACEMENT_3D('',#16601,#13275,#13276);
#11738=AXIS2_PLACEMENT_3D('',#16605,#13279,#13280);
#11739=AXIS2_PLACEMENT_3D('',#16609,#13283,#13284);
#11740=AXIS2_PLACEMENT_3D('',#16613,#13287,#13288);
#11741=AXIS2_PLACEMENT_3D('',#16617,#13291,#13292);
#11742=AXIS2_PLACEMENT_3D('',#16621,#13295,#13296);
#11743=AXIS2_PLACEMENT_3D('',#16625,#13299,#13300);
#11744=AXIS2_PLACEMENT_3D('',#16629,#13303,#13304);
#11745=AXIS2_PLACEMENT_3D('',#16633,#13307,#13308);
#11746=AXIS2_PLACEMENT_3D('',#16637,#13311,#13312);
#11747=AXIS2_PLACEMENT_3D('',#16641,#13315,#13316);
#11748=AXIS2_PLACEMENT_3D('',#16645,#13319,#13320);
#11749=AXIS2_PLACEMENT_3D('',#16649,#13323,#13324);
#11750=AXIS2_PLACEMENT_3D('',#16653,#13327,#13328);
#11751=AXIS2_PLACEMENT_3D('',#16657,#13331,#13332);
#11752=AXIS2_PLACEMENT_3D('',#16661,#13335,#13336);
#11753=AXIS2_PLACEMENT_3D('',#16665,#13339,#13340);
#11754=AXIS2_PLACEMENT_3D('',#16669,#13343,#13344);
#11755=AXIS2_PLACEMENT_3D('',#16673,#13347,#13348);
#11756=AXIS2_PLACEMENT_3D('',#16677,#13351,#13352);
#11757=AXIS2_PLACEMENT_3D('',#16681,#13355,#13356);
#11758=AXIS2_PLACEMENT_3D('',#16685,#13359,#13360);
#11759=AXIS2_PLACEMENT_3D('',#16689,#13363,#13364);
#11760=AXIS2_PLACEMENT_3D('',#16695,#13368,#13369);
#11761=AXIS2_PLACEMENT_3D('',#16699,#13372,#13373);
#11762=AXIS2_PLACEMENT_3D('',#16701,#13375,#13376);
#11763=AXIS2_PLACEMENT_3D('',#16707,#13380,#13381);
#11764=AXIS2_PLACEMENT_3D('',#16709,#13383,#13384);
#11765=AXIS2_PLACEMENT_3D('',#16713,#13387,#13388);
#11766=AXIS2_PLACEMENT_3D('',#16719,#13392,#13393);
#11767=AXIS2_PLACEMENT_3D('',#16723,#13396,#13397);
#11768=AXIS2_PLACEMENT_3D('',#16725,#13399,#13400);
#11769=AXIS2_PLACEMENT_3D('',#16731,#13404,#13405);
#11770=AXIS2_PLACEMENT_3D('',#16733,#13407,#13408);
#11771=AXIS2_PLACEMENT_3D('',#16739,#13412,#13413);
#11772=AXIS2_PLACEMENT_3D('',#16741,#13415,#13416);
#11773=AXIS2_PLACEMENT_3D('',#16747,#13420,#13421);
#11774=AXIS2_PLACEMENT_3D('',#16749,#13423,#13424);
#11775=AXIS2_PLACEMENT_3D('',#16753,#13427,#13428);
#11776=AXIS2_PLACEMENT_3D('',#16757,#13431,#13432);
#11777=AXIS2_PLACEMENT_3D('',#16761,#13435,#13436);
#11778=AXIS2_PLACEMENT_3D('',#16765,#13439,#13440);
#11779=AXIS2_PLACEMENT_3D('',#16769,#13443,#13444);
#11780=AXIS2_PLACEMENT_3D('',#16773,#13447,#13448);
#11781=AXIS2_PLACEMENT_3D('',#16777,#13451,#13452);
#11782=AXIS2_PLACEMENT_3D('',#16781,#13455,#13456);
#11783=AXIS2_PLACEMENT_3D('',#16785,#13459,#13460);
#11784=AXIS2_PLACEMENT_3D('',#16789,#13463,#13464);
#11785=AXIS2_PLACEMENT_3D('',#16793,#13467,#13468);
#11786=AXIS2_PLACEMENT_3D('',#16797,#13471,#13472);
#11787=AXIS2_PLACEMENT_3D('',#16801,#13475,#13476);
#11788=AXIS2_PLACEMENT_3D('',#16805,#13479,#13480);
#11789=AXIS2_PLACEMENT_3D('',#16809,#13483,#13484);
#11790=AXIS2_PLACEMENT_3D('',#16813,#13487,#13488);
#11791=AXIS2_PLACEMENT_3D('',#16817,#13491,#13492);
#11792=AXIS2_PLACEMENT_3D('',#16821,#13495,#13496);
#11793=AXIS2_PLACEMENT_3D('',#16825,#13499,#13500);
#11794=AXIS2_PLACEMENT_3D('',#16829,#13503,#13504);
#11795=AXIS2_PLACEMENT_3D('',#16833,#13507,#13508);
#11796=AXIS2_PLACEMENT_3D('',#16837,#13511,#13512);
#11797=AXIS2_PLACEMENT_3D('',#16841,#13515,#13516);
#11798=AXIS2_PLACEMENT_3D('',#16845,#13519,#13520);
#11799=AXIS2_PLACEMENT_3D('',#16849,#13523,#13524);
#11800=AXIS2_PLACEMENT_3D('',#16853,#13527,#13528);
#11801=AXIS2_PLACEMENT_3D('',#16857,#13531,#13532);
#11802=AXIS2_PLACEMENT_3D('',#16861,#13535,#13536);
#11803=AXIS2_PLACEMENT_3D('',#16864,#13539,#13540);
#11804=AXIS2_PLACEMENT_3D('',#16866,#13542,#13543);
#11805=AXIS2_PLACEMENT_3D('',#16870,#13546,#13547);
#11806=AXIS2_PLACEMENT_3D('',#16875,#13551,#13552);
#11807=AXIS2_PLACEMENT_3D('',#16876,#13553,#13554);
#11808=AXIS2_PLACEMENT_3D('',#16881,#13558,#13559);
#11809=AXIS2_PLACEMENT_3D('',#16882,#13560,#13561);
#11810=AXIS2_PLACEMENT_3D('',#16887,#13565,#13566);
#11811=AXIS2_PLACEMENT_3D('',#16888,#13567,#13568);
#11812=AXIS2_PLACEMENT_3D('',#16893,#13572,#13573);
#11813=AXIS2_PLACEMENT_3D('',#16894,#13574,#13575);
#11814=AXIS2_PLACEMENT_3D('',#16899,#13579,#13580);
#11815=AXIS2_PLACEMENT_3D('',#16900,#13581,#13582);
#11816=AXIS2_PLACEMENT_3D('',#16904,#13585,#13586);
#11817=AXIS2_PLACEMENT_3D('',#16909,#13590,#13591);
#11818=AXIS2_PLACEMENT_3D('',#16910,#13592,#13593);
#11819=AXIS2_PLACEMENT_3D('',#16915,#13597,#13598);
#11820=AXIS2_PLACEMENT_3D('',#16917,#13600,#13601);
#11821=AXIS2_PLACEMENT_3D('',#16918,#13602,#13603);
#11822=AXIS2_PLACEMENT_3D('',#16923,#13607,#13608);
#11823=AXIS2_PLACEMENT_3D('',#16924,#13609,#13610);
#11824=AXIS2_PLACEMENT_3D('',#16928,#13613,#13614);
#11825=AXIS2_PLACEMENT_3D('',#16933,#13618,#13619);
#11826=AXIS2_PLACEMENT_3D('',#16935,#13621,#13622);
#11827=AXIS2_PLACEMENT_3D('',#16936,#13623,#13624);
#11828=AXIS2_PLACEMENT_3D('',#16938,#13626,#13627);
#11829=AXIS2_PLACEMENT_3D('',#16942,#13630,#13631);
#11830=AXIS2_PLACEMENT_3D('',#16946,#13634,#13635);
#11831=AXIS2_PLACEMENT_3D('',#16948,#13637,#13638);
#11832=AXIS2_PLACEMENT_3D('',#16950,#13640,#13641);
#11833=AXIS2_PLACEMENT_3D('',#16954,#13644,#13645);
#11834=AXIS2_PLACEMENT_3D('',#16958,#13648,#13649);
#11835=AXIS2_PLACEMENT_3D('',#16960,#13651,#13652);
#11836=AXIS2_PLACEMENT_3D('',#16964,#13655,#13656);
#11837=AXIS2_PLACEMENT_3D('',#16966,#13658,#13659);
#11838=AXIS2_PLACEMENT_3D('',#16968,#13661,#13662);
#11839=AXIS2_PLACEMENT_3D('',#16972,#13665,#13666);
#11840=AXIS2_PLACEMENT_3D('',#16976,#13669,#13670);
#11841=AXIS2_PLACEMENT_3D('',#16978,#13672,#13673);
#11842=AXIS2_PLACEMENT_3D('',#16980,#13675,#13676);
#11843=AXIS2_PLACEMENT_3D('',#16984,#13679,#13680);
#11844=AXIS2_PLACEMENT_3D('',#16986,#13682,#13683);
#11845=AXIS2_PLACEMENT_3D('',#16990,#13686,#13687);
#11846=AXIS2_PLACEMENT_3D('',#16994,#13690,#13691);
#11847=AXIS2_PLACEMENT_3D('',#16996,#13693,#13694);
#11848=AXIS2_PLACEMENT_3D('',#16998,#13696,#13697);
#11849=AXIS2_PLACEMENT_3D('',#17002,#13700,#13701);
#11850=AXIS2_PLACEMENT_3D('',#17004,#13703,#13704);
#11851=AXIS2_PLACEMENT_3D('',#17008,#13707,#13708);
#11852=AXIS2_PLACEMENT_3D('',#17010,#13710,#13711);
#11853=AXIS2_PLACEMENT_3D('',#17014,#13714,#13715);
#11854=AXIS2_PLACEMENT_3D('',#17018,#13718,#13719);
#11855=AXIS2_PLACEMENT_3D('',#17023,#13723,#13724);
#11856=AXIS2_PLACEMENT_3D('',#17025,#13726,#13727);
#11857=AXIS2_PLACEMENT_3D('',#17026,#13728,#13729);
#11858=AXIS2_PLACEMENT_3D('',#17031,#13733,#13734);
#11859=AXIS2_PLACEMENT_3D('',#17032,#13735,#13736);
#11860=AXIS2_PLACEMENT_3D('',#17037,#13740,#13741);
#11861=AXIS2_PLACEMENT_3D('',#17038,#13742,#13743);
#11862=AXIS2_PLACEMENT_3D('',#17043,#13747,#13748);
#11863=AXIS2_PLACEMENT_3D('',#17044,#13749,#13750);
#11864=AXIS2_PLACEMENT_3D('',#17049,#13754,#13755);
#11865=AXIS2_PLACEMENT_3D('',#17050,#13756,#13757);
#11866=AXIS2_PLACEMENT_3D('',#17054,#13760,#13761);
#11867=AXIS2_PLACEMENT_3D('',#17060,#13765,#13766);
#11868=AXIS2_PLACEMENT_3D('',#17062,#13768,#13769);
#11869=AXIS2_PLACEMENT_3D('',#17067,#13773,#13774);
#11870=AXIS2_PLACEMENT_3D('',#17068,#13775,#13776);
#11871=AXIS2_PLACEMENT_3D('',#17073,#13780,#13781);
#11872=AXIS2_PLACEMENT_3D('',#17074,#13782,#13783);
#11873=AXIS2_PLACEMENT_3D('',#17079,#13787,#13788);
#11874=AXIS2_PLACEMENT_3D('',#17080,#13789,#13790);
#11875=AXIS2_PLACEMENT_3D('',#17085,#13794,#13795);
#11876=AXIS2_PLACEMENT_3D('',#17086,#13796,#13797);
#11877=AXIS2_PLACEMENT_3D('',#17090,#13800,#13801);
#11878=AXIS2_PLACEMENT_3D('',#17095,#13805,#13806);
#11879=AXIS2_PLACEMENT_3D('',#17097,#13808,#13809);
#11880=AXIS2_PLACEMENT_3D('',#17098,#13810,#13811);
#11881=AXIS2_PLACEMENT_3D('',#17103,#13815,#13816);
#11882=AXIS2_PLACEMENT_3D('',#17104,#13817,#13818);
#11883=AXIS2_PLACEMENT_3D('',#17109,#13822,#13823);
#11884=AXIS2_PLACEMENT_3D('',#17110,#13824,#13825);
#11885=AXIS2_PLACEMENT_3D('',#17115,#13829,#13830);
#11886=AXIS2_PLACEMENT_3D('',#17116,#13831,#13832);
#11887=AXIS2_PLACEMENT_3D('',#17120,#13835,#13836);
#11888=AXIS2_PLACEMENT_3D('',#17125,#13840,#13841);
#11889=AXIS2_PLACEMENT_3D('',#17126,#13842,#13843);
#11890=AXIS2_PLACEMENT_3D('',#17128,#13845,#13846);
#11891=AXIS2_PLACEMENT_3D('',#17130,#13848,#13849);
#11892=AXIS2_PLACEMENT_3D('',#17134,#13852,#13853);
#11893=AXIS2_PLACEMENT_3D('',#17136,#13855,#13856);
#11894=AXIS2_PLACEMENT_3D('',#17140,#13859,#13860);
#11895=AXIS2_PLACEMENT_3D('',#17144,#13863,#13864);
#11896=AXIS2_PLACEMENT_3D('',#17146,#13866,#13867);
#11897=AXIS2_PLACEMENT_3D('',#17148,#13869,#13870);
#11898=AXIS2_PLACEMENT_3D('',#17152,#13873,#13874);
#11899=AXIS2_PLACEMENT_3D('',#17154,#13876,#13877);
#11900=AXIS2_PLACEMENT_3D('',#17158,#13880,#13881);
#11901=AXIS2_PLACEMENT_3D('',#17160,#13883,#13884);
#11902=AXIS2_PLACEMENT_3D('',#17164,#13887,#13888);
#11903=AXIS2_PLACEMENT_3D('',#17166,#13890,#13891);
#11904=AXIS2_PLACEMENT_3D('',#17170,#13894,#13895);
#11905=AXIS2_PLACEMENT_3D('',#17174,#13898,#13899);
#11906=AXIS2_PLACEMENT_3D('',#17176,#13901,#13902);
#11907=AXIS2_PLACEMENT_3D('',#17178,#13904,#13905);
#11908=AXIS2_PLACEMENT_3D('',#17182,#13908,#13909);
#11909=AXIS2_PLACEMENT_3D('',#17184,#13911,#13912);
#11910=AXIS2_PLACEMENT_3D('',#17188,#13915,#13916);
#11911=AXIS2_PLACEMENT_3D('',#17190,#13918,#13919);
#11912=AXIS2_PLACEMENT_3D('',#17194,#13922,#13923);
#11913=AXIS2_PLACEMENT_3D('',#17198,#13926,#13927);
#11914=AXIS2_PLACEMENT_3D('',#17203,#13931,#13932);
#11915=AXIS2_PLACEMENT_3D('',#17205,#13934,#13935);
#11916=AXIS2_PLACEMENT_3D('',#17206,#13936,#13937);
#11917=AXIS2_PLACEMENT_3D('',#17211,#13941,#13942);
#11918=AXIS2_PLACEMENT_3D('',#17212,#13943,#13944);
#11919=AXIS2_PLACEMENT_3D('',#17217,#13948,#13949);
#11920=AXIS2_PLACEMENT_3D('',#17218,#13950,#13951);
#11921=AXIS2_PLACEMENT_3D('',#17223,#13955,#13956);
#11922=AXIS2_PLACEMENT_3D('',#17224,#13957,#13958);
#11923=AXIS2_PLACEMENT_3D('',#17229,#13962,#13963);
#11924=AXIS2_PLACEMENT_3D('',#17230,#13964,#13965);
#11925=AXIS2_PLACEMENT_3D('',#17235,#13969,#13970);
#11926=AXIS2_PLACEMENT_3D('',#17236,#13971,#13972);
#11927=AXIS2_PLACEMENT_3D('',#17241,#13976,#13977);
#11928=AXIS2_PLACEMENT_3D('',#17242,#13978,#13979);
#11929=AXIS2_PLACEMENT_3D('',#17244,#13981,#13982);
#11930=AXIS2_PLACEMENT_3D('',#17248,#13985,#13986);
#11931=AXIS2_PLACEMENT_3D('',#17252,#13989,#13990);
#11932=AXIS2_PLACEMENT_3D('',#17254,#13992,#13993);
#11933=AXIS2_PLACEMENT_3D('',#17256,#13995,#13996);
#11934=AXIS2_PLACEMENT_3D('',#17260,#13999,#14000);
#11935=AXIS2_PLACEMENT_3D('',#17264,#14003,#14004);
#11936=AXIS2_PLACEMENT_3D('',#17266,#14006,#14007);
#11937=AXIS2_PLACEMENT_3D('',#17268,#14009,#14010);
#11938=AXIS2_PLACEMENT_3D('',#17272,#14013,#14014);
#11939=AXIS2_PLACEMENT_3D('',#17276,#14017,#14018);
#11940=AXIS2_PLACEMENT_3D('',#17278,#14020,#14021);
#11941=AXIS2_PLACEMENT_3D('',#17282,#14024,#14025);
#11942=AXIS2_PLACEMENT_3D('',#17284,#14027,#14028);
#11943=AXIS2_PLACEMENT_3D('',#17286,#14030,#14031);
#11944=AXIS2_PLACEMENT_3D('',#17290,#14034,#14035);
#11945=AXIS2_PLACEMENT_3D('',#17294,#14038,#14039);
#11946=AXIS2_PLACEMENT_3D('',#17296,#14041,#14042);
#11947=AXIS2_PLACEMENT_3D('',#17300,#14045,#14046);
#11948=AXIS2_PLACEMENT_3D('',#17302,#14048,#14049);
#11949=AXIS2_PLACEMENT_3D('',#17306,#14052,#14053);
#11950=AXIS2_PLACEMENT_3D('',#17308,#14055,#14056);
#11951=AXIS2_PLACEMENT_3D('',#17310,#14058,#14059);
#11952=AXIS2_PLACEMENT_3D('',#17314,#14062,#14063);
#11953=AXIS2_PLACEMENT_3D('',#17318,#14066,#14067);
#11954=AXIS2_PLACEMENT_3D('',#17320,#14069,#14070);
#11955=AXIS2_PLACEMENT_3D('',#17324,#14073,#14074);
#11956=AXIS2_PLACEMENT_3D('',#17326,#14076,#14077);
#11957=AXIS2_PLACEMENT_3D('',#17330,#14080,#14081);
#11958=AXIS2_PLACEMENT_3D('',#17332,#14083,#14084);
#11959=AXIS2_PLACEMENT_3D('',#17336,#14087,#14088);
#11960=AXIS2_PLACEMENT_3D('',#17338,#14090,#14091);
#11961=AXIS2_PLACEMENT_3D('',#17340,#14093,#14094);
#11962=AXIS2_PLACEMENT_3D('',#17344,#14097,#14098);
#11963=AXIS2_PLACEMENT_3D('',#17346,#14100,#14101);
#11964=AXIS2_PLACEMENT_3D('',#17350,#14104,#14105);
#11965=AXIS2_PLACEMENT_3D('',#17354,#14108,#14109);
#11966=AXIS2_PLACEMENT_3D('',#17356,#14111,#14112);
#11967=AXIS2_PLACEMENT_3D('',#17360,#14115,#14116);
#11968=AXIS2_PLACEMENT_3D('',#17362,#14118,#14119);
#11969=AXIS2_PLACEMENT_3D('',#17364,#14121,#14122);
#11970=AXIS2_PLACEMENT_3D('',#17368,#14125,#14126);
#11971=AXIS2_PLACEMENT_3D('',#17372,#14129,#14130);
#11972=AXIS2_PLACEMENT_3D('',#17374,#14132,#14133);
#11973=AXIS2_PLACEMENT_3D('',#17378,#14136,#14137);
#11974=AXIS2_PLACEMENT_3D('',#17380,#14139,#14140);
#11975=AXIS2_PLACEMENT_3D('',#17382,#14142,#14143);
#11976=AXIS2_PLACEMENT_3D('',#17386,#14146,#14147);
#11977=AXIS2_PLACEMENT_3D('',#17390,#14150,#14151);
#11978=AXIS2_PLACEMENT_3D('',#17392,#14153,#14154);
#11979=AXIS2_PLACEMENT_3D('',#17396,#14157,#14158);
#11980=AXIS2_PLACEMENT_3D('',#17398,#14160,#14161);
#11981=AXIS2_PLACEMENT_3D('',#17402,#14164,#14165);
#11982=AXIS2_PLACEMENT_3D('',#17404,#14167,#14168);
#11983=AXIS2_PLACEMENT_3D('',#17408,#14171,#14172);
#11984=AXIS2_PLACEMENT_3D('',#17410,#14174,#14175);
#11985=AXIS2_PLACEMENT_3D('',#17414,#14178,#14179);
#11986=AXIS2_PLACEMENT_3D('',#17416,#14181,#14182);
#11987=AXIS2_PLACEMENT_3D('',#17420,#14185,#14186);
#11988=AXIS2_PLACEMENT_3D('',#17422,#14188,#14189);
#11989=AXIS2_PLACEMENT_3D('',#17426,#14192,#14193);
#11990=AXIS2_PLACEMENT_3D('',#17428,#14195,#14196);
#11991=AXIS2_PLACEMENT_3D('',#17430,#14198,#14199);
#11992=AXIS2_PLACEMENT_3D('',#17434,#14202,#14203);
#11993=AXIS2_PLACEMENT_3D('',#17436,#14205,#14206);
#11994=AXIS2_PLACEMENT_3D('',#17440,#14209,#14210);
#11995=AXIS2_PLACEMENT_3D('',#17444,#14213,#14214);
#11996=AXIS2_PLACEMENT_3D('',#17446,#14216,#14217);
#11997=AXIS2_PLACEMENT_3D('',#17450,#14220,#14221);
#11998=AXIS2_PLACEMENT_3D('',#17452,#14223,#14224);
#11999=AXIS2_PLACEMENT_3D('',#17454,#14226,#14227);
#12000=AXIS2_PLACEMENT_3D('',#17458,#14230,#14231);
#12001=AXIS2_PLACEMENT_3D('',#17462,#14234,#14235);
#12002=AXIS2_PLACEMENT_3D('',#17464,#14237,#14238);
#12003=AXIS2_PLACEMENT_3D('',#17466,#14240,#14241);
#12004=AXIS2_PLACEMENT_3D('',#17470,#14244,#14245);
#12005=AXIS2_PLACEMENT_3D('',#17474,#14248,#14249);
#12006=AXIS2_PLACEMENT_3D('',#17476,#14251,#14252);
#12007=AXIS2_PLACEMENT_3D('',#17480,#14255,#14256);
#12008=AXIS2_PLACEMENT_3D('',#17482,#14258,#14259);
#12009=AXIS2_PLACEMENT_3D('',#17486,#14262,#14263);
#12010=AXIS2_PLACEMENT_3D('',#17488,#14265,#14266);
#12011=AXIS2_PLACEMENT_3D('',#17490,#14268,#14269);
#12012=AXIS2_PLACEMENT_3D('',#17494,#14272,#14273);
#12013=AXIS2_PLACEMENT_3D('',#17498,#14276,#14277);
#12014=AXIS2_PLACEMENT_3D('',#17500,#14279,#14280);
#12015=AXIS2_PLACEMENT_3D('',#17504,#14283,#14284);
#12016=AXIS2_PLACEMENT_3D('',#17506,#14286,#14287);
#12017=AXIS2_PLACEMENT_3D('',#17510,#14290,#14291);
#12018=AXIS2_PLACEMENT_3D('',#17512,#14293,#14294);
#12019=AXIS2_PLACEMENT_3D('',#17516,#14297,#14298);
#12020=AXIS2_PLACEMENT_3D('',#17518,#14300,#14301);
#12021=AXIS2_PLACEMENT_3D('',#17522,#14304,#14305);
#12022=AXIS2_PLACEMENT_3D('',#17524,#14307,#14308);
#12023=AXIS2_PLACEMENT_3D('',#17526,#14310,#14311);
#12024=AXIS2_PLACEMENT_3D('',#17530,#14314,#14315);
#12025=AXIS2_PLACEMENT_3D('',#17538,#14321,#14322);
#12026=AXIS2_PLACEMENT_3D('',#17542,#14325,#14326);
#12027=AXIS2_PLACEMENT_3D('',#17544,#14328,#14329);
#12028=AXIS2_PLACEMENT_3D('',#17546,#14331,#14332);
#12029=AXIS2_PLACEMENT_3D('',#17610,#14365,#14366);
#12030=AXIS2_PLACEMENT_3D('',#17612,#14368,#14369);
#12031=AXIS2_PLACEMENT_3D('',#17615,#14372,#14373);
#12032=AXIS2_PLACEMENT_3D('',#17616,#14374,#14375);
#12033=AXIS2_PLACEMENT_3D('',#17619,#14378,#14379);
#12034=AXIS2_PLACEMENT_3D('',#17620,#14380,#14381);
#12035=AXIS2_PLACEMENT_3D('',#17623,#14384,#14385);
#12036=AXIS2_PLACEMENT_3D('',#17624,#14386,#14387);
#12037=AXIS2_PLACEMENT_3D('',#17627,#14390,#14391);
#12038=AXIS2_PLACEMENT_3D('',#17628,#14392,#14393);
#12039=AXIS2_PLACEMENT_3D('',#17630,#14395,#14396);
#12040=AXIS2_PLACEMENT_3D('',#17633,#14399,#14400);
#12041=AXIS2_PLACEMENT_3D('',#17635,#14402,#14403);
#12042=AXIS2_PLACEMENT_3D('',#17636,#14404,#14405);
#12043=AXIS2_PLACEMENT_3D('',#17638,#14407,#14408);
#12044=AXIS2_PLACEMENT_3D('',#17641,#14411,#14412);
#12045=AXIS2_PLACEMENT_3D('',#17643,#14414,#14415);
#12046=AXIS2_PLACEMENT_3D('',#17644,#14416,#14417);
#12047=AXIS2_PLACEMENT_3D('',#17647,#14420,#14421);
#12048=AXIS2_PLACEMENT_3D('',#17648,#14422,#14423);
#12049=AXIS2_PLACEMENT_3D('',#17650,#14425,#14426);
#12050=AXIS2_PLACEMENT_3D('',#17653,#14429,#14430);
#12051=AXIS2_PLACEMENT_3D('',#17655,#14432,#14433);
#12052=AXIS2_PLACEMENT_3D('',#17656,#14434,#14435);
#12053=AXIS2_PLACEMENT_3D('',#17658,#14437,#14438);
#12054=AXIS2_PLACEMENT_3D('',#17661,#14441,#14442);
#12055=AXIS2_PLACEMENT_3D('',#17662,#14443,#14444);
#12056=AXIS2_PLACEMENT_3D('',#17664,#14446,#14447);
#12057=AXIS2_PLACEMENT_3D('',#17666,#14449,#14450);
#12058=AXIS2_PLACEMENT_3D('',#17668,#14452,#14453);
#12059=AXIS2_PLACEMENT_3D('',#17670,#14455,#14456);
#12060=AXIS2_PLACEMENT_3D('',#17672,#14458,#14459);
#12061=AXIS2_PLACEMENT_3D('',#17674,#14461,#14462);
#12062=AXIS2_PLACEMENT_3D('',#17676,#14464,#14465);
#12063=AXIS2_PLACEMENT_3D('',#17678,#14467,#14468);
#12064=AXIS2_PLACEMENT_3D('',#17680,#14470,#14471);
#12065=AXIS2_PLACEMENT_3D('',#17682,#14473,#14474);
#12066=AXIS2_PLACEMENT_3D('',#17684,#14476,#14477);
#12067=AXIS2_PLACEMENT_3D('',#17686,#14479,#14480);
#12068=AXIS2_PLACEMENT_3D('',#17689,#14483,#14484);
#12069=AXIS2_PLACEMENT_3D('',#17690,#14485,#14486);
#12070=AXIS2_PLACEMENT_3D('',#17692,#14488,#14489);
#12071=AXIS2_PLACEMENT_3D('',#17694,#14491,#14492);
#12072=AXIS2_PLACEMENT_3D('',#17696,#14494,#14495);
#12073=AXIS2_PLACEMENT_3D('',#17698,#14497,#14498);
#12074=AXIS2_PLACEMENT_3D('',#17700,#14500,#14501);
#12075=AXIS2_PLACEMENT_3D('',#17702,#14503,#14504);
#12076=AXIS2_PLACEMENT_3D('',#17705,#14507,#14508);
#12077=AXIS2_PLACEMENT_3D('',#17706,#14509,#14510);
#12078=AXIS2_PLACEMENT_3D('',#17709,#14513,#14514);
#12079=AXIS2_PLACEMENT_3D('',#17710,#14515,#14516);
#12080=AXIS2_PLACEMENT_3D('',#17713,#14519,#14520);
#12081=AXIS2_PLACEMENT_3D('',#17714,#14521,#14522);
#12082=AXIS2_PLACEMENT_3D('',#17717,#14525,#14526);
#12083=AXIS2_PLACEMENT_3D('',#17718,#14527,#14528);
#12084=AXIS2_PLACEMENT_3D('',#17721,#14531,#14532);
#12085=AXIS2_PLACEMENT_3D('',#17722,#14533,#14534);
#12086=AXIS2_PLACEMENT_3D('',#17725,#14537,#14538);
#12087=AXIS2_PLACEMENT_3D('',#17726,#14539,#14540);
#12088=AXIS2_PLACEMENT_3D('',#17729,#14543,#14544);
#12089=AXIS2_PLACEMENT_3D('',#17730,#14545,#14546);
#12090=AXIS2_PLACEMENT_3D('',#17732,#14548,#14549);
#12091=AXIS2_PLACEMENT_3D('',#17733,#14550,#14551);
#12092=AXIS2_PLACEMENT_3D('',#17735,#14553,#14554);
#12093=AXIS2_PLACEMENT_3D('',#17736,#14555,#14556);
#12094=AXIS2_PLACEMENT_3D('',#17801,#14590,#14591);
#12095=AXIS2_PLACEMENT_3D('',#17806,#14595,#14596);
#12096=AXIS2_PLACEMENT_3D('',#17807,#14597,#14598);
#12097=AXIS2_PLACEMENT_3D('',#17812,#14602,#14603);
#12098=AXIS2_PLACEMENT_3D('',#17813,#14604,#14605);
#12099=AXIS2_PLACEMENT_3D('',#17818,#14609,#14610);
#12100=AXIS2_PLACEMENT_3D('',#17819,#14611,#14612);
#12101=AXIS2_PLACEMENT_3D('',#17824,#14616,#14617);
#12102=AXIS2_PLACEMENT_3D('',#17825,#14618,#14619);
#12103=AXIS2_PLACEMENT_3D('',#17830,#14623,#14624);
#12104=AXIS2_PLACEMENT_3D('',#17831,#14625,#14626);
#12105=AXIS2_PLACEMENT_3D('',#17836,#14630,#14631);
#12106=AXIS2_PLACEMENT_3D('',#17837,#14632,#14633);
#12107=AXIS2_PLACEMENT_3D('',#17842,#14637,#14638);
#12108=AXIS2_PLACEMENT_3D('',#17843,#14639,#14640);
#12109=AXIS2_PLACEMENT_3D('',#17848,#14644,#14645);
#12110=AXIS2_PLACEMENT_3D('',#17849,#14646,#14647);
#12111=AXIS2_PLACEMENT_3D('',#17854,#14651,#14652);
#12112=AXIS2_PLACEMENT_3D('',#17855,#14653,#14654);
#12113=AXIS2_PLACEMENT_3D('',#17860,#14658,#14659);
#12114=AXIS2_PLACEMENT_3D('',#17861,#14660,#14661);
#12115=AXIS2_PLACEMENT_3D('',#17863,#14663,#14664);
#12116=AXIS2_PLACEMENT_3D('',#17867,#14667,#14668);
#12117=AXIS2_PLACEMENT_3D('',#17872,#14672,#14673);
#12118=AXIS2_PLACEMENT_3D('',#17873,#14674,#14675);
#12119=AXIS2_PLACEMENT_3D('',#17877,#14678,#14679);
#12120=AXIS2_PLACEMENT_3D('',#17882,#14683,#14684);
#12121=AXIS2_PLACEMENT_3D('',#17884,#14686,#14687);
#12122=AXIS2_PLACEMENT_3D('',#17885,#14688,#14689);
#12123=AXIS2_PLACEMENT_3D('',#17887,#14691,#14692);
#12124=AXIS2_PLACEMENT_3D('',#17891,#14695,#14696);
#12125=AXIS2_PLACEMENT_3D('',#17893,#14698,#14699);
#12126=AXIS2_PLACEMENT_3D('',#17897,#14702,#14703);
#12127=AXIS2_PLACEMENT_3D('',#17899,#14705,#14706);
#12128=AXIS2_PLACEMENT_3D('',#17903,#14709,#14710);
#12129=AXIS2_PLACEMENT_3D('',#17905,#14712,#14713);
#12130=AXIS2_PLACEMENT_3D('',#17909,#14716,#14717);
#12131=AXIS2_PLACEMENT_3D('',#17911,#14719,#14720);
#12132=AXIS2_PLACEMENT_3D('',#17915,#14723,#14724);
#12133=AXIS2_PLACEMENT_3D('',#17917,#14726,#14727);
#12134=AXIS2_PLACEMENT_3D('',#17921,#14730,#14731);
#12135=AXIS2_PLACEMENT_3D('',#17923,#14733,#14734);
#12136=AXIS2_PLACEMENT_3D('',#17927,#14737,#14738);
#12137=AXIS2_PLACEMENT_3D('',#17929,#14740,#14741);
#12138=AXIS2_PLACEMENT_3D('',#17933,#14744,#14745);
#12139=AXIS2_PLACEMENT_3D('',#17935,#14747,#14748);
#12140=AXIS2_PLACEMENT_3D('',#17939,#14751,#14752);
#12141=AXIS2_PLACEMENT_3D('',#17941,#14754,#14755);
#12142=AXIS2_PLACEMENT_3D('',#17945,#14758,#14759);
#12143=AXIS2_PLACEMENT_3D('',#17947,#14761,#14762);
#12144=AXIS2_PLACEMENT_3D('',#17951,#14765,#14766);
#12145=AXIS2_PLACEMENT_3D('',#17956,#14770,#14771);
#12146=AXIS2_PLACEMENT_3D('',#17957,#14772,#14773);
#12147=AXIS2_PLACEMENT_3D('',#17962,#14777,#14778);
#12148=AXIS2_PLACEMENT_3D('',#17963,#14779,#14780);
#12149=AXIS2_PLACEMENT_3D('',#17968,#14784,#14785);
#12150=AXIS2_PLACEMENT_3D('',#17969,#14786,#14787);
#12151=AXIS2_PLACEMENT_3D('',#17974,#14791,#14792);
#12152=AXIS2_PLACEMENT_3D('',#17975,#14793,#14794);
#12153=AXIS2_PLACEMENT_3D('',#17980,#14798,#14799);
#12154=AXIS2_PLACEMENT_3D('',#17981,#14800,#14801);
#12155=AXIS2_PLACEMENT_3D('',#17986,#14805,#14806);
#12156=AXIS2_PLACEMENT_3D('',#17987,#14807,#14808);
#12157=AXIS2_PLACEMENT_3D('',#17989,#14810,#14811);
#12158=AXIS2_PLACEMENT_3D('',#17991,#14813,#14814);
#12159=AXIS2_PLACEMENT_3D('',#17993,#14816,#14817);
#12160=AXIS2_PLACEMENT_3D('',#17995,#14819,#14820);
#12161=AXIS2_PLACEMENT_3D('',#17996,#14821,#14822);
#12162=AXIS2_PLACEMENT_3D('',#18000,#14825,#14826);
#12163=AXIS2_PLACEMENT_3D('',#18004,#14829,#14830);
#12164=AXIS2_PLACEMENT_3D('',#18006,#14832,#14833);
#12165=AXIS2_PLACEMENT_3D('',#18008,#14835,#14836);
#12166=AXIS2_PLACEMENT_3D('',#18012,#14839,#14840);
#12167=AXIS2_PLACEMENT_3D('',#18016,#14843,#14844);
#12168=AXIS2_PLACEMENT_3D('',#18018,#14846,#14847);
#12169=AXIS2_PLACEMENT_3D('',#18020,#14849,#14850);
#12170=AXIS2_PLACEMENT_3D('',#18024,#14853,#14854);
#12171=AXIS2_PLACEMENT_3D('',#18028,#14857,#14858);
#12172=AXIS2_PLACEMENT_3D('',#18030,#14860,#14861);
#12173=AXIS2_PLACEMENT_3D('',#18034,#14864,#14865);
#12174=AXIS2_PLACEMENT_3D('',#18036,#14867,#14868);
#12175=AXIS2_PLACEMENT_3D('',#18038,#14870,#14871);
#12176=AXIS2_PLACEMENT_3D('',#18042,#14874,#14875);
#12177=AXIS2_PLACEMENT_3D('',#18046,#14878,#14879);
#12178=AXIS2_PLACEMENT_3D('',#18048,#14881,#14882);
#12179=AXIS2_PLACEMENT_3D('',#18052,#14885,#14886);
#12180=AXIS2_PLACEMENT_3D('',#18054,#14888,#14889);
#12181=AXIS2_PLACEMENT_3D('',#18058,#14892,#14893);
#12182=AXIS2_PLACEMENT_3D('',#18060,#14895,#14896);
#12183=AXIS2_PLACEMENT_3D('',#18062,#14898,#14899);
#12184=AXIS2_PLACEMENT_3D('',#18066,#14902,#14903);
#12185=AXIS2_PLACEMENT_3D('',#18070,#14906,#14907);
#12186=AXIS2_PLACEMENT_3D('',#18072,#14909,#14910);
#12187=AXIS2_PLACEMENT_3D('',#18076,#14913,#14914);
#12188=AXIS2_PLACEMENT_3D('',#18078,#14916,#14917);
#12189=AXIS2_PLACEMENT_3D('',#18082,#14920,#14921);
#12190=AXIS2_PLACEMENT_3D('',#18084,#14923,#14924);
#12191=AXIS2_PLACEMENT_3D('',#18088,#14927,#14928);
#12192=AXIS2_PLACEMENT_3D('',#18090,#14930,#14931);
#12193=AXIS2_PLACEMENT_3D('',#18092,#14933,#14934);
#12194=AXIS2_PLACEMENT_3D('',#18096,#14937,#14938);
#12195=AXIS2_PLACEMENT_3D('',#18098,#14940,#14941);
#12196=AXIS2_PLACEMENT_3D('',#18102,#14944,#14945);
#12197=AXIS2_PLACEMENT_3D('',#18106,#14948,#14949);
#12198=AXIS2_PLACEMENT_3D('',#18108,#14951,#14952);
#12199=AXIS2_PLACEMENT_3D('',#18112,#14955,#14956);
#12200=AXIS2_PLACEMENT_3D('',#18114,#14958,#14959);
#12201=AXIS2_PLACEMENT_3D('',#18116,#14961,#14962);
#12202=AXIS2_PLACEMENT_3D('',#18120,#14965,#14966);
#12203=AXIS2_PLACEMENT_3D('',#18124,#14969,#14970);
#12204=AXIS2_PLACEMENT_3D('',#18126,#14972,#14973);
#12205=AXIS2_PLACEMENT_3D('',#18130,#14976,#14977);
#12206=AXIS2_PLACEMENT_3D('',#18132,#14979,#14980);
#12207=AXIS2_PLACEMENT_3D('',#18134,#14982,#14983);
#12208=AXIS2_PLACEMENT_3D('',#18138,#14986,#14987);
#12209=AXIS2_PLACEMENT_3D('',#18142,#14990,#14991);
#12210=AXIS2_PLACEMENT_3D('',#18144,#14993,#14994);
#12211=AXIS2_PLACEMENT_3D('',#18148,#14997,#14998);
#12212=AXIS2_PLACEMENT_3D('',#18150,#15000,#15001);
#12213=AXIS2_PLACEMENT_3D('',#18154,#15004,#15005);
#12214=AXIS2_PLACEMENT_3D('',#18156,#15007,#15008);
#12215=AXIS2_PLACEMENT_3D('',#18160,#15011,#15012);
#12216=AXIS2_PLACEMENT_3D('',#18162,#15014,#15015);
#12217=AXIS2_PLACEMENT_3D('',#18166,#15018,#15019);
#12218=AXIS2_PLACEMENT_3D('',#18168,#15021,#15022);
#12219=AXIS2_PLACEMENT_3D('',#18172,#15025,#15026);
#12220=AXIS2_PLACEMENT_3D('',#18174,#15028,#15029);
#12221=AXIS2_PLACEMENT_3D('',#18178,#15032,#15033);
#12222=AXIS2_PLACEMENT_3D('',#18180,#15035,#15036);
#12223=AXIS2_PLACEMENT_3D('',#18182,#15038,#15039);
#12224=AXIS2_PLACEMENT_3D('',#18186,#15042,#15043);
#12225=AXIS2_PLACEMENT_3D('',#18188,#15045,#15046);
#12226=AXIS2_PLACEMENT_3D('',#18192,#15049,#15050);
#12227=AXIS2_PLACEMENT_3D('',#18196,#15053,#15054);
#12228=AXIS2_PLACEMENT_3D('',#18198,#15056,#15057);
#12229=AXIS2_PLACEMENT_3D('',#18202,#15060,#15061);
#12230=AXIS2_PLACEMENT_3D('',#18204,#15063,#15064);
#12231=AXIS2_PLACEMENT_3D('',#18206,#15066,#15067);
#12232=AXIS2_PLACEMENT_3D('',#18210,#15070,#15071);
#12233=AXIS2_PLACEMENT_3D('',#18214,#15074,#15075);
#12234=AXIS2_PLACEMENT_3D('',#18216,#15077,#15078);
#12235=AXIS2_PLACEMENT_3D('',#18218,#15080,#15081);
#12236=AXIS2_PLACEMENT_3D('',#18222,#15084,#15085);
#12237=AXIS2_PLACEMENT_3D('',#18226,#15088,#15089);
#12238=AXIS2_PLACEMENT_3D('',#18228,#15091,#15092);
#12239=AXIS2_PLACEMENT_3D('',#18232,#15095,#15096);
#12240=AXIS2_PLACEMENT_3D('',#18234,#15098,#15099);
#12241=AXIS2_PLACEMENT_3D('',#18238,#15102,#15103);
#12242=AXIS2_PLACEMENT_3D('',#18240,#15105,#15106);
#12243=AXIS2_PLACEMENT_3D('',#18242,#15108,#15109);
#12244=AXIS2_PLACEMENT_3D('',#18246,#15112,#15113);
#12245=AXIS2_PLACEMENT_3D('',#18250,#15116,#15117);
#12246=AXIS2_PLACEMENT_3D('',#18252,#15119,#15120);
#12247=AXIS2_PLACEMENT_3D('',#18256,#15123,#15124);
#12248=AXIS2_PLACEMENT_3D('',#18258,#15126,#15127);
#12249=AXIS2_PLACEMENT_3D('',#18262,#15130,#15131);
#12250=AXIS2_PLACEMENT_3D('',#18264,#15133,#15134);
#12251=AXIS2_PLACEMENT_3D('',#18268,#15137,#15138);
#12252=AXIS2_PLACEMENT_3D('',#18270,#15140,#15141);
#12253=AXIS2_PLACEMENT_3D('',#18274,#15144,#15145);
#12254=AXIS2_PLACEMENT_3D('',#18276,#15147,#15148);
#12255=AXIS2_PLACEMENT_3D('',#18278,#15150,#15151);
#12256=AXIS2_PLACEMENT_3D('',#18280,#15153,#15154);
#12257=AXIS2_PLACEMENT_3D('',#18282,#15156,#15157);
#12258=AXIS2_PLACEMENT_3D('',#18346,#15190,#15191);
#12259=AXIS2_PLACEMENT_3D('',#18348,#15193,#15194);
#12260=AXIS2_PLACEMENT_3D('',#18350,#15196,#15197);
#12261=AXIS2_PLACEMENT_3D('',#18353,#15200,#15201);
#12262=AXIS2_PLACEMENT_3D('',#18355,#15203,#15204);
#12263=AXIS2_PLACEMENT_3D('',#18356,#15205,#15206);
#12264=AXIS2_PLACEMENT_3D('',#18359,#15209,#15210);
#12265=AXIS2_PLACEMENT_3D('',#18360,#15211,#15212);
#12266=AXIS2_PLACEMENT_3D('',#18362,#15214,#15215);
#12267=AXIS2_PLACEMENT_3D('',#18365,#15218,#15219);
#12268=AXIS2_PLACEMENT_3D('',#18367,#15221,#15222);
#12269=AXIS2_PLACEMENT_3D('',#18368,#15223,#15224);
#12270=AXIS2_PLACEMENT_3D('',#18371,#15227,#15228);
#12271=AXIS2_PLACEMENT_3D('',#18372,#15229,#15230);
#12272=AXIS2_PLACEMENT_3D('',#18375,#15233,#15234);
#12273=AXIS2_PLACEMENT_3D('',#18376,#15235,#15236);
#12274=AXIS2_PLACEMENT_3D('',#18378,#15238,#15239);
#12275=AXIS2_PLACEMENT_3D('',#18381,#15242,#15243);
#12276=AXIS2_PLACEMENT_3D('',#18382,#15244,#15245);
#12277=AXIS2_PLACEMENT_3D('',#18384,#15247,#15248);
#12278=AXIS2_PLACEMENT_3D('',#18387,#15251,#15252);
#12279=AXIS2_PLACEMENT_3D('',#18388,#15253,#15254);
#12280=AXIS2_PLACEMENT_3D('',#18390,#15256,#15257);
#12281=AXIS2_PLACEMENT_3D('',#18392,#15259,#15260);
#12282=AXIS2_PLACEMENT_3D('',#18395,#15263,#15264);
#12283=AXIS2_PLACEMENT_3D('',#18396,#15265,#15266);
#12284=AXIS2_PLACEMENT_3D('',#18398,#15268,#15269);
#12285=AXIS2_PLACEMENT_3D('',#18401,#15272,#15273);
#12286=AXIS2_PLACEMENT_3D('',#18402,#15274,#15275);
#12287=AXIS2_PLACEMENT_3D('',#18404,#15277,#15278);
#12288=AXIS2_PLACEMENT_3D('',#18406,#15280,#15281);
#12289=AXIS2_PLACEMENT_3D('',#18408,#15283,#15284);
#12290=AXIS2_PLACEMENT_3D('',#18410,#15286,#15287);
#12291=AXIS2_PLACEMENT_3D('',#18412,#15289,#15290);
#12292=AXIS2_PLACEMENT_3D('',#18414,#15292,#15293);
#12293=AXIS2_PLACEMENT_3D('',#18416,#15295,#15296);
#12294=AXIS2_PLACEMENT_3D('',#18418,#15298,#15299);
#12295=AXIS2_PLACEMENT_3D('',#18420,#15301,#15302);
#12296=AXIS2_PLACEMENT_3D('',#18422,#15304,#15305);
#12297=AXIS2_PLACEMENT_3D('',#18424,#15307,#15308);
#12298=AXIS2_PLACEMENT_3D('',#18426,#15310,#15311);
#12299=AXIS2_PLACEMENT_3D('',#18428,#15313,#15314);
#12300=AXIS2_PLACEMENT_3D('',#18430,#15316,#15317);
#12301=AXIS2_PLACEMENT_3D('',#18432,#15319,#15320);
#12302=AXIS2_PLACEMENT_3D('',#18434,#15322,#15323);
#12303=AXIS2_PLACEMENT_3D('',#18436,#15325,#15326);
#12304=AXIS2_PLACEMENT_3D('',#18438,#15328,#15329);
#12305=AXIS2_PLACEMENT_3D('',#18440,#15331,#15332);
#12306=AXIS2_PLACEMENT_3D('',#18442,#15334,#15335);
#12307=AXIS2_PLACEMENT_3D('',#18444,#15337,#15338);
#12308=AXIS2_PLACEMENT_3D('',#18446,#15340,#15341);
#12309=AXIS2_PLACEMENT_3D('',#18448,#15343,#15344);
#12310=AXIS2_PLACEMENT_3D('',#18450,#15346,#15347);
#12311=AXIS2_PLACEMENT_3D('',#18453,#15350,#15351);
#12312=AXIS2_PLACEMENT_3D('',#18455,#15353,#15354);
#12313=AXIS2_PLACEMENT_3D('',#18456,#15355,#15356);
#12314=AXIS2_PLACEMENT_3D('',#18458,#15358,#15359);
#12315=AXIS2_PLACEMENT_3D('',#18461,#15362,#15363);
#12316=AXIS2_PLACEMENT_3D('',#18463,#15365,#15366);
#12317=AXIS2_PLACEMENT_3D('',#18464,#15367,#15368);
#12318=AXIS2_PLACEMENT_3D('',#18466,#15370,#15371);
#12319=AXIS2_PLACEMENT_3D('',#18469,#15374,#15375);
#12320=AXIS2_PLACEMENT_3D('',#18470,#15376,#15377);
#12321=DIRECTION('axis',(0.,0.,1.));
#12322=DIRECTION('refdir',(1.,0.,0.));
#12323=DIRECTION('center_axis',(1.,0.,0.));
#12324=DIRECTION('ref_axis',(0.,0.,-1.));
#12325=DIRECTION('',(0.,1.,0.));
#12326=DIRECTION('',(0.,0.999698640430022,0.0245484892074121));
#12327=DIRECTION('',(0.,0.997291046466463,0.0735565676049812));
#12328=DIRECTION('',(0.,0.992478337309471,0.122420382173183));
#12329=DIRECTION('',(0.,0.985277606499295,0.1709620955973));
#12330=DIRECTION('',(0.,0.975703841204637,0.219093619848951));
#12331=DIRECTION('',(0.,0.963775983547438,0.266713054680808));
#12332=DIRECTION('',(0.,0.949525666053099,0.313689351917496));
#12333=DIRECTION('',(0.,0.932995121037345,0.359889016393262));
#12334=DIRECTION('',(0.,0.914208525629371,0.405244088996462));
#12335=DIRECTION('',(0.,0.893224306142412,0.449611319826811));
#12336=DIRECTION('',(0.,0.870085994271916,0.492899951888669));
#12337=DIRECTION('',(0.,0.844855376057829,0.534994760297879));
#12338=DIRECTION('',(0.,0.817585872803029,0.575806686825457));
#12339=DIRECTION('',(0.,0.788345729528295,0.615232485109897));
#12340=DIRECTION('',(0.,0.757209272775876,0.653172348788763));
#12341=DIRECTION('',(0.,0.724244858280419,0.689542881374593));
#12342=DIRECTION('',(0.,0.689544197805724,0.724243604923413));
#12343=DIRECTION('',(0.,0.653168230283895,0.757212825398385));
#12344=DIRECTION('',(0.,0.615236523931379,0.788342577577054));
#12345=DIRECTION('',(0.,0.575804622072049,0.817587326956861));
#12346=DIRECTION('',(0.,0.534996741557783,0.844854121444972));
#12347=DIRECTION('',(0.,0.492900231352047,0.870085835957062));
#12348=DIRECTION('',(0.,0.449610205089156,0.893224867253306));
#12349=DIRECTION('',(0.,0.405242797449617,0.914209098136312));
#12350=DIRECTION('',(0.,0.35989533296319,0.932992684489709));
#12351=DIRECTION('',(0.,0.313682670887475,0.949527873200624));
#12352=DIRECTION('',(0.,0.266709762919521,0.963776894495512));
#12353=DIRECTION('',(0.,0.219102140673699,0.975701927820276));
#12354=DIRECTION('',(0.,0.170961628042198,0.985277687627788));
#12355=DIRECTION('',(0.,0.122412517023773,0.992479307429583));
#12356=DIRECTION('',(0.,0.0735646460598824,0.997290450596056));
#12357=DIRECTION('',(0.,0.024540167055745,0.999698844753197));
#12358=DIRECTION('',(0.,0.,1.));
#12359=DIRECTION('',(0.,1.,0.));
#12360=DIRECTION('',(0.,0.,1.));
#12361=DIRECTION('',(0.,0.024540167055745,-0.999698844753197));
#12362=DIRECTION('',(0.,0.0735646460598824,-0.997290450596056));
#12363=DIRECTION('',(0.,0.122412517023773,-0.992479307429583));
#12364=DIRECTION('',(0.,0.170961628042198,-0.985277687627788));
#12365=DIRECTION('',(0.,0.219102140673699,-0.975701927820276));
#12366=DIRECTION('',(0.,0.266709762919521,-0.963776894495512));
#12367=DIRECTION('',(0.,0.313682670887475,-0.949527873200624));
#12368=DIRECTION('',(0.,0.35989533296319,-0.932992684489709));
#12369=DIRECTION('',(0.,0.405242797449617,-0.914209098136312));
#12370=DIRECTION('',(0.,0.449610205089156,-0.893224867253306));
#12371=DIRECTION('',(0.,0.492900231352047,-0.870085835957062));
#12372=DIRECTION('',(0.,0.534996741557783,-0.844854121444972));
#12373=DIRECTION('',(0.,0.575804622072049,-0.817587326956861));
#12374=DIRECTION('',(0.,0.615236523931379,-0.788342577577054));
#12375=DIRECTION('',(0.,0.653168230283895,-0.757212825398385));
#12376=DIRECTION('',(0.,0.689544197805724,-0.724243604923413));
#12377=DIRECTION('',(0.,0.724244858280419,-0.689542881374593));
#12378=DIRECTION('',(0.,0.757209272775876,-0.653172348788763));
#12379=DIRECTION('',(0.,0.788345729528295,-0.615232485109897));
#12380=DIRECTION('',(0.,0.817585872803029,-0.575806686825457));
#12381=DIRECTION('',(0.,0.844855376057829,-0.534994760297879));
#12382=DIRECTION('',(0.,0.870085994271916,-0.492899951888669));
#12383=DIRECTION('',(0.,0.893224306142412,-0.449611319826811));
#12384=DIRECTION('',(0.,0.914208525629371,-0.405244088996462));
#12385=DIRECTION('',(0.,0.932995121037345,-0.359889016393262));
#12386=DIRECTION('',(0.,0.949525666053099,-0.313689351917496));
#12387=DIRECTION('',(0.,0.963775983547438,-0.266713054680808));
#12388=DIRECTION('',(0.,0.975703841204637,-0.219093619848951));
#12389=DIRECTION('',(0.,0.985277606499295,-0.1709620955973));
#12390=DIRECTION('',(0.,0.992478337309471,-0.122420382173183));
#12391=DIRECTION('',(0.,0.997291046466463,-0.0735565676049812));
#12392=DIRECTION('',(0.,0.999698640430022,-0.0245484892074121));
#12393=DIRECTION('center_axis',(0.,0.,1.));
#12394=DIRECTION('ref_axis',(1.,0.,0.));
#12395=DIRECTION('',(1.,0.,0.));
#12396=DIRECTION('',(0.,1.,0.));
#12397=DIRECTION('',(1.,0.,0.));
#12398=DIRECTION('center_axis',(0.,-0.76604450803472,0.642787532322962));
#12399=DIRECTION('ref_axis',(1.,0.,0.));
#12400=DIRECTION('',(1.,0.,0.));
#12401=DIRECTION('',(0.,0.642787532322962,0.76604450803472));
#12402=DIRECTION('',(1.,0.,0.));
#12403=DIRECTION('',(0.,0.642787532322962,0.76604450803472));
#12404=DIRECTION('center_axis',(1.,0.,0.));
#12405=DIRECTION('ref_axis',(0.,0.,-1.));
#12406=DIRECTION('',(0.,1.,0.));
#12407=DIRECTION('',(0.,0.,-1.));
#12408=DIRECTION('',(0.,0.0245440234844057,0.999698750079841));
#12409=DIRECTION('',(0.,0.0735622111850795,0.997290630200426));
#12410=DIRECTION('',(0.,0.122409142167578,0.992479723678926));
#12411=DIRECTION('',(0.,0.170961345048984,0.98527773673165));
#12412=DIRECTION('',(0.,0.219100781435845,0.975702233047666));
#12413=DIRECTION('',(0.,0.266712665526531,0.963776091240976));
#12414=DIRECTION('',(0.,0.313685770082551,0.949526849355887));
#12415=DIRECTION('',(0.,0.359891228965552,0.932994267567419));
#12416=DIRECTION('',(0.,0.405241202296275,0.91420980522059));
#12417=DIRECTION('',(0.,0.449611208352828,0.893224362253689));
#12418=DIRECTION('',(0.,0.492900547092756,0.870085657091106));
#12419=DIRECTION('',(0.,0.534995592539475,0.844854849050023));
#12420=DIRECTION('',(0.,0.575811401157553,0.817582552588407));
#12421=DIRECTION('',(0.,0.615227856795795,0.788349341486661));
#12422=DIRECTION('',(0.,0.6531744146937,0.757207490711458));
#12423=DIRECTION('',(0.,0.68954085699453,0.72424678565752));
#12424=DIRECTION('',(0.,0.724245423150629,0.689542288076203));
#12425=DIRECTION('',(0.,0.757210175615565,0.653171302143814));
#12426=DIRECTION('',(0.,0.788346410849623,0.615231612078344));
#12427=DIRECTION('',(0.,0.817584839367805,0.57580815419367));
#12428=DIRECTION('',(0.,0.844854643966727,0.534995916402972));
#12429=DIRECTION('',(0.,0.870086851612004,0.492898438475829));
#12430=DIRECTION('',(0.,0.893223579313669,0.449612763784658));
#12431=DIRECTION('',(0.,0.914209486138377,0.405241922133685));
#12432=DIRECTION('',(0.,0.932992711065782,0.359895264067372));
#12433=DIRECTION('',(0.,0.949528487352862,0.313680811822123));
#12434=DIRECTION('',(0.,0.963775979731967,0.266713068468134));
#12435=DIRECTION('',(0.,0.975702046498302,0.21910161217806));
#12436=DIRECTION('',(0.,0.985277743456632,0.170961306291825));
#12437=DIRECTION('',(0.,0.992479576537697,0.122410335166413));
#12438=DIRECTION('',(0.,0.997290416379403,0.073565109921735));
#12439=DIRECTION('',(0.,0.999698821587748,0.0245411107341793));
#12440=DIRECTION('',(0.,-1.,0.));
#12441=DIRECTION('',(0.,0.0249344235017364,-0.999689088929471));
#12442=DIRECTION('',(0.,0.0747272398656293,-0.997204011033883));
#12443=DIRECTION('',(0.,0.124345174596528,-0.992239022390552));
#12444=DIRECTION('',(0.,0.173650431243714,-0.984807355643159));
#12445=DIRECTION('',(0.,0.222521580347543,-0.974927764647018));
#12446=DIRECTION('',(0.,0.270839165729674,-0.962624613391354));
#12447=DIRECTION('',(0.,0.318481282345024,-0.947929149670939));
#12448=DIRECTION('',(0.,0.365344260719327,-0.930872478462785));
#12449=DIRECTION('',(0.,0.411283276215977,-0.911507579071646));
#12450=DIRECTION('',(0.,0.456208358356685,-0.889872987434442));
#12451=DIRECTION('',(0.,0.500000692232136,-0.86602500412366));
#12452=DIRECTION('',(0.,0.542545131274224,-0.84002665465486));
#12453=DIRECTION('',(0.,0.583743239457356,-0.811938316861467));
#12454=DIRECTION('',(0.,0.623487904125642,-0.781832995855901));
#12455=DIRECTION('',(0.,0.661683335091129,-0.749783411434716));
#12456=DIRECTION('',(0.,0.698243241017955,-0.715860584452547));
#12457=DIRECTION('',(0.,0.733051255114227,-0.680173402431656));
#12458=DIRECTION('',(0.,0.766043792952612,-0.642788384523845));
#12459=DIRECTION('',(0.,0.797139092468138,-0.603795716496129));
#12460=DIRECTION('',(0.,0.826232901580763,-0.563328671687705));
#12461=DIRECTION('',(0.,0.853295148030248,-0.52142822166434));
#12462=DIRECTION('',(0.,0.878221711972711,-0.478253724104393));
#12463=DIRECTION('',(0.,0.900970857231734,-0.433879608208446));
#12464=DIRECTION('',(0.,0.921473072739439,-0.388442243089158));
#12465=DIRECTION('',(0.,0.939692886437298,-0.342019413453593));
#12466=DIRECTION('',(0.,0.955573119041616,-0.29475415885968));
#12467=DIRECTION('',(0.,0.969080041171862,-0.246746578096522));
#12468=DIRECTION('',(0.,0.98016874904118,-0.198164637115323));
#12469=DIRECTION('',(0.,0.988832424708668,-0.149031660544921));
#12470=DIRECTION('',(0.,0.995029513007272,-0.0995804611583571));
#12471=DIRECTION('',(0.,0.998757052087784,-0.0498432633855237));
#12472=DIRECTION('',(0.,1.,0.));
#12473=DIRECTION('',(0.,0.998757052087784,0.0498432633855237));
#12474=DIRECTION('',(0.,0.995029382732084,0.0995817628876313));
#12475=DIRECTION('',(0.,0.988832424708668,0.149031660544921));
#12476=DIRECTION('',(0.,0.98016926492696,0.198162085406223));
#12477=DIRECTION('',(0.,0.969079241301006,0.246749719512438));
#12478=DIRECTION('',(0.,0.95557426041099,0.294750458591652));
#12479=DIRECTION('',(0.,0.939692886437298,0.342019413453593));
#12480=DIRECTION('',(0.,0.921471090458082,0.388446945476463));
#12481=DIRECTION('',(0.,0.900973330345134,0.433874472637879));
#12482=DIRECTION('',(0.,0.878221711972711,0.478253724104393));
#12483=DIRECTION('',(0.,0.853295148030248,0.52142822166434));
#12484=DIRECTION('',(0.,0.826232901580763,0.563328671687705));
#12485=DIRECTION('',(0.,0.797134302894164,0.603802039702943));
#12486=DIRECTION('',(0.,0.766049220955138,0.642781915640154));
#12487=DIRECTION('',(0.,0.733045177215072,0.680179952778471));
#12488=DIRECTION('',(0.,0.698243241017955,0.715860584452547));
#12489=DIRECTION('',(0.,0.661690720571158,0.749776893689064));
#12490=DIRECTION('center_axis',(0.,-0.76604450803472,0.642787532322962));
#12491=DIRECTION('ref_axis',(1.,0.,0.));
#12492=DIRECTION('',(1.,0.,0.));
#12493=DIRECTION('',(0.,0.642787532322962,0.76604450803472));
#12494=DIRECTION('',(1.,0.,0.));
#12495=DIRECTION('',(0.,0.642787532322962,0.76604450803472));
#12496=DIRECTION('center_axis',(1.,0.,0.));
#12497=DIRECTION('ref_axis',(0.,0.,-1.));
#12498=DIRECTION('',(0.,1.,0.));
#12499=DIRECTION('',(0.,0.,-1.));
#12500=DIRECTION('',(0.,0.0245440234844057,0.999698750079841));
#12501=DIRECTION('',(0.,0.0735622111850795,0.997290630200426));
#12502=DIRECTION('',(0.,0.122409142167578,0.992479723678926));
#12503=DIRECTION('',(0.,0.170961345048984,0.98527773673165));
#12504=DIRECTION('',(0.,0.219100781435845,0.975702233047666));
#12505=DIRECTION('',(0.,0.266712665526531,0.963776091240976));
#12506=DIRECTION('',(0.,0.313685770082551,0.949526849355887));
#12507=DIRECTION('',(0.,0.359891228965552,0.932994267567419));
#12508=DIRECTION('',(0.,0.405241202296275,0.91420980522059));
#12509=DIRECTION('',(0.,0.449611208352828,0.893224362253689));
#12510=DIRECTION('',(0.,0.492900547092756,0.870085657091106));
#12511=DIRECTION('',(0.,0.534995592539475,0.844854849050023));
#12512=DIRECTION('',(0.,0.575811401157553,0.817582552588407));
#12513=DIRECTION('',(0.,0.615227856795795,0.788349341486661));
#12514=DIRECTION('',(0.,0.6531744146937,0.757207490711458));
#12515=DIRECTION('',(0.,0.68954085699453,0.72424678565752));
#12516=DIRECTION('',(0.,0.724245423150629,0.689542288076203));
#12517=DIRECTION('',(0.,0.757210175615565,0.653171302143814));
#12518=DIRECTION('',(0.,0.788346410849623,0.615231612078344));
#12519=DIRECTION('',(0.,0.817584839367805,0.57580815419367));
#12520=DIRECTION('',(0.,0.844854643966727,0.534995916402972));
#12521=DIRECTION('',(0.,0.870086851612004,0.492898438475829));
#12522=DIRECTION('',(0.,0.893223579313669,0.449612763784658));
#12523=DIRECTION('',(0.,0.914209486138377,0.405241922133685));
#12524=DIRECTION('',(0.,0.932992711065782,0.359895264067372));
#12525=DIRECTION('',(0.,0.949528487352862,0.313680811822123));
#12526=DIRECTION('',(0.,0.963775979731967,0.266713068468134));
#12527=DIRECTION('',(0.,0.975702046498302,0.21910161217806));
#12528=DIRECTION('',(0.,0.985277743456632,0.170961306291825));
#12529=DIRECTION('',(0.,0.992479576537697,0.122410335166413));
#12530=DIRECTION('',(0.,0.997290416379403,0.073565109921735));
#12531=DIRECTION('',(0.,0.999698821587748,0.0245411107341793));
#12532=DIRECTION('',(0.,1.,0.));
#12533=DIRECTION('',(0.,0.0249344235017364,-0.999689088929471));
#12534=DIRECTION('',(0.,0.0747272398656293,-0.997204011033883));
#12535=DIRECTION('',(0.,0.124345174596528,-0.992239022390552));
#12536=DIRECTION('',(0.,0.173650431243714,-0.984807355643159));
#12537=DIRECTION('',(0.,0.222521580347543,-0.974927764647018));
#12538=DIRECTION('',(0.,0.270839165729674,-0.962624613391354));
#12539=DIRECTION('',(0.,0.318481282345024,-0.947929149670939));
#12540=DIRECTION('',(0.,0.365344260719327,-0.930872478462785));
#12541=DIRECTION('',(0.,0.411283276215977,-0.911507579071646));
#12542=DIRECTION('',(0.,0.456208358356685,-0.889872987434442));
#12543=DIRECTION('',(0.,0.500000692232136,-0.86602500412366));
#12544=DIRECTION('',(0.,0.542545131274224,-0.84002665465486));
#12545=DIRECTION('',(0.,0.583743239457356,-0.811938316861467));
#12546=DIRECTION('',(0.,0.623487904125642,-0.781832995855901));
#12547=DIRECTION('',(0.,0.661683335091129,-0.749783411434716));
#12548=DIRECTION('',(0.,0.698243241017955,-0.715860584452547));
#12549=DIRECTION('',(0.,0.733051255114227,-0.680173402431656));
#12550=DIRECTION('',(0.,0.766043792952612,-0.642788384523845));
#12551=DIRECTION('',(0.,0.797139092468138,-0.603795716496129));
#12552=DIRECTION('',(0.,0.826232901580763,-0.563328671687705));
#12553=DIRECTION('',(0.,0.853295148030248,-0.52142822166434));
#12554=DIRECTION('',(0.,0.878221711972711,-0.478253724104393));
#12555=DIRECTION('',(0.,0.900970857231734,-0.433879608208446));
#12556=DIRECTION('',(0.,0.921473072739439,-0.388442243089158));
#12557=DIRECTION('',(0.,0.939692886437298,-0.342019413453593));
#12558=DIRECTION('',(0.,0.955573119041616,-0.29475415885968));
#12559=DIRECTION('',(0.,0.969080041171862,-0.246746578096522));
#12560=DIRECTION('',(0.,0.98016874904118,-0.198164637115323));
#12561=DIRECTION('',(0.,0.988832424708668,-0.149031660544921));
#12562=DIRECTION('',(0.,0.995029513007272,-0.0995804611583571));
#12563=DIRECTION('',(0.,0.998757052087784,-0.0498432633855237));
#12564=DIRECTION('',(0.,1.,0.));
#12565=DIRECTION('',(0.,0.998757052087784,0.0498432633855237));
#12566=DIRECTION('',(0.,0.995029382732084,0.0995817628876313));
#12567=DIRECTION('',(0.,0.988832424708668,0.149031660544921));
#12568=DIRECTION('',(0.,0.98016926492696,0.198162085406223));
#12569=DIRECTION('',(0.,0.969079241301006,0.246749719512438));
#12570=DIRECTION('',(0.,0.95557426041099,0.294750458591652));
#12571=DIRECTION('',(0.,0.939692886437298,0.342019413453593));
#12572=DIRECTION('',(0.,0.921471090458082,0.388446945476463));
#12573=DIRECTION('',(0.,0.900973330345134,0.433874472637879));
#12574=DIRECTION('',(0.,0.878221711972711,0.478253724104393));
#12575=DIRECTION('',(0.,0.853295148030248,0.52142822166434));
#12576=DIRECTION('',(0.,0.826232901580763,0.563328671687705));
#12577=DIRECTION('',(0.,0.797134302894164,0.603802039702943));
#12578=DIRECTION('',(0.,0.766049220955138,0.642781915640154));
#12579=DIRECTION('',(0.,0.733045177215072,0.680179952778471));
#12580=DIRECTION('',(0.,0.698243241017955,0.715860584452547));
#12581=DIRECTION('',(0.,0.661690720571158,0.749776893689064));
#12582=DIRECTION('center_axis',(1.,0.,0.));
#12583=DIRECTION('ref_axis',(0.,0.,-1.));
#12584=DIRECTION('',(0.,1.,0.));
#12585=DIRECTION('',(0.,0.999698640430022,0.0245484892074121));
#12586=DIRECTION('',(0.,0.997291046466463,0.0735565676049812));
#12587=DIRECTION('',(0.,0.992478337309471,0.122420382173183));
#12588=DIRECTION('',(0.,0.985277606499295,0.1709620955973));
#12589=DIRECTION('',(0.,0.975703841204637,0.219093619848951));
#12590=DIRECTION('',(0.,0.963775983547438,0.266713054680808));
#12591=DIRECTION('',(0.,0.949525666053099,0.313689351917496));
#12592=DIRECTION('',(0.,0.932995121037345,0.359889016393262));
#12593=DIRECTION('',(0.,0.914208525629371,0.405244088996462));
#12594=DIRECTION('',(0.,0.893224306142412,0.449611319826811));
#12595=DIRECTION('',(0.,0.870085994271916,0.492899951888669));
#12596=DIRECTION('',(0.,0.844855376057829,0.534994760297879));
#12597=DIRECTION('',(0.,0.817585872803029,0.575806686825457));
#12598=DIRECTION('',(0.,0.788345729528295,0.615232485109897));
#12599=DIRECTION('',(0.,0.757209272775876,0.653172348788763));
#12600=DIRECTION('',(0.,0.724244858280419,0.689542881374593));
#12601=DIRECTION('',(0.,0.689544197805724,0.724243604923413));
#12602=DIRECTION('',(0.,0.653168230283895,0.757212825398385));
#12603=DIRECTION('',(0.,0.615236523931379,0.788342577577054));
#12604=DIRECTION('',(0.,0.575804622072049,0.817587326956861));
#12605=DIRECTION('',(0.,0.534996741557783,0.844854121444972));
#12606=DIRECTION('',(0.,0.492900231352047,0.870085835957062));
#12607=DIRECTION('',(0.,0.449610205089156,0.893224867253306));
#12608=DIRECTION('',(0.,0.405242797449617,0.914209098136312));
#12609=DIRECTION('',(0.,0.35989533296319,0.932992684489709));
#12610=DIRECTION('',(0.,0.313682670887475,0.949527873200624));
#12611=DIRECTION('',(0.,0.266709762919521,0.963776894495512));
#12612=DIRECTION('',(0.,0.219102140673699,0.975701927820276));
#12613=DIRECTION('',(0.,0.170961628042198,0.985277687627788));
#12614=DIRECTION('',(0.,0.122412517023773,0.992479307429583));
#12615=DIRECTION('',(0.,0.0735646460598824,0.997290450596056));
#12616=DIRECTION('',(0.,0.024540167055745,0.999698844753197));
#12617=DIRECTION('',(0.,0.,1.));
#12618=DIRECTION('',(0.,1.,0.));
#12619=DIRECTION('',(0.,0.,1.));
#12620=DIRECTION('',(0.,1.,0.));
#12621=DIRECTION('',(0.,0.0249344235017364,-0.999689088929471));
#12622=DIRECTION('',(0.,1.,0.));
#12623=DIRECTION('',(0.,0.,1.));
#12624=DIRECTION('',(0.,0.024540167055745,-0.999698844753197));
#12625=DIRECTION('',(0.,0.0735646460598824,-0.997290450596056));
#12626=DIRECTION('',(0.,0.122412517023773,-0.992479307429583));
#12627=DIRECTION('',(0.,0.170961628042198,-0.985277687627788));
#12628=DIRECTION('',(0.,0.219102140673699,-0.975701927820276));
#12629=DIRECTION('',(0.,0.266709762919521,-0.963776894495512));
#12630=DIRECTION('',(0.,0.313682670887475,-0.949527873200624));
#12631=DIRECTION('',(0.,0.35989533296319,-0.932992684489709));
#12632=DIRECTION('',(0.,0.405242797449617,-0.914209098136312));
#12633=DIRECTION('',(0.,0.449610205089156,-0.893224867253306));
#12634=DIRECTION('',(0.,0.492900231352047,-0.870085835957062));
#12635=DIRECTION('',(0.,0.534996741557783,-0.844854121444972));
#12636=DIRECTION('',(0.,0.575804622072049,-0.817587326956861));
#12637=DIRECTION('',(0.,0.615236523931379,-0.788342577577054));
#12638=DIRECTION('',(0.,0.653168230283895,-0.757212825398385));
#12639=DIRECTION('',(0.,0.689544197805724,-0.724243604923413));
#12640=DIRECTION('',(0.,0.724244858280419,-0.689542881374593));
#12641=DIRECTION('',(0.,0.757209272775876,-0.653172348788763));
#12642=DIRECTION('',(0.,0.788345729528295,-0.615232485109897));
#12643=DIRECTION('',(0.,0.817585872803029,-0.575806686825457));
#12644=DIRECTION('',(0.,0.844855376057829,-0.534994760297879));
#12645=DIRECTION('',(0.,0.870085994271916,-0.492899951888669));
#12646=DIRECTION('',(0.,0.893224306142412,-0.449611319826811));
#12647=DIRECTION('',(0.,0.914208525629371,-0.405244088996462));
#12648=DIRECTION('',(0.,0.932995121037345,-0.359889016393262));
#12649=DIRECTION('',(0.,0.949525666053099,-0.313689351917496));
#12650=DIRECTION('',(0.,0.963775983547438,-0.266713054680808));
#12651=DIRECTION('',(0.,0.975703841204637,-0.219093619848951));
#12652=DIRECTION('',(0.,0.985277606499295,-0.1709620955973));
#12653=DIRECTION('',(0.,0.992478337309471,-0.122420382173183));
#12654=DIRECTION('',(0.,0.997291046466463,-0.0735565676049812));
#12655=DIRECTION('',(0.,0.999698640430022,-0.0245484892074121));
#12656=DIRECTION('center_axis',(0.,0.,1.));
#12657=DIRECTION('ref_axis',(1.,0.,0.));
#12658=DIRECTION('',(1.,0.,0.));
#12659=DIRECTION('',(0.,1.,0.));
#12660=DIRECTION('',(1.,0.,0.));
#12661=DIRECTION('center_axis',(0.,-1.,0.));
#12662=DIRECTION('ref_axis',(0.,0.,-1.));
#12663=DIRECTION('',(1.,0.,0.));
#12664=DIRECTION('',(0.,0.,1.));
#12665=DIRECTION('',(1.,0.,0.));
#12666=DIRECTION('center_axis',(0.,0.,1.));
#12667=DIRECTION('ref_axis',(1.,0.,0.));
#12668=DIRECTION('',(1.,0.,0.));
#12669=DIRECTION('',(1.,0.,0.));
#12670=DIRECTION('',(0.,1.,0.));
#12671=DIRECTION('',(1.,0.,0.));
#12672=DIRECTION('',(-1.,0.,0.));
#12673=DIRECTION('',(1.,0.,0.));
#12674=DIRECTION('',(0.,1.,0.));
#12675=DIRECTION('',(-1.,0.,0.));
#12676=DIRECTION('',(-1.,0.,0.));
#12677=DIRECTION('',(0.,1.,0.));
#12678=DIRECTION('',(-1.,0.,0.));
#12679=DIRECTION('',(0.,1.,0.));
#12680=DIRECTION('',(1.,0.,0.));
#12681=DIRECTION('',(1.,0.,0.));
#12682=DIRECTION('',(0.,1.,0.));
#12683=DIRECTION('',(1.,0.,0.));
#12684=DIRECTION('',(0.,1.,0.));
#12685=DIRECTION('',(1.,0.,0.));
#12686=DIRECTION('',(0.,1.,0.));
#12687=DIRECTION('center_axis',(0.,1.,0.));
#12688=DIRECTION('ref_axis',(0.,0.,1.));
#12689=DIRECTION('',(0.,0.,-1.));
#12690=DIRECTION('',(1.,0.,0.));
#12691=DIRECTION('center_axis',(0.,1.,0.));
#12692=DIRECTION('ref_axis',(0.,0.,1.));
#12693=DIRECTION('',(1.,0.,0.));
#12694=DIRECTION('',(0.,0.,1.));
#12695=DIRECTION('',(1.,0.,0.));
#12696=DIRECTION('',(0.,0.,1.));
#12697=DIRECTION('center_axis',(0.,-1.,0.));
#12698=DIRECTION('ref_axis',(0.,0.,-1.));
#12699=DIRECTION('',(1.,0.,0.));
#12700=DIRECTION('',(0.,0.,1.));
#12701=DIRECTION('',(1.,0.,0.));
#12702=DIRECTION('center_axis',(0.,0.,-1.));
#12703=DIRECTION('ref_axis',(-1.,0.,0.));
#12704=DIRECTION('',(0.,1.,0.));
#12705=DIRECTION('center_axis',(0.,0.999698844753197,0.024540167055745));
#12706=DIRECTION('ref_axis',(0.,-0.024540167055745,0.999698844753197));
#12707=DIRECTION('',(0.,0.024540167055745,-0.999698844753197));
#12708=DIRECTION('',(1.,0.,0.));
#12709=DIRECTION('center_axis',(0.,0.997290450596056,0.0735646460598824));
#12710=DIRECTION('ref_axis',(0.,-0.0735646460598824,0.997290450596056));
#12711=DIRECTION('',(0.,0.0735646460598824,-0.997290450596056));
#12712=DIRECTION('',(1.,0.,0.));
#12713=DIRECTION('',(0.993505695035014,-0.00837036178446229,0.113474098262952));
#12714=DIRECTION('center_axis',(0.,0.997290450596056,0.0735646460598824));
#12715=DIRECTION('ref_axis',(0.,-0.0735646460598824,0.997290450596056));
#12716=DIRECTION('center_axis',(0.,0.992479307429583,0.122412517023773));
#12717=DIRECTION('ref_axis',(0.,-0.122412517023773,0.992479307429583));
#12718=DIRECTION('',(0.,0.122412517023773,-0.992479307429583));
#12719=DIRECTION('',(1.,0.,0.));
#12720=DIRECTION('',(0.993505792099211,-0.0139282858967359,0.112925833702032));
#12721=DIRECTION('center_axis',(0.,0.992479307429583,0.122412517023773));
#12722=DIRECTION('ref_axis',(0.,-0.122412517023773,0.992479307429583));
#12723=DIRECTION('center_axis',(0.,0.985277687627788,0.170961628042198));
#12724=DIRECTION('ref_axis',(0.,-0.170961628042198,0.985277687627788));
#12725=DIRECTION('',(0.,0.170961628042198,-0.985277687627788));
#12726=DIRECTION('',(1.,0.,0.));
#12727=DIRECTION('',(0.993505701700058,-0.0194524139337889,0.112107199954433));
#12728=DIRECTION('center_axis',(0.,0.985277687627788,0.170961628042198));
#12729=DIRECTION('ref_axis',(0.,-0.170961628042198,0.985277687627788));
#12730=DIRECTION('center_axis',(0.,0.975701927820276,0.2191021406737));
#12731=DIRECTION('ref_axis',(0.,-0.219102140673699,0.975701927820276));
#12732=DIRECTION('',(0.,0.219102140673699,-0.975701927820276));
#12733=DIRECTION('',(1.,0.,0.));
#12734=DIRECTION('',(0.9935057807508,-0.0249298028321471,0.111016974132307));
#12735=DIRECTION('center_axis',(0.,0.975701927820276,0.2191021406737));
#12736=DIRECTION('ref_axis',(0.,-0.219102140673699,0.975701927820276));
#12737=DIRECTION('center_axis',(0.,0.963776894495512,0.266709762919521));
#12738=DIRECTION('ref_axis',(0.,-0.266709762919521,0.963776894495512));
#12739=DIRECTION('',(0.,0.266709762919521,-0.963776894495512));
#12740=DIRECTION('',(0.993505699949328,0.0303468647610445,-0.109660804152491));
#12741=DIRECTION('center_axis',(0.,0.949527873200624,0.313682670887475));
#12742=DIRECTION('ref_axis',(0.,-0.313682670887475,0.949527873200624));
#12743=DIRECTION('',(0.,0.313682670887475,-0.949527873200624));
#12744=DIRECTION('',(1.,0.,0.));
#12745=DIRECTION('',(0.993505795197637,-0.0356912919392553,0.108038727262115));
#12746=DIRECTION('center_axis',(0.,0.963776894495512,0.266709762919521));
#12747=DIRECTION('ref_axis',(0.,-0.266709762919521,0.963776894495512));
#12748=DIRECTION('',(1.,0.,0.));
#12749=DIRECTION('center_axis',(0.,0.949527873200624,0.313682670887475));
#12750=DIRECTION('ref_axis',(0.,-0.313682670887475,0.949527873200624));
#12751=DIRECTION('center_axis',(0.,0.932992684489709,0.35989533296319));
#12752=DIRECTION('ref_axis',(0.,-0.35989533296319,0.932992684489709));
#12753=DIRECTION('',(0.,0.35989533296319,-0.932992684489709));
#12754=DIRECTION('',(1.,0.,0.));
#12755=DIRECTION('',(0.993505678267881,-0.0409498064481529,0.106158280889138));
#12756=DIRECTION('center_axis',(0.,0.932992684489709,0.35989533296319));
#12757=DIRECTION('ref_axis',(0.,-0.35989533296319,0.932992684489709));
#12758=DIRECTION('center_axis',(0.,0.914209098136312,0.405242797449617));
#12759=DIRECTION('ref_axis',(0.,-0.405242797449617,0.914209098136312));
#12760=DIRECTION('',(0.,0.405242797449617,-0.914209098136312));
#12761=DIRECTION('',(1.,0.,0.));
#12762=DIRECTION('',(0.993505790075016,-0.0461091606845862,0.104020144147087));
#12763=DIRECTION('center_axis',(0.,0.914209098136312,0.405242797449617));
#12764=DIRECTION('ref_axis',(0.,-0.405242797449617,0.914209098136312));
#12765=DIRECTION('center_axis',(0.,0.893224867253306,0.449610205089157));
#12766=DIRECTION('ref_axis',(0.,-0.449610205089156,0.893224867253306));
#12767=DIRECTION('',(0.,0.449610205089156,-0.893224867253306));
#12768=DIRECTION('',(1.,0.,0.));
#12769=DIRECTION('',(0.993505714353004,-0.0511576511417705,0.101633116047795));
#12770=DIRECTION('center_axis',(0.,0.893224867253306,0.449610205089157));
#12771=DIRECTION('ref_axis',(0.,-0.449610205089156,0.893224867253306));
#12772=DIRECTION('center_axis',(0.,0.870085835957062,0.492900231352047));
#12773=DIRECTION('ref_axis',(0.,-0.492900231352047,0.870085835957062));
#12774=DIRECTION('',(0.,0.492900231352047,-0.870085835957062));
#12775=DIRECTION('',(0.993505786414303,0.0560829766662978,-0.0989997580277126));
#12776=DIRECTION('center_axis',(0.,0.844854121444972,0.534996741557782));
#12777=DIRECTION('ref_axis',(1.,0.,0.));
#12778=DIRECTION('',(0.,0.534996741557783,-0.844854121444972));
#12779=DIRECTION('',(0.993505781390186,0.0608728083963159,-0.0961288902579288));
#12780=DIRECTION('',(1.,0.,0.));
#12781=DIRECTION('center_axis',(0.,0.870085835957062,0.492900231352047));
#12782=DIRECTION('ref_axis',(0.,-0.492900231352047,0.870085835957062));
#12783=DIRECTION('center_axis',(0.,0.844854121444972,0.534996741557782));
#12784=DIRECTION('ref_axis',(1.,0.,0.));
#12785=DIRECTION('',(1.,0.,0.));
#12786=DIRECTION('center_axis',(0.,0.817587326956861,0.575804622072049));
#12787=DIRECTION('ref_axis',(1.,0.,0.));
#12788=DIRECTION('',(0.993505637634173,-0.0655167188641297,0.0930274558310258));
#12789=DIRECTION('center_axis',(0.,0.817587326956861,0.575804622072049));
#12790=DIRECTION('ref_axis',(1.,0.,0.));
#12791=DIRECTION('',(0.,0.575804622072049,-0.817587326956861));
#12792=DIRECTION('',(1.,0.,0.));
#12793=DIRECTION('center_axis',(0.,0.788342577577054,0.615236523931379));
#12794=DIRECTION('ref_axis',(1.,0.,0.));
#12795=DIRECTION('',(0.993505818820688,-0.0700024216111399,0.0896986562776251));
#12796=DIRECTION('center_axis',(0.,0.788342577577054,0.615236523931379));
#12797=DIRECTION('ref_axis',(1.,0.,0.));
#12798=DIRECTION('',(0.,0.615236523931379,-0.788342577577054));
#12799=DIRECTION('',(1.,0.,0.));
#12800=DIRECTION('center_axis',(0.,0.757212825398385,0.653168230283894));
#12801=DIRECTION('ref_axis',(1.,0.,0.));
#12802=DIRECTION('',(0.,0.653168230283895,-0.757212825398385));
#12803=DIRECTION('',(0.993505679695351,0.0743191345606458,-0.086157591953561));
#12804=DIRECTION('center_axis',(0.,0.757212825398385,0.653168230283894));
#12805=DIRECTION('ref_axis',(1.,0.,0.));
#12806=DIRECTION('',(1.,0.,0.));
#12807=DIRECTION('center_axis',(0.,0.724243604923413,0.689544197805724));
#12808=DIRECTION('ref_axis',(1.,0.,0.));
#12809=DIRECTION('',(0.993505789392621,-0.0784574237490099,0.0824055768865975));
#12810=DIRECTION('center_axis',(0.,0.724243604923413,0.689544197805724));
#12811=DIRECTION('ref_axis',(1.,0.,0.));
#12812=DIRECTION('',(0.,0.689544197805724,-0.724243604923413));
#12813=DIRECTION('',(1.,0.,0.));
#12814=DIRECTION('center_axis',(0.,0.689542881374593,0.724244858280419));
#12815=DIRECTION('ref_axis',(1.,0.,0.));
#12816=DIRECTION('',(0.993505713060556,-0.082406202209214,0.0784577335480065));
#12817=DIRECTION('center_axis',(0.,0.689542881374593,0.724244858280419));
#12818=DIRECTION('ref_axis',(1.,0.,0.));
#12819=DIRECTION('',(0.,0.724244858280419,-0.689542881374593));
#12820=DIRECTION('',(1.,0.,0.));
#12821=DIRECTION('center_axis',(0.,0.653172348788763,0.757209272775876));
#12822=DIRECTION('ref_axis',(1.,0.,0.));
#12823=DIRECTION('',(0.993505760797434,-0.0861566515058701,0.0743191406274824));
#12824=DIRECTION('center_axis',(0.,0.653172348788763,0.757209272775876));
#12825=DIRECTION('ref_axis',(1.,0.,0.));
#12826=DIRECTION('',(0.,0.757209272775876,-0.653172348788763));
#12827=DIRECTION('',(1.,0.,0.));
#12828=DIRECTION('center_axis',(0.,0.615232485109897,0.788345729528295));
#12829=DIRECTION('ref_axis',(1.,0.,0.));
#12830=DIRECTION('',(0.993505734384407,-0.0896995961351991,0.0700024156617594));
#12831=DIRECTION('center_axis',(0.,0.615232485109897,0.788345729528295));
#12832=DIRECTION('ref_axis',(1.,0.,0.));
#12833=DIRECTION('',(0.,0.788345729528295,-0.615232485109897));
#12834=DIRECTION('',(1.,0.,0.));
#12835=DIRECTION('center_axis',(0.,0.575806686825457,0.817585872803029));
#12836=DIRECTION('ref_axis',(1.,0.,0.));
#12837=DIRECTION('',(0.,0.817585872803029,-0.575806686825457));
#12838=DIRECTION('',(0.993505745760564,0.0930265184745879,-0.0655164101675524));
#12839=DIRECTION('center_axis',(0.,0.575806686825457,0.817585872803029));
#12840=DIRECTION('ref_axis',(1.,0.,0.));
#12841=DIRECTION('',(1.,0.,0.));
#12842=DIRECTION('center_axis',(0.,0.534994760297879,0.844855376057829));
#12843=DIRECTION('ref_axis',(1.,0.,0.));
#12844=DIRECTION('',(0.99350580049056,-0.0961288921060284,0.060872493739621));
#12845=DIRECTION('center_axis',(0.,0.534994760297879,0.844855376057829));
#12846=DIRECTION('ref_axis',(1.,0.,0.));
#12847=DIRECTION('',(0.,0.844855376057829,-0.534994760297879));
#12848=DIRECTION('',(1.,0.,0.));
#12849=DIRECTION('center_axis',(0.,0.492899951888669,0.870085994271916));
#12850=DIRECTION('ref_axis',(1.,0.,0.));
#12851=DIRECTION('',(0.993505706689092,-0.0990003817372607,0.0560832879928024));
#12852=DIRECTION('center_axis',(0.,0.492899951888669,0.870085994271916));
#12853=DIRECTION('ref_axis',(1.,0.,0.));
#12854=DIRECTION('',(0.,0.870085994271916,-0.492899951888669));
#12855=DIRECTION('',(1.,0.,0.));
#12856=DIRECTION('center_axis',(0.,0.449611319826811,0.893224306142412));
#12857=DIRECTION('ref_axis',(1.,0.,0.));
#12858=DIRECTION('',(0.993505746242977,-0.101632803483087,0.0511576527838508));
#12859=DIRECTION('center_axis',(0.,0.449611319826811,0.893224306142412));
#12860=DIRECTION('ref_axis',(1.,0.,0.));
#12861=DIRECTION('',(0.,0.893224306142412,-0.449611319826811));
#12862=DIRECTION('',(1.,0.,0.));
#12863=DIRECTION('center_axis',(0.,0.405244088996462,0.914208525629371));
#12864=DIRECTION('ref_axis',(1.,0.,0.));
#12865=DIRECTION('',(0.,0.914208525629371,-0.405244088996462));
#12866=DIRECTION('',(0.993505742967957,0.104020455041944,-0.0461094743252913));
#12867=DIRECTION('center_axis',(0.,0.359889016393262,0.932995121037345));
#12868=DIRECTION('ref_axis',(1.,0.,0.));
#12869=DIRECTION('',(0.,0.932995121037345,-0.359889016393262));
#12870=DIRECTION('',(1.,0.,0.));
#12871=DIRECTION('',(0.993505750124483,-0.106157972740203,0.0409488619289843));
#12872=DIRECTION('center_axis',(0.,0.405244088996462,0.914208525629371));
#12873=DIRECTION('ref_axis',(1.,0.,0.));
#12874=DIRECTION('',(1.,0.,0.));
#12875=DIRECTION('center_axis',(0.,0.359889016393262,0.932995121037345));
#12876=DIRECTION('ref_axis',(1.,0.,0.));
#12877=DIRECTION('center_axis',(0.,0.313689351917496,0.949525666053099));
#12878=DIRECTION('ref_axis',(1.,0.,0.));
#12879=DIRECTION('',(0.,0.949525666053099,-0.313689351917496));
#12880=DIRECTION('',(1.,0.,0.));
#12881=DIRECTION('',(0.993505727699989,-0.108039035749052,0.0356922369953255));
#12882=DIRECTION('center_axis',(0.,0.313689351917496,0.949525666053099));
#12883=DIRECTION('ref_axis',(1.,0.,0.));
#12884=DIRECTION('center_axis',(0.,0.266713054680808,0.963775983547438));
#12885=DIRECTION('ref_axis',(1.,0.,0.));
#12886=DIRECTION('',(0.,0.963775983547438,-0.266713054680808));
#12887=DIRECTION('',(1.,0.,0.));
#12888=DIRECTION('',(0.993505724836031,-0.109660491072461,0.030347181348179));
#12889=DIRECTION('center_axis',(0.,0.266713054680808,0.963775983547438));
#12890=DIRECTION('ref_axis',(1.,0.,0.));
#12891=DIRECTION('center_axis',(0.,0.219093619848951,0.975703841204637));
#12892=DIRECTION('ref_axis',(1.,0.,0.));
#12893=DIRECTION('',(0.,0.975703841204637,-0.219093619848951));
#12894=DIRECTION('',(1.,0.,0.));
#12895=DIRECTION('',(0.993505769382967,-0.111017288689014,0.0249288550659613));
#12896=DIRECTION('center_axis',(0.,0.219093619848951,0.975703841204637));
#12897=DIRECTION('ref_axis',(1.,0.,0.));
#12898=DIRECTION('center_axis',(0.,0.1709620955973,0.985277606499295));
#12899=DIRECTION('ref_axis',(1.,0.,0.));
#12900=DIRECTION('',(0.,0.985277606499295,-0.1709620955973));
#12901=DIRECTION('',(1.,0.,0.));
#12902=DIRECTION('',(0.993505736876546,-0.112106888096781,0.0194524146225294));
#12903=DIRECTION('center_axis',(0.,0.1709620955973,0.985277606499295));
#12904=DIRECTION('ref_axis',(1.,0.,0.));
#12905=DIRECTION('center_axis',(0.,0.122420382173183,0.992478337309471));
#12906=DIRECTION('ref_axis',(1.,0.,0.));
#12907=DIRECTION('',(0.,0.992478337309471,-0.122420382173183));
#12908=DIRECTION('',(1.,0.,0.));
#12909=DIRECTION('',(0.993505743554226,-0.112926144011185,0.0139292326970786));
#12910=DIRECTION('center_axis',(0.,0.122420382173183,0.992478337309471));
#12911=DIRECTION('ref_axis',(1.,0.,0.));
#12912=DIRECTION('center_axis',(0.,0.0735565676049812,0.997291046466463));
#12913=DIRECTION('ref_axis',(1.,0.,0.));
#12914=DIRECTION('',(0.,0.997291046466463,-0.0735565676049812));
#12915=DIRECTION('',(1.,0.,0.));
#12916=DIRECTION('',(0.99350573851921,-0.113473787402568,0.00836941466991394));
#12917=DIRECTION('center_axis',(0.,0.0735565676049812,0.997291046466463));
#12918=DIRECTION('ref_axis',(1.,0.,0.));
#12919=DIRECTION('center_axis',(0.,0.0245484892074121,0.999698640430022));
#12920=DIRECTION('ref_axis',(1.,0.,0.));
#12921=DIRECTION('',(0.,0.999698640430022,-0.0245484892074121));
#12922=DIRECTION('center_axis',(0.,-0.0245484892074121,0.999698640430022));
#12923=DIRECTION('ref_axis',(1.,0.,0.));
#12924=DIRECTION('',(0.,0.999698640430022,0.0245484892074121));
#12925=DIRECTION('',(1.,0.,0.));
#12926=DIRECTION('center_axis',(0.,-0.0735565676049812,0.997291046466463));
#12927=DIRECTION('ref_axis',(1.,0.,0.));
#12928=DIRECTION('',(0.,0.997291046466463,0.0735565676049812));
#12929=DIRECTION('',(1.,0.,0.));
#12930=DIRECTION('',(0.99350573851921,-0.113473787402568,-0.00836941466991394));
#12931=DIRECTION('center_axis',(0.,-0.0735565676049812,0.997291046466463));
#12932=DIRECTION('ref_axis',(1.,0.,0.));
#12933=DIRECTION('center_axis',(0.,-0.122420382173183,0.992478337309471));
#12934=DIRECTION('ref_axis',(1.,0.,0.));
#12935=DIRECTION('',(0.,0.992478337309471,0.122420382173183));
#12936=DIRECTION('',(1.,0.,0.));
#12937=DIRECTION('',(0.993505743554226,-0.112926144011185,-0.0139292326970786));
#12938=DIRECTION('center_axis',(0.,-0.122420382173183,0.992478337309471));
#12939=DIRECTION('ref_axis',(1.,0.,0.));
#12940=DIRECTION('center_axis',(0.,-0.1709620955973,0.985277606499295));
#12941=DIRECTION('ref_axis',(1.,0.,0.));
#12942=DIRECTION('',(0.,0.985277606499295,0.1709620955973));
#12943=DIRECTION('',(1.,0.,0.));
#12944=DIRECTION('',(0.993505736876546,-0.112106888096781,-0.0194524146225294));
#12945=DIRECTION('center_axis',(0.,-0.1709620955973,0.985277606499295));
#12946=DIRECTION('ref_axis',(1.,0.,0.));
#12947=DIRECTION('center_axis',(0.,-0.219093619848951,0.975703841204637));
#12948=DIRECTION('ref_axis',(1.,0.,0.));
#12949=DIRECTION('',(0.,0.975703841204637,0.219093619848951));
#12950=DIRECTION('',(1.,0.,0.));
#12951=DIRECTION('',(0.993505769382967,-0.111017288689014,-0.0249288550659613));
#12952=DIRECTION('center_axis',(0.,-0.219093619848951,0.975703841204637));
#12953=DIRECTION('ref_axis',(1.,0.,0.));
#12954=DIRECTION('center_axis',(0.,-0.266713054680808,0.963775983547438));
#12955=DIRECTION('ref_axis',(1.,0.,0.));
#12956=DIRECTION('',(0.,0.963775983547438,0.266713054680808));
#12957=DIRECTION('',(1.,0.,0.));
#12958=DIRECTION('',(0.993505724836031,-0.109660491072461,-0.030347181348179));
#12959=DIRECTION('center_axis',(0.,-0.266713054680808,0.963775983547438));
#12960=DIRECTION('ref_axis',(1.,0.,0.));
#12961=DIRECTION('center_axis',(0.,-0.313689351917496,0.949525666053099));
#12962=DIRECTION('ref_axis',(1.,0.,0.));
#12963=DIRECTION('',(0.,0.949525666053099,0.313689351917496));
#12964=DIRECTION('',(0.993505727699989,0.108039035749052,0.0356922369953255));
#12965=DIRECTION('center_axis',(0.,-0.359889016393262,0.932995121037345));
#12966=DIRECTION('ref_axis',(1.,0.,0.));
#12967=DIRECTION('',(0.,0.932995121037345,0.359889016393262));
#12968=DIRECTION('',(0.993505750124483,0.106157972740203,0.0409488619289843));
#12969=DIRECTION('',(1.,0.,0.));
#12970=DIRECTION('center_axis',(0.,-0.313689351917496,0.949525666053099));
#12971=DIRECTION('ref_axis',(1.,0.,0.));
#12972=DIRECTION('center_axis',(0.,-0.405244088996462,0.914208525629371));
#12973=DIRECTION('ref_axis',(1.,0.,0.));
#12974=DIRECTION('',(0.,0.914208525629371,0.405244088996462));
#12975=DIRECTION('',(1.,0.,0.));
#12976=DIRECTION('',(0.993505742967957,-0.104020455041944,-0.0461094743252913));
#12977=DIRECTION('center_axis',(0.,-0.359889016393262,0.932995121037345));
#12978=DIRECTION('ref_axis',(1.,0.,0.));
#12979=DIRECTION('',(1.,0.,0.));
#12980=DIRECTION('center_axis',(0.,-0.405244088996462,0.914208525629371));
#12981=DIRECTION('ref_axis',(1.,0.,0.));
#12982=DIRECTION('center_axis',(0.,-0.449611319826811,0.893224306142412));
#12983=DIRECTION('ref_axis',(1.,0.,0.));
#12984=DIRECTION('',(0.,0.893224306142412,0.449611319826811));
#12985=DIRECTION('',(1.,0.,0.));
#12986=DIRECTION('',(0.993505746242977,-0.101632803483087,-0.0511576527838508));
#12987=DIRECTION('center_axis',(0.,-0.449611319826811,0.893224306142412));
#12988=DIRECTION('ref_axis',(1.,0.,0.));
#12989=DIRECTION('center_axis',(0.,-0.492899951888669,0.870085994271916));
#12990=DIRECTION('ref_axis',(1.,0.,0.));
#12991=DIRECTION('',(0.,0.870085994271916,0.492899951888669));
#12992=DIRECTION('',(0.993505706689092,0.0990003817372607,0.0560832879928024));
#12993=DIRECTION('center_axis',(0.,-0.534994760297879,0.844855376057829));
#12994=DIRECTION('ref_axis',(1.,0.,0.));
#12995=DIRECTION('',(0.,0.844855376057829,0.534994760297879));
#12996=DIRECTION('',(1.,0.,0.));
#12997=DIRECTION('',(0.99350580049056,-0.0961288921060284,-0.060872493739621));
#12998=DIRECTION('center_axis',(0.,-0.492899951888669,0.870085994271916));
#12999=DIRECTION('ref_axis',(1.,0.,0.));
#13000=DIRECTION('',(1.,0.,0.));
#13001=DIRECTION('center_axis',(0.,-0.534994760297879,0.844855376057829));
#13002=DIRECTION('ref_axis',(1.,0.,0.));
#13003=DIRECTION('center_axis',(0.,-0.575806686825457,0.817585872803029));
#13004=DIRECTION('ref_axis',(1.,0.,0.));
#13005=DIRECTION('',(0.993505745760564,-0.0930265184745879,-0.0655164101675524));
#13006=DIRECTION('center_axis',(0.,-0.575806686825457,0.817585872803029));
#13007=DIRECTION('ref_axis',(1.,0.,0.));
#13008=DIRECTION('',(0.,0.817585872803029,0.575806686825457));
#13009=DIRECTION('',(1.,0.,0.));
#13010=DIRECTION('center_axis',(0.,-0.615232485109897,0.788345729528295));
#13011=DIRECTION('ref_axis',(1.,0.,0.));
#13012=DIRECTION('',(0.,0.788345729528295,0.615232485109897));
#13013=DIRECTION('',(0.993505734384407,0.0896995961351991,0.0700024156617594));
#13014=DIRECTION('center_axis',(0.,-0.615232485109897,0.788345729528295));
#13015=DIRECTION('ref_axis',(1.,0.,0.));
#13016=DIRECTION('',(1.,0.,0.));
#13017=DIRECTION('center_axis',(0.,-0.653172348788763,0.757209272775876));
#13018=DIRECTION('ref_axis',(1.,0.,0.));
#13019=DIRECTION('',(0.993505760797434,-0.0861566515058701,-0.0743191406274824));
#13020=DIRECTION('center_axis',(0.,-0.653172348788763,0.757209272775876));
#13021=DIRECTION('ref_axis',(1.,0.,0.));
#13022=DIRECTION('',(0.,0.757209272775876,0.653172348788763));
#13023=DIRECTION('',(1.,0.,0.));
#13024=DIRECTION('center_axis',(0.,-0.689542881374593,0.724244858280419));
#13025=DIRECTION('ref_axis',(1.,0.,0.));
#13026=DIRECTION('',(0.,0.724244858280419,0.689542881374593));
#13027=DIRECTION('',(0.993505713060556,0.082406202209214,0.0784577335480065));
#13028=DIRECTION('center_axis',(0.,-0.689542881374593,0.724244858280419));
#13029=DIRECTION('ref_axis',(1.,0.,0.));
#13030=DIRECTION('',(1.,0.,0.));
#13031=DIRECTION('center_axis',(0.,-0.724243604923413,0.689544197805724));
#13032=DIRECTION('ref_axis',(1.,0.,0.));
#13033=DIRECTION('',(0.,0.689544197805724,0.724243604923413));
#13034=DIRECTION('',(0.993505789392621,0.0784574237490099,0.0824055768865975));
#13035=DIRECTION('center_axis',(0.,-0.724243604923413,0.689544197805724));
#13036=DIRECTION('ref_axis',(1.,0.,0.));
#13037=DIRECTION('',(1.,0.,0.));
#13038=DIRECTION('center_axis',(0.,-0.757212825398385,0.653168230283894));
#13039=DIRECTION('ref_axis',(1.,0.,0.));
#13040=DIRECTION('',(0.993505679695351,-0.0743191345606458,-0.086157591953561));
#13041=DIRECTION('center_axis',(0.,-0.757212825398385,0.653168230283894));
#13042=DIRECTION('ref_axis',(1.,0.,0.));
#13043=DIRECTION('',(0.,0.653168230283895,0.757212825398385));
#13044=DIRECTION('',(1.,0.,0.));
#13045=DIRECTION('center_axis',(0.,-0.788342577577054,0.615236523931379));
#13046=DIRECTION('ref_axis',(1.,0.,0.));
#13047=DIRECTION('',(0.,0.615236523931379,0.788342577577054));
#13048=DIRECTION('',(0.993505818820688,0.0700024216111399,0.0896986562776251));
#13049=DIRECTION('center_axis',(0.,-0.788342577577054,0.615236523931379));
#13050=DIRECTION('ref_axis',(1.,0.,0.));
#13051=DIRECTION('',(1.,0.,0.));
#13052=DIRECTION('center_axis',(0.,-0.817587326956861,0.575804622072049));
#13053=DIRECTION('ref_axis',(1.,0.,0.));
#13054=DIRECTION('',(0.993505637634173,-0.0655167188641297,-0.0930274558310258));
#13055=DIRECTION('center_axis',(0.,-0.817587326956861,0.575804622072049));
#13056=DIRECTION('ref_axis',(1.,0.,0.));
#13057=DIRECTION('',(0.,0.575804622072049,0.817587326956861));
#13058=DIRECTION('',(1.,0.,0.));
#13059=DIRECTION('center_axis',(0.,-0.844854121444972,0.534996741557782));
#13060=DIRECTION('ref_axis',(1.,0.,0.));
#13061=DIRECTION('',(0.993505781390186,-0.0608728083963159,-0.0961288902579288));
#13062=DIRECTION('center_axis',(0.,-0.844854121444972,0.534996741557782));
#13063=DIRECTION('ref_axis',(1.,0.,0.));
#13064=DIRECTION('',(0.,0.534996741557783,0.844854121444972));
#13065=DIRECTION('',(1.,0.,0.));
#13066=DIRECTION('center_axis',(0.,-0.870085835957062,0.492900231352047));
#13067=DIRECTION('ref_axis',(0.,-0.492900231352047,-0.870085835957062));
#13068=DIRECTION('',(0.,0.492900231352047,0.870085835957062));
#13069=DIRECTION('',(0.993505786414303,0.0560829766662978,0.0989997580277126));
#13070=DIRECTION('center_axis',(0.,-0.870085835957062,0.492900231352047));
#13071=DIRECTION('ref_axis',(0.,-0.492900231352047,-0.870085835957062));
#13072=DIRECTION('',(1.,0.,0.));
#13073=DIRECTION('center_axis',(0.,-0.893224867253306,0.449610205089157));
#13074=DIRECTION('ref_axis',(0.,-0.449610205089156,-0.893224867253306));
#13075=DIRECTION('',(0.993505714353004,-0.0511576511417705,-0.101633116047795));
#13076=DIRECTION('center_axis',(0.,-0.893224867253306,0.449610205089157));
#13077=DIRECTION('ref_axis',(0.,-0.449610205089156,-0.893224867253306));
#13078=DIRECTION('',(0.,0.449610205089156,0.893224867253306));
#13079=DIRECTION('',(1.,0.,0.));
#13080=DIRECTION('center_axis',(0.,-0.914209098136312,0.405242797449617));
#13081=DIRECTION('ref_axis',(0.,-0.405242797449617,-0.914209098136312));
#13082=DIRECTION('',(0.993505790075016,-0.0461091606845862,-0.104020144147087));
#13083=DIRECTION('center_axis',(0.,-0.914209098136312,0.405242797449617));
#13084=DIRECTION('ref_axis',(0.,-0.405242797449617,-0.914209098136312));
#13085=DIRECTION('',(0.,0.405242797449617,0.914209098136312));
#13086=DIRECTION('',(1.,0.,0.));
#13087=DIRECTION('center_axis',(0.,-0.932992684489709,0.35989533296319));
#13088=DIRECTION('ref_axis',(0.,-0.35989533296319,-0.932992684489709));
#13089=DIRECTION('',(0.993505678267881,-0.0409498064481529,-0.106158280889138));
#13090=DIRECTION('center_axis',(0.,-0.932992684489709,0.35989533296319));
#13091=DIRECTION('ref_axis',(0.,-0.35989533296319,-0.932992684489709));
#13092=DIRECTION('',(0.,0.35989533296319,0.932992684489709));
#13093=DIRECTION('',(1.,0.,0.));
#13094=DIRECTION('center_axis',(0.,-0.949527873200624,0.313682670887475));
#13095=DIRECTION('ref_axis',(0.,-0.313682670887475,-0.949527873200624));
#13096=DIRECTION('',(0.,0.313682670887475,0.949527873200624));
#13097=DIRECTION('',(0.993505795197637,0.0356912919392553,0.108038727262115));
#13098=DIRECTION('center_axis',(0.,-0.963776894495512,0.266709762919521));
#13099=DIRECTION('ref_axis',(0.,-0.266709762919521,-0.963776894495512));
#13100=DIRECTION('',(0.,0.266709762919521,0.963776894495512));
#13101=DIRECTION('',(1.,0.,0.));
#13102=DIRECTION('',(0.993505699949328,-0.0303468647610445,-0.109660804152491));
#13103=DIRECTION('center_axis',(0.,-0.949527873200624,0.313682670887475));
#13104=DIRECTION('ref_axis',(0.,-0.313682670887475,-0.949527873200624));
#13105=DIRECTION('',(1.,0.,0.));
#13106=DIRECTION('center_axis',(0.,-0.963776894495512,0.266709762919521));
#13107=DIRECTION('ref_axis',(0.,-0.266709762919521,-0.963776894495512));
#13108=DIRECTION('center_axis',(0.,-0.975701927820276,0.2191021406737));
#13109=DIRECTION('ref_axis',(0.,-0.219102140673699,-0.975701927820276));
#13110=DIRECTION('',(0.,0.219102140673699,0.975701927820276));
#13111=DIRECTION('',(1.,0.,0.));
#13112=DIRECTION('',(0.9935057807508,-0.0249298028321471,-0.111016974132307));
#13113=DIRECTION('center_axis',(0.,-0.975701927820276,0.2191021406737));
#13114=DIRECTION('ref_axis',(0.,-0.219102140673699,-0.975701927820276));
#13115=DIRECTION('center_axis',(0.,-0.985277687627788,0.170961628042198));
#13116=DIRECTION('ref_axis',(0.,-0.170961628042198,-0.985277687627788));
#13117=DIRECTION('',(0.,0.170961628042198,0.985277687627788));
#13118=DIRECTION('',(1.,0.,0.));
#13119=DIRECTION('',(0.993505701700058,-0.0194524139337889,-0.112107199954433));
#13120=DIRECTION('center_axis',(0.,-0.985277687627788,0.170961628042198));
#13121=DIRECTION('ref_axis',(0.,-0.170961628042198,-0.985277687627788));
#13122=DIRECTION('center_axis',(0.,-0.992479307429583,0.122412517023773));
#13123=DIRECTION('ref_axis',(0.,-0.122412517023773,-0.992479307429583));
#13124=DIRECTION('',(0.,0.122412517023773,0.992479307429583));
#13125=DIRECTION('',(1.,0.,0.));
#13126=DIRECTION('',(0.993505792099211,-0.0139282858967359,-0.112925833702032));
#13127=DIRECTION('center_axis',(0.,-0.992479307429583,0.122412517023773));
#13128=DIRECTION('ref_axis',(0.,-0.122412517023773,-0.992479307429583));
#13129=DIRECTION('center_axis',(0.,-0.997290450596056,0.0735646460598824));
#13130=DIRECTION('ref_axis',(0.,-0.0735646460598824,-0.997290450596056));
#13131=DIRECTION('',(0.,0.0735646460598824,0.997290450596056));
#13132=DIRECTION('',(1.,0.,0.));
#13133=DIRECTION('',(0.993505695035014,-0.00837036178446229,-0.113474098262952));
#13134=DIRECTION('center_axis',(0.,-0.997290450596056,0.0735646460598824));
#13135=DIRECTION('ref_axis',(0.,-0.0735646460598824,-0.997290450596056));
#13136=DIRECTION('center_axis',(0.,-0.999698844753197,0.024540167055745));
#13137=DIRECTION('ref_axis',(0.,-0.024540167055745,-0.999698844753197));
#13138=DIRECTION('',(0.,0.024540167055745,0.999698844753197));
#13139=DIRECTION('',(1.,0.,0.));
#13140=DIRECTION('center_axis',(0.,0.76604450803472,0.642787532322962));
#13141=DIRECTION('ref_axis',(1.,0.,0.));
#13142=DIRECTION('',(0.979267771051237,-0.130209514339768,0.155177688330972));
#13143=DIRECTION('',(0.,0.642787532322962,-0.76604450803472));
#13144=DIRECTION('',(1.,0.,0.));
#13145=DIRECTION('center_axis',(0.,0.76604450803472,0.642787532322962));
#13146=DIRECTION('ref_axis',(1.,0.,0.));
#13147=DIRECTION('',(0.,0.642787532322962,-0.76604450803472));
#13148=DIRECTION('',(1.,0.,0.));
#13149=DIRECTION('center_axis',(0.,0.,-1.));
#13150=DIRECTION('ref_axis',(-1.,0.,0.));
#13151=DIRECTION('',(0.,1.,0.));
#13152=DIRECTION('',(0.,1.,0.));
#13153=DIRECTION('center_axis',(0.,-0.999689088929471,0.0249344235017364));
#13154=DIRECTION('ref_axis',(0.,-0.0249344235017364,-0.999689088929471));
#13155=DIRECTION('',(0.,0.0249344235017364,0.999689088929471));
#13156=DIRECTION('',(1.,0.,0.));
#13157=DIRECTION('',(0.,0.0249344235017364,0.999689088929471));
#13158=DIRECTION('',(1.,0.,0.));
#13159=DIRECTION('center_axis',(0.,-0.997204011033883,0.0747272398656293));
#13160=DIRECTION('ref_axis',(0.,-0.0747272398656293,-0.997204011033883));
#13161=DIRECTION('',(0.,0.0747272398656293,0.997204011033883));
#13162=DIRECTION('',(0.999992103989246,0.000296959311423335,0.00396279879997835));
#13163=DIRECTION('center_axis',(0.,-0.997204011033883,0.0747272398656293));
#13164=DIRECTION('ref_axis',(0.,-0.0747272398656293,-0.997204011033883));
#13165=DIRECTION('',(1.,0.,0.));
#13166=DIRECTION('',(0.,0.0747272398656293,0.997204011033883));
#13167=DIRECTION('center_axis',(0.,-0.992239022390552,0.124345174596528));
#13168=DIRECTION('ref_axis',(0.,-0.124345174596528,-0.992239022390552));
#13169=DIRECTION('',(0.,0.124345174596528,0.992239022390552));
#13170=DIRECTION('',(0.999992103587962,0.000494149064960261,0.00394316857668448));
#13171=DIRECTION('center_axis',(0.,-0.992239022390552,0.124345174596528));
#13172=DIRECTION('ref_axis',(0.,-0.124345174596528,-0.992239022390552));
#13173=DIRECTION('',(1.,0.,0.));
#13174=DIRECTION('',(0.,0.124345174596528,0.992239022390552));
#13175=DIRECTION('center_axis',(0.,-0.984807355643159,0.173650431243714));
#13176=DIRECTION('ref_axis',(0.,-0.173650431243714,-0.984807355643159));
#13177=DIRECTION('',(0.,0.173650431243714,0.984807355643159));
#13178=DIRECTION('',(0.999992103653434,0.000690085825786833,0.00391361882831234));
#13179=DIRECTION('center_axis',(0.,-0.984807355643159,0.173650431243714));
#13180=DIRECTION('ref_axis',(0.,-0.173650431243714,-0.984807355643159));
#13181=DIRECTION('',(1.,0.,0.));
#13182=DIRECTION('',(0.,0.173650431243714,0.984807355643159));
#13183=DIRECTION('center_axis',(0.,-0.974927764647018,0.222521580347543));
#13184=DIRECTION('ref_axis',(0.,-0.222521580347543,-0.974927764647018));
#13185=DIRECTION('',(0.999992103649378,-0.000884299721374638,-0.00387435838488676));
#13186=DIRECTION('',(0.,0.222521580347543,0.974927764647018));
#13187=DIRECTION('center_axis',(0.,-0.974927764647018,0.222521580347543));
#13188=DIRECTION('ref_axis',(0.,-0.222521580347543,-0.974927764647018));
#13189=DIRECTION('',(0.,0.222521580347543,0.974927764647018));
#13190=DIRECTION('',(1.,0.,0.));
#13191=DIRECTION('center_axis',(0.,-0.962624613391354,0.270839165729674));
#13192=DIRECTION('ref_axis',(0.,-0.270839165729674,-0.962624613391354));
#13193=DIRECTION('',(0.999992103542276,-0.0010763208793191,-0.00382549166236069));
#13194=DIRECTION('',(0.,0.270839165729674,0.962624613391354));
#13195=DIRECTION('center_axis',(0.,-0.962624613391354,0.270839165729674));
#13196=DIRECTION('ref_axis',(0.,-0.270839165729674,-0.962624613391354));
#13197=DIRECTION('',(0.,0.270839165729674,0.962624613391354));
#13198=DIRECTION('',(1.,0.,0.));
#13199=DIRECTION('center_axis',(0.,-0.947929149670939,0.318481282345024));
#13200=DIRECTION('ref_axis',(0.,-0.318481282345025,-0.947929149670939));
#13201=DIRECTION('',(0.,0.318481282345024,0.947929149670939));
#13202=DIRECTION('',(0.999992103847893,0.00126562721985002,0.00376701866269525));
#13203=DIRECTION('center_axis',(0.,-0.947929149670939,0.318481282345024));
#13204=DIRECTION('ref_axis',(0.,-0.318481282345025,-0.947929149670939));
#13205=DIRECTION('',(1.,0.,0.));
#13206=DIRECTION('',(0.,0.318481282345024,0.947929149670939));
#13207=DIRECTION('center_axis',(0.,-0.930872478462785,0.365344260719327));
#13208=DIRECTION('ref_axis',(0.,-0.365344260719327,-0.930872478462785));
#13209=DIRECTION('',(0.999992103332766,-0.00145190549318942,-0.00369935704553815));
#13210=DIRECTION('',(0.,0.365344260719327,0.930872478462785));
#13211=DIRECTION('center_axis',(0.,-0.930872478462785,0.365344260719327));
#13212=DIRECTION('ref_axis',(0.,-0.365344260719327,-0.930872478462785));
#13213=DIRECTION('',(0.,0.365344260719327,0.930872478462785));
#13214=DIRECTION('',(1.,0.,0.));
#13215=DIRECTION('center_axis',(0.,-0.911507579071646,0.411283276215977));
#13216=DIRECTION('ref_axis',(0.,-0.411283276215977,-0.911507579071646));
#13217=DIRECTION('',(0.,0.411283276215977,0.911507579071646));
#13218=DIRECTION('',(0.999992103775282,0.0016344247892809,0.00362229798536663));
#13219=DIRECTION('center_axis',(0.,-0.911507579071646,0.411283276215977));
#13220=DIRECTION('ref_axis',(0.,-0.411283276215977,-0.911507579071646));
#13221=DIRECTION('',(1.,0.,0.));
#13222=DIRECTION('',(0.,0.411283276215977,0.911507579071646));
#13223=DIRECTION('center_axis',(0.,-0.889872987434442,0.456208358356685));
#13224=DIRECTION('ref_axis',(0.,-0.456208358356685,-0.889872987434442));
#13225=DIRECTION('',(0.999992103593736,-0.00181297627363012,-0.0035363635567186));
#13226=DIRECTION('',(0.,0.456208358356685,0.889872987434442));
#13227=DIRECTION('center_axis',(0.,-0.889872987434442,0.456208358356685));
#13228=DIRECTION('ref_axis',(0.,-0.456208358356685,-0.889872987434442));
#13229=DIRECTION('',(0.,0.456208358356685,0.889872987434442));
#13230=DIRECTION('',(1.,0.,0.));
#13231=DIRECTION('center_axis',(0.,-0.86602500412366,0.500000692232136));
#13232=DIRECTION('ref_axis',(1.,0.,0.));
#13233=DIRECTION('',(0.,0.500000692232136,0.86602500412366));
#13234=DIRECTION('',(0.999992103766667,0.00198698565944886,0.00344155376312749));
#13235=DIRECTION('center_axis',(0.,-0.86602500412366,0.500000692232136));
#13236=DIRECTION('ref_axis',(1.,0.,0.));
#13237=DIRECTION('',(1.,0.,0.));
#13238=DIRECTION('',(0.,0.500000692232136,0.86602500412366));
#13239=DIRECTION('center_axis',(0.,-0.84002665465486,0.542545131274224));
#13240=DIRECTION('ref_axis',(1.,0.,0.));
#13241=DIRECTION('',(0.999992103534595,-0.00215608748902692,-0.00333828626624435));
#13242=DIRECTION('',(0.,0.542545131274224,0.84002665465486));
#13243=DIRECTION('center_axis',(0.,-0.84002665465486,0.542545131274224));
#13244=DIRECTION('ref_axis',(1.,0.,0.));
#13245=DIRECTION('',(0.,0.542545131274224,0.84002665465486));
#13246=DIRECTION('',(1.,0.,0.));
#13247=DIRECTION('center_axis',(0.,-0.811938316861467,0.583743239457356));
#13248=DIRECTION('ref_axis',(1.,0.,0.));
#13249=DIRECTION('',(0.999992103520144,-0.00231981189127894,-0.00322666548428238));
#13250=DIRECTION('',(0.,0.583743239457356,0.811938316861467));
#13251=DIRECTION('center_axis',(0.,-0.811938316861467,0.583743239457356));
#13252=DIRECTION('ref_axis',(1.,0.,0.));
#13253=DIRECTION('',(0.,0.583743239457356,0.811938316861467));
#13254=DIRECTION('',(1.,0.,0.));
#13255=DIRECTION('center_axis',(0.,-0.781832995855901,0.623487904125642));
#13256=DIRECTION('ref_axis',(1.,0.,0.));
#13257=DIRECTION('',(0.999992103629098,-0.00247774120178698,-0.00310700466509506));
#13258=DIRECTION('',(0.,0.623487904125642,0.781832995855901));
#13259=DIRECTION('center_axis',(0.,-0.781832995855901,0.623487904125642));
#13260=DIRECTION('ref_axis',(1.,0.,0.));
#13261=DIRECTION('',(0.,0.623487904125642,0.781832995855901));
#13262=DIRECTION('',(1.,0.,0.));
#13263=DIRECTION('center_axis',(0.,-0.749783411434716,0.661683335091129));
#13264=DIRECTION('ref_axis',(1.,0.,0.));
#13265=DIRECTION('',(0.999992103748597,-0.00262950996405562,-0.00297961705651794));
#13266=DIRECTION('',(0.,0.661683335091129,0.749783411434716));
#13267=DIRECTION('center_axis',(0.,-0.749783411434716,0.661683335091129));
#13268=DIRECTION('ref_axis',(1.,0.,0.));
#13269=DIRECTION('',(0.,0.661683335091129,0.749783411434716));
#13270=DIRECTION('',(1.,0.,0.));
#13271=DIRECTION('center_axis',(0.,-0.715860584452546,0.698243241017955));
#13272=DIRECTION('ref_axis',(1.,0.,0.));
#13273=DIRECTION('',(0.999992103708856,-0.00277480492939757,-0.00284481590627996));
#13274=DIRECTION('',(0.,0.698243241017955,0.715860584452547));
#13275=DIRECTION('center_axis',(0.,-0.715860584452546,0.698243241017955));
#13276=DIRECTION('ref_axis',(1.,0.,0.));
#13277=DIRECTION('',(0.,0.698243241017955,0.715860584452547));
#13278=DIRECTION('',(1.,0.,0.));
#13279=DIRECTION('center_axis',(0.,-0.680173402431657,0.733051255114227));
#13280=DIRECTION('ref_axis',(1.,0.,0.));
#13281=DIRECTION('',(0.999992103573696,-0.00291315622560214,-0.00270301887891047));
#13282=DIRECTION('',(0.,0.733051255114227,0.680173402431656));
#13283=DIRECTION('center_axis',(0.,-0.680173402431657,0.733051255114227));
#13284=DIRECTION('ref_axis',(1.,0.,0.));
#13285=DIRECTION('',(0.,0.733051255114227,0.680173402431656));
#13286=DIRECTION('',(1.,0.,0.));
#13287=DIRECTION('center_axis',(0.,-0.642788384523845,0.766043792952613));
#13288=DIRECTION('ref_axis',(1.,0.,0.));
#13289=DIRECTION('',(0.999992103669357,-0.00304425060540709,-0.00255443480743197));
#13290=DIRECTION('',(0.,0.766043792952612,0.642788384523845));
#13291=DIRECTION('center_axis',(0.,-0.642788384523845,0.766043792952613));
#13292=DIRECTION('ref_axis',(1.,0.,0.));
#13293=DIRECTION('',(0.,0.766043792952612,0.642788384523845));
#13294=DIRECTION('',(1.,0.,0.));
#13295=DIRECTION('center_axis',(0.,-0.603795716496129,0.797139092468138));
#13296=DIRECTION('ref_axis',(1.,0.,0.));
#13297=DIRECTION('',(0.999992103649398,-0.00316782702762133,-0.00239948135520009));
#13298=DIRECTION('',(0.,0.797139092468138,0.603795716496129));
#13299=DIRECTION('center_axis',(0.,-0.603795716496129,0.797139092468138));
#13300=DIRECTION('ref_axis',(1.,0.,0.));
#13301=DIRECTION('',(0.,0.797139092468138,0.603795716496129));
#13302=DIRECTION('',(1.,0.,0.));
#13303=DIRECTION('center_axis',(0.,-0.563328671687705,0.826232901580763));
#13304=DIRECTION('ref_axis',(1.,0.,0.));
#13305=DIRECTION('',(0.999992103542914,-0.00328346782800642,-0.00223868060269852));
#13306=DIRECTION('',(0.,0.826232901580763,0.563328671687705));
#13307=DIRECTION('center_axis',(0.,-0.563328671687705,0.826232901580763));
#13308=DIRECTION('ref_axis',(1.,0.,0.));
#13309=DIRECTION('',(0.,0.826232901580763,0.563328671687705));
#13310=DIRECTION('',(1.,0.,0.));
#13311=DIRECTION('center_axis',(0.,-0.52142822166434,0.853295148030249));
#13312=DIRECTION('ref_axis',(1.,0.,0.));
#13313=DIRECTION('',(0.999992103773999,-0.00339096417582725,-0.0020721369669225));
#13314=DIRECTION('',(0.,0.853295148030248,0.52142822166434));
#13315=DIRECTION('center_axis',(0.,-0.52142822166434,0.853295148030249));
#13316=DIRECTION('ref_axis',(1.,0.,0.));
#13317=DIRECTION('',(0.,0.853295148030248,0.52142822166434));
#13318=DIRECTION('',(1.,0.,0.));
#13319=DIRECTION('center_axis',(0.,-0.478253724104393,0.878221711972711));
#13320=DIRECTION('ref_axis',(1.,0.,0.));
#13321=DIRECTION('',(0.999992103622022,-0.00349005502848955,-0.00190058135884058));
#13322=DIRECTION('',(0.,0.878221711972711,0.478253724104393));
#13323=DIRECTION('center_axis',(0.,-0.478253724104393,0.878221711972711));
#13324=DIRECTION('ref_axis',(1.,0.,0.));
#13325=DIRECTION('',(0.,0.878221711972711,0.478253724104393));
#13326=DIRECTION('',(1.,0.,0.));
#13327=DIRECTION('center_axis',(0.,-0.433879608208446,0.900970857231734));
#13328=DIRECTION('ref_axis',(1.,0.,0.));
#13329=DIRECTION('',(0.,0.900970857231734,0.433879608208446));
#13330=DIRECTION('',(0.999992103767764,0.00358042714010227,0.00172422261197168));
#13331=DIRECTION('center_axis',(0.,-0.433879608208446,0.900970857231734));
#13332=DIRECTION('ref_axis',(1.,0.,0.));
#13333=DIRECTION('',(1.,0.,0.));
#13334=DIRECTION('',(0.,0.900970857231734,0.433879608208446));
#13335=DIRECTION('center_axis',(0.,-0.388442243089158,0.921473072739439));
#13336=DIRECTION('ref_axis',(1.,0.,0.));
#13337=DIRECTION('',(0.999992103449255,-0.00366197609187902,-0.00154368722141768));
#13338=DIRECTION('',(0.,0.921473072739439,0.388442243089158));
#13339=DIRECTION('center_axis',(0.,-0.388442243089158,0.921473072739439));
#13340=DIRECTION('ref_axis',(1.,0.,0.));
#13341=DIRECTION('',(0.,0.921473072739439,0.388442243089158));
#13342=DIRECTION('',(1.,0.,0.));
#13343=DIRECTION('center_axis',(0.,-0.342019413453593,0.939692886437298));
#13344=DIRECTION('ref_axis',(1.,0.,0.));
#13345=DIRECTION('',(0.,0.939692886437298,0.342019413453593));
#13346=DIRECTION('',(0.999992103643932,0.00373433643110997,0.00135918402090813));
#13347=DIRECTION('center_axis',(0.,-0.342019413453593,0.939692886437298));
#13348=DIRECTION('ref_axis',(1.,0.,0.));
#13349=DIRECTION('',(1.,0.,0.));
#13350=DIRECTION('',(0.,0.939692886437298,0.342019413453593));
#13351=DIRECTION('center_axis',(0.,-0.29475415885968,0.955573119041616));
#13352=DIRECTION('ref_axis',(1.,0.,0.));
#13353=DIRECTION('',(0.999992103813125,-0.00379740373978262,-0.00117133950596352));
#13354=DIRECTION('',(0.,0.955573119041616,0.29475415885968));
#13355=DIRECTION('center_axis',(0.,-0.29475415885968,0.955573119041616));
#13356=DIRECTION('ref_axis',(1.,0.,0.));
#13357=DIRECTION('',(0.,0.955573119041616,0.29475415885968));
#13358=DIRECTION('',(1.,0.,0.));
#13359=DIRECTION('center_axis',(0.,-0.246746578096521,0.969080041171862));
#13360=DIRECTION('ref_axis',(1.,0.,0.));
#13361=DIRECTION('',(0.,0.969080041171862,0.246746578096522));
#13362=DIRECTION('',(0.99999210362375,0.00385112580856822,0.000980571340561624));
#13363=DIRECTION('center_axis',(0.,-0.198164637115323,0.98016874904118));
#13364=DIRECTION('ref_axis',(1.,0.,0.));
#13365=DIRECTION('',(0.,0.98016874904118,0.198164637115323));
#13366=DIRECTION('',(1.,0.,0.));
#13367=DIRECTION('',(0.999992103635759,-0.0038951893913769,-0.000787506021787306));
#13368=DIRECTION('center_axis',(0.,-0.246746578096521,0.969080041171862));
#13369=DIRECTION('ref_axis',(1.,0.,0.));
#13370=DIRECTION('',(1.,0.,0.));
#13371=DIRECTION('',(0.,0.969080041171862,0.246746578096522));
#13372=DIRECTION('center_axis',(0.,-0.198164637115323,0.98016874904118));
#13373=DIRECTION('ref_axis',(1.,0.,0.));
#13374=DIRECTION('',(0.,0.98016874904118,0.198164637115323));
#13375=DIRECTION('center_axis',(0.,-0.149031660544921,0.988832424708668));
#13376=DIRECTION('ref_axis',(1.,0.,0.));
#13377=DIRECTION('',(0.,0.988832424708668,0.149031660544921));
#13378=DIRECTION('',(1.,0.,0.));
#13379=DIRECTION('',(0.999992103733579,-0.00392959448778077,-0.000592247965528313));
#13380=DIRECTION('center_axis',(0.,-0.149031660544921,0.988832424708668));
#13381=DIRECTION('ref_axis',(1.,0.,0.));
#13382=DIRECTION('',(0.,0.988832424708668,0.149031660544921));
#13383=DIRECTION('center_axis',(0.,-0.0995804611583571,0.995029513007272));
#13384=DIRECTION('ref_axis',(1.,0.,0.));
#13385=DIRECTION('',(0.,0.995029513007272,0.0995804611583571));
#13386=DIRECTION('',(0.999992103464664,0.00395428888795989,0.000395736916210982));
#13387=DIRECTION('center_axis',(0.,-0.0498432633855237,0.998757052087784));
#13388=DIRECTION('ref_axis',(1.,0.,0.));
#13389=DIRECTION('',(0.,0.998757052087784,0.0498432633855237));
#13390=DIRECTION('',(1.,0.,0.));
#13391=DIRECTION('',(0.99999210361794,-0.00396906376288062,-0.000198077290281609));
#13392=DIRECTION('center_axis',(0.,-0.0995804611583571,0.995029513007272));
#13393=DIRECTION('ref_axis',(1.,0.,0.));
#13394=DIRECTION('',(1.,0.,0.));
#13395=DIRECTION('',(0.,0.995029513007272,0.0995804611583571));
#13396=DIRECTION('center_axis',(0.,-0.0498432633855237,0.998757052087784));
#13397=DIRECTION('ref_axis',(1.,0.,0.));
#13398=DIRECTION('',(0.,0.998757052087784,0.0498432633855237));
#13399=DIRECTION('center_axis',(0.,0.,1.));
#13400=DIRECTION('ref_axis',(1.,0.,0.));
#13401=DIRECTION('',(0.,1.,0.));
#13402=DIRECTION('',(1.,0.,0.));
#13403=DIRECTION('',(0.999992103744803,-0.00397397131881084,0.));
#13404=DIRECTION('center_axis',(0.,0.,1.));
#13405=DIRECTION('ref_axis',(1.,0.,0.));
#13406=DIRECTION('',(0.,1.,0.));
#13407=DIRECTION('center_axis',(0.,0.0498432633855237,0.998757052087784));
#13408=DIRECTION('ref_axis',(1.,0.,0.));
#13409=DIRECTION('',(0.,0.998757052087784,-0.0498432633855237));
#13410=DIRECTION('',(1.,0.,0.));
#13411=DIRECTION('',(0.99999210361794,-0.00396906376288062,0.000198077290281609));
#13412=DIRECTION('center_axis',(0.,0.0498432633855237,0.998757052087784));
#13413=DIRECTION('ref_axis',(1.,0.,0.));
#13414=DIRECTION('',(0.,0.998757052087784,-0.0498432633855237));
#13415=DIRECTION('center_axis',(0.,0.0995817628876313,0.995029382732084));
#13416=DIRECTION('ref_axis',(1.,0.,0.));
#13417=DIRECTION('',(0.,0.995029382732084,-0.0995817628876313));
#13418=DIRECTION('',(1.,0.,0.));
#13419=DIRECTION('',(0.999992103671107,-0.00395423668073978,0.00039573691629268));
#13420=DIRECTION('center_axis',(0.,0.0995817628876313,0.995029382732084));
#13421=DIRECTION('ref_axis',(1.,0.,0.));
#13422=DIRECTION('',(0.,0.995029382732084,-0.0995817628876313));
#13423=DIRECTION('center_axis',(0.,0.149031660544921,0.988832424708668));
#13424=DIRECTION('ref_axis',(1.,0.,0.));
#13425=DIRECTION('',(0.999992103733579,-0.00392959448778077,0.000592247965528313));
#13426=DIRECTION('',(0.,0.988832424708668,-0.149031660544921));
#13427=DIRECTION('center_axis',(0.,0.149031660544921,0.988832424708668));
#13428=DIRECTION('ref_axis',(1.,0.,0.));
#13429=DIRECTION('',(0.,0.988832424708668,-0.149031660544921));
#13430=DIRECTION('',(1.,0.,0.));
#13431=DIRECTION('center_axis',(0.,0.198162085406223,0.98016926492696));
#13432=DIRECTION('ref_axis',(1.,0.,0.));
#13433=DIRECTION('',(0.,0.98016926492696,-0.198162085406223));
#13434=DIRECTION('',(0.999992103432399,0.0038952415986212,-0.000787506021627157));
#13435=DIRECTION('center_axis',(0.,0.198162085406223,0.98016926492696));
#13436=DIRECTION('ref_axis',(1.,0.,0.));
#13437=DIRECTION('',(1.,0.,0.));
#13438=DIRECTION('',(0.,0.98016926492696,-0.198162085406223));
#13439=DIRECTION('center_axis',(0.,0.246749719512438,0.969079241301006));
#13440=DIRECTION('ref_axis',(1.,0.,0.));
#13441=DIRECTION('',(0.,0.969079241301006,-0.246749719512438));
#13442=DIRECTION('',(0.999992103824807,0.00385107360130606,-0.000980571340758777));
#13443=DIRECTION('center_axis',(0.,0.246749719512438,0.969079241301006));
#13444=DIRECTION('ref_axis',(1.,0.,0.));
#13445=DIRECTION('',(1.,0.,0.));
#13446=DIRECTION('',(0.,0.969079241301006,-0.246749719512438));
#13447=DIRECTION('center_axis',(0.,0.294750458591652,0.95557426041099));
#13448=DIRECTION('ref_axis',(1.,0.,0.));
#13449=DIRECTION('',(0.99999210361487,-0.00379745594706621,0.0011713395057313));
#13450=DIRECTION('',(0.,0.95557426041099,-0.294750458591652));
#13451=DIRECTION('center_axis',(0.,0.294750458591652,0.95557426041099));
#13452=DIRECTION('ref_axis',(1.,0.,0.));
#13453=DIRECTION('',(0.,0.95557426041099,-0.294750458591652));
#13454=DIRECTION('',(1.,0.,0.));
#13455=DIRECTION('center_axis',(0.,0.342019413453593,0.939692886437298));
#13456=DIRECTION('ref_axis',(1.,0.,0.));
#13457=DIRECTION('',(0.,0.939692886437298,-0.342019413453593));
#13458=DIRECTION('',(0.999992103643932,0.00373433643110997,-0.00135918402090813));
#13459=DIRECTION('center_axis',(0.,0.342019413453593,0.939692886437298));
#13460=DIRECTION('ref_axis',(1.,0.,0.));
#13461=DIRECTION('',(1.,0.,0.));
#13462=DIRECTION('',(0.,0.939692886437298,-0.342019413453593));
#13463=DIRECTION('center_axis',(0.,0.388446945476463,0.921471090458082));
#13464=DIRECTION('ref_axis',(1.,0.,0.));
#13465=DIRECTION('',(0.999992103640436,-0.00366192388454268,0.00154368722171281));
#13466=DIRECTION('',(0.,0.921471090458082,-0.388446945476463));
#13467=DIRECTION('center_axis',(0.,0.388446945476463,0.921471090458082));
#13468=DIRECTION('ref_axis',(1.,0.,0.));
#13469=DIRECTION('',(0.,0.921471090458082,-0.388446945476463));
#13470=DIRECTION('',(1.,0.,0.));
#13471=DIRECTION('center_axis',(0.,0.433874472637879,0.900973330345134));
#13472=DIRECTION('ref_axis',(1.,0.,0.));
#13473=DIRECTION('',(0.999992103580837,-0.00358047934746944,0.00172422261164937));
#13474=DIRECTION('',(0.,0.900973330345134,-0.433874472637879));
#13475=DIRECTION('center_axis',(0.,0.433874472637879,0.900973330345134));
#13476=DIRECTION('ref_axis',(1.,0.,0.));
#13477=DIRECTION('',(0.,0.900973330345134,-0.433874472637879));
#13478=DIRECTION('',(1.,0.,0.));
#13479=DIRECTION('center_axis',(0.,0.478253724104393,0.878221711972711));
#13480=DIRECTION('ref_axis',(1.,0.,0.));
#13481=DIRECTION('',(0.999992103622022,-0.00349005502848955,0.00190058135884058));
#13482=DIRECTION('',(0.,0.878221711972711,-0.478253724104393));
#13483=DIRECTION('center_axis',(0.,0.478253724104393,0.878221711972711));
#13484=DIRECTION('ref_axis',(1.,0.,0.));
#13485=DIRECTION('',(0.,0.878221711972711,-0.478253724104393));
#13486=DIRECTION('',(1.,0.,0.));
#13487=DIRECTION('center_axis',(0.,0.52142822166434,0.853295148030249));
#13488=DIRECTION('ref_axis',(1.,0.,0.));
#13489=DIRECTION('',(0.,0.853295148030248,-0.52142822166434));
#13490=DIRECTION('',(0.999992103773999,0.00339096417582725,-0.0020721369669225));
#13491=DIRECTION('center_axis',(0.,0.52142822166434,0.853295148030249));
#13492=DIRECTION('ref_axis',(1.,0.,0.));
#13493=DIRECTION('',(1.,0.,0.));
#13494=DIRECTION('',(0.,0.853295148030248,-0.52142822166434));
#13495=DIRECTION('center_axis',(0.,0.563328671687705,0.826232901580763));
#13496=DIRECTION('ref_axis',(1.,0.,0.));
#13497=DIRECTION('',(0.999992103542914,-0.00328346782800642,0.00223868060269852));
#13498=DIRECTION('',(0.,0.826232901580763,-0.563328671687705));
#13499=DIRECTION('center_axis',(0.,0.563328671687705,0.826232901580763));
#13500=DIRECTION('ref_axis',(1.,0.,0.));
#13501=DIRECTION('',(0.,0.826232901580763,-0.563328671687705));
#13502=DIRECTION('',(1.,0.,0.));
#13503=DIRECTION('center_axis',(0.,0.603802039702943,0.797134302894164));
#13504=DIRECTION('ref_axis',(1.,0.,0.));
#13505=DIRECTION('',(0.,0.797134302894164,-0.603802039702943));
#13506=DIRECTION('',(0.999992103814782,0.00316777482010878,-0.00239948135559693));
#13507=DIRECTION('center_axis',(0.,0.603802039702943,0.797134302894164));
#13508=DIRECTION('ref_axis',(1.,0.,0.));
#13509=DIRECTION('',(1.,0.,0.));
#13510=DIRECTION('',(0.,0.797134302894164,-0.603802039702943));
#13511=DIRECTION('center_axis',(0.,0.642781915640154,0.766049220955138));
#13512=DIRECTION('ref_axis',(1.,0.,0.));
#13513=DIRECTION('',(0.999992103510423,-0.0030443028129597,0.00255443480702598));
#13514=DIRECTION('',(0.,0.766049220955138,-0.642781915640154));
#13515=DIRECTION('center_axis',(0.,0.642781915640154,0.766049220955138));
#13516=DIRECTION('ref_axis',(1.,0.,0.));
#13517=DIRECTION('',(0.,0.766049220955138,-0.642781915640154));
#13518=DIRECTION('',(1.,0.,0.));
#13519=DIRECTION('center_axis',(0.,0.680179952778471,0.733045177215072));
#13520=DIRECTION('ref_axis',(1.,0.,0.));
#13521=DIRECTION('',(0.999992103725784,-0.00291310401800875,0.00270301887932157));
#13522=DIRECTION('',(0.,0.733045177215072,-0.680179952778471));
#13523=DIRECTION('center_axis',(0.,0.680179952778471,0.733045177215072));
#13524=DIRECTION('ref_axis',(1.,0.,0.));
#13525=DIRECTION('',(0.,0.733045177215072,-0.680179952778471));
#13526=DIRECTION('',(1.,0.,0.));
#13527=DIRECTION('center_axis',(0.,0.715860584452546,0.698243241017955));
#13528=DIRECTION('ref_axis',(1.,0.,0.));
#13529=DIRECTION('',(0.999992103708856,-0.00277480492939757,0.00284481590627996));
#13530=DIRECTION('',(0.,0.698243241017955,-0.715860584452547));
#13531=DIRECTION('center_axis',(0.,0.715860584452546,0.698243241017955));
#13532=DIRECTION('ref_axis',(1.,0.,0.));
#13533=DIRECTION('',(0.,0.698243241017955,-0.715860584452547));
#13534=DIRECTION('',(1.,0.,0.));
#13535=DIRECTION('center_axis',(0.,0.749776893689064,0.661690720571158));
#13536=DIRECTION('ref_axis',(1.,0.,0.));
#13537=DIRECTION('',(0.999992103611316,-0.00262956217173108,0.00297961705610889));
#13538=DIRECTION('',(0.,0.661690720571158,-0.749776893689064));
#13539=DIRECTION('center_axis',(0.,0.749776893689064,0.661690720571158));
#13540=DIRECTION('ref_axis',(1.,0.,0.));
#13541=DIRECTION('',(0.,0.661690720571158,-0.749776893689064));
#13542=DIRECTION('center_axis',(0.,-0.0245484892074121,0.999698640430022));
#13543=DIRECTION('ref_axis',(1.,0.,0.));
#13544=DIRECTION('',(0.,0.999698640430022,0.0245484892074121));
#13545=DIRECTION('',(1.,0.,0.));
#13546=DIRECTION('center_axis',(0.,-0.0735565676049812,0.997291046466463));
#13547=DIRECTION('ref_axis',(1.,0.,0.));
#13548=DIRECTION('',(0.,0.997291046466463,0.0735565676049812));
#13549=DIRECTION('',(1.,0.,0.));
#13550=DIRECTION('',(0.99350573851921,-0.113473787402568,-0.00836941466991394));
#13551=DIRECTION('center_axis',(0.,-0.0735565676049812,0.997291046466463));
#13552=DIRECTION('ref_axis',(1.,0.,0.));
#13553=DIRECTION('center_axis',(0.,-0.122420382173183,0.992478337309471));
#13554=DIRECTION('ref_axis',(1.,0.,0.));
#13555=DIRECTION('',(0.,0.992478337309471,0.122420382173183));
#13556=DIRECTION('',(1.,0.,0.));
#13557=DIRECTION('',(0.993505743554226,-0.112926144011185,-0.0139292326970786));
#13558=DIRECTION('center_axis',(0.,-0.122420382173183,0.992478337309471));
#13559=DIRECTION('ref_axis',(1.,0.,0.));
#13560=DIRECTION('center_axis',(0.,-0.1709620955973,0.985277606499295));
#13561=DIRECTION('ref_axis',(1.,0.,0.));
#13562=DIRECTION('',(0.,0.985277606499295,0.1709620955973));
#13563=DIRECTION('',(1.,0.,0.));
#13564=DIRECTION('',(0.993505736876546,-0.112106888096781,-0.0194524146225294));
#13565=DIRECTION('center_axis',(0.,-0.1709620955973,0.985277606499295));
#13566=DIRECTION('ref_axis',(1.,0.,0.));
#13567=DIRECTION('center_axis',(0.,-0.219093619848951,0.975703841204637));
#13568=DIRECTION('ref_axis',(1.,0.,0.));
#13569=DIRECTION('',(0.,0.975703841204637,0.219093619848951));
#13570=DIRECTION('',(1.,0.,0.));
#13571=DIRECTION('',(0.993505769382967,-0.111017288689014,-0.0249288550659613));
#13572=DIRECTION('center_axis',(0.,-0.219093619848951,0.975703841204637));
#13573=DIRECTION('ref_axis',(1.,0.,0.));
#13574=DIRECTION('center_axis',(0.,-0.266713054680808,0.963775983547438));
#13575=DIRECTION('ref_axis',(1.,0.,0.));
#13576=DIRECTION('',(0.,0.963775983547438,0.266713054680808));
#13577=DIRECTION('',(1.,0.,0.));
#13578=DIRECTION('',(0.993505724836031,-0.109660491072461,-0.030347181348179));
#13579=DIRECTION('center_axis',(0.,-0.266713054680808,0.963775983547438));
#13580=DIRECTION('ref_axis',(1.,0.,0.));
#13581=DIRECTION('center_axis',(0.,-0.313689351917496,0.949525666053099));
#13582=DIRECTION('ref_axis',(1.,0.,0.));
#13583=DIRECTION('',(0.,0.949525666053099,0.313689351917496));
#13584=DIRECTION('',(0.993505727699989,0.108039035749052,0.0356922369953255));
#13585=DIRECTION('center_axis',(0.,-0.359889016393262,0.932995121037345));
#13586=DIRECTION('ref_axis',(1.,0.,0.));
#13587=DIRECTION('',(0.,0.932995121037345,0.359889016393262));
#13588=DIRECTION('',(0.993505750124483,0.106157972740203,0.0409488619289843));
#13589=DIRECTION('',(1.,0.,0.));
#13590=DIRECTION('center_axis',(0.,-0.313689351917496,0.949525666053099));
#13591=DIRECTION('ref_axis',(1.,0.,0.));
#13592=DIRECTION('center_axis',(0.,-0.405244088996462,0.914208525629371));
#13593=DIRECTION('ref_axis',(1.,0.,0.));
#13594=DIRECTION('',(0.,0.914208525629371,0.405244088996462));
#13595=DIRECTION('',(1.,0.,0.));
#13596=DIRECTION('',(0.993505742967957,-0.104020455041944,-0.0461094743252913));
#13597=DIRECTION('center_axis',(0.,-0.359889016393262,0.932995121037345));
#13598=DIRECTION('ref_axis',(1.,0.,0.));
#13599=DIRECTION('',(1.,0.,0.));
#13600=DIRECTION('center_axis',(0.,-0.405244088996462,0.914208525629371));
#13601=DIRECTION('ref_axis',(1.,0.,0.));
#13602=DIRECTION('center_axis',(0.,-0.449611319826811,0.893224306142412));
#13603=DIRECTION('ref_axis',(1.,0.,0.));
#13604=DIRECTION('',(0.,0.893224306142412,0.449611319826811));
#13605=DIRECTION('',(1.,0.,0.));
#13606=DIRECTION('',(0.993505746242977,-0.101632803483087,-0.0511576527838508));
#13607=DIRECTION('center_axis',(0.,-0.449611319826811,0.893224306142412));
#13608=DIRECTION('ref_axis',(1.,0.,0.));
#13609=DIRECTION('center_axis',(0.,-0.492899951888669,0.870085994271916));
#13610=DIRECTION('ref_axis',(1.,0.,0.));
#13611=DIRECTION('',(0.,0.870085994271916,0.492899951888669));
#13612=DIRECTION('',(0.993505706689092,0.0990003817372607,0.0560832879928024));
#13613=DIRECTION('center_axis',(0.,-0.534994760297879,0.844855376057829));
#13614=DIRECTION('ref_axis',(1.,0.,0.));
#13615=DIRECTION('',(0.,0.844855376057829,0.534994760297879));
#13616=DIRECTION('',(1.,0.,0.));
#13617=DIRECTION('',(0.99350580049056,-0.0961288921060284,-0.060872493739621));
#13618=DIRECTION('center_axis',(0.,-0.492899951888669,0.870085994271916));
#13619=DIRECTION('ref_axis',(1.,0.,0.));
#13620=DIRECTION('',(1.,0.,0.));
#13621=DIRECTION('center_axis',(0.,-0.534994760297879,0.844855376057829));
#13622=DIRECTION('ref_axis',(1.,0.,0.));
#13623=DIRECTION('center_axis',(0.,-0.575806686825457,0.817585872803029));
#13624=DIRECTION('ref_axis',(1.,0.,0.));
#13625=DIRECTION('',(0.993505745760564,-0.0930265184745879,-0.0655164101675524));
#13626=DIRECTION('center_axis',(0.,-0.575806686825457,0.817585872803029));
#13627=DIRECTION('ref_axis',(1.,0.,0.));
#13628=DIRECTION('',(0.,0.817585872803029,0.575806686825457));
#13629=DIRECTION('',(1.,0.,0.));
#13630=DIRECTION('center_axis',(0.,-0.615232485109897,0.788345729528295));
#13631=DIRECTION('ref_axis',(1.,0.,0.));
#13632=DIRECTION('',(0.,0.788345729528295,0.615232485109897));
#13633=DIRECTION('',(0.993505734384407,0.0896995961351991,0.0700024156617594));
#13634=DIRECTION('center_axis',(0.,-0.615232485109897,0.788345729528295));
#13635=DIRECTION('ref_axis',(1.,0.,0.));
#13636=DIRECTION('',(1.,0.,0.));
#13637=DIRECTION('center_axis',(0.,-0.653172348788763,0.757209272775876));
#13638=DIRECTION('ref_axis',(1.,0.,0.));
#13639=DIRECTION('',(0.993505760797434,-0.0861566515058701,-0.0743191406274824));
#13640=DIRECTION('center_axis',(0.,-0.653172348788763,0.757209272775876));
#13641=DIRECTION('ref_axis',(1.,0.,0.));
#13642=DIRECTION('',(0.,0.757209272775876,0.653172348788763));
#13643=DIRECTION('',(1.,0.,0.));
#13644=DIRECTION('center_axis',(0.,-0.689542881374593,0.724244858280419));
#13645=DIRECTION('ref_axis',(1.,0.,0.));
#13646=DIRECTION('',(0.,0.724244858280419,0.689542881374593));
#13647=DIRECTION('',(0.993505713060556,0.082406202209214,0.0784577335480065));
#13648=DIRECTION('center_axis',(0.,-0.689542881374593,0.724244858280419));
#13649=DIRECTION('ref_axis',(1.,0.,0.));
#13650=DIRECTION('',(1.,0.,0.));
#13651=DIRECTION('center_axis',(0.,-0.724243604923413,0.689544197805724));
#13652=DIRECTION('ref_axis',(1.,0.,0.));
#13653=DIRECTION('',(0.,0.689544197805724,0.724243604923413));
#13654=DIRECTION('',(0.993505789392621,0.0784574237490099,0.0824055768865975));
#13655=DIRECTION('center_axis',(0.,-0.724243604923413,0.689544197805724));
#13656=DIRECTION('ref_axis',(1.,0.,0.));
#13657=DIRECTION('',(1.,0.,0.));
#13658=DIRECTION('center_axis',(0.,-0.757212825398385,0.653168230283894));
#13659=DIRECTION('ref_axis',(1.,0.,0.));
#13660=DIRECTION('',(0.993505679695351,-0.0743191345606458,-0.086157591953561));
#13661=DIRECTION('center_axis',(0.,-0.757212825398385,0.653168230283894));
#13662=DIRECTION('ref_axis',(1.,0.,0.));
#13663=DIRECTION('',(0.,0.653168230283895,0.757212825398385));
#13664=DIRECTION('',(1.,0.,0.));
#13665=DIRECTION('center_axis',(0.,-0.788342577577054,0.615236523931379));
#13666=DIRECTION('ref_axis',(1.,0.,0.));
#13667=DIRECTION('',(0.,0.615236523931379,0.788342577577054));
#13668=DIRECTION('',(0.993505818820688,0.0700024216111399,0.0896986562776251));
#13669=DIRECTION('center_axis',(0.,-0.788342577577054,0.615236523931379));
#13670=DIRECTION('ref_axis',(1.,0.,0.));
#13671=DIRECTION('',(1.,0.,0.));
#13672=DIRECTION('center_axis',(0.,-0.817587326956861,0.575804622072049));
#13673=DIRECTION('ref_axis',(1.,0.,0.));
#13674=DIRECTION('',(0.993505637634173,-0.0655167188641297,-0.0930274558310258));
#13675=DIRECTION('center_axis',(0.,-0.817587326956861,0.575804622072049));
#13676=DIRECTION('ref_axis',(1.,0.,0.));
#13677=DIRECTION('',(0.,0.575804622072049,0.817587326956861));
#13678=DIRECTION('',(1.,0.,0.));
#13679=DIRECTION('center_axis',(0.,-0.844854121444972,0.534996741557782));
#13680=DIRECTION('ref_axis',(1.,0.,0.));
#13681=DIRECTION('',(0.993505781390186,-0.0608728083963159,-0.0961288902579288));
#13682=DIRECTION('center_axis',(0.,-0.844854121444972,0.534996741557782));
#13683=DIRECTION('ref_axis',(1.,0.,0.));
#13684=DIRECTION('',(0.,0.534996741557783,0.844854121444972));
#13685=DIRECTION('',(1.,0.,0.));
#13686=DIRECTION('center_axis',(0.,-0.870085835957062,0.492900231352047));
#13687=DIRECTION('ref_axis',(0.,-0.492900231352047,-0.870085835957062));
#13688=DIRECTION('',(0.,0.492900231352047,0.870085835957062));
#13689=DIRECTION('',(0.993505786414303,0.0560829766662978,0.0989997580277126));
#13690=DIRECTION('center_axis',(0.,-0.870085835957062,0.492900231352047));
#13691=DIRECTION('ref_axis',(0.,-0.492900231352047,-0.870085835957062));
#13692=DIRECTION('',(1.,0.,0.));
#13693=DIRECTION('center_axis',(0.,-0.893224867253306,0.449610205089157));
#13694=DIRECTION('ref_axis',(0.,-0.449610205089156,-0.893224867253306));
#13695=DIRECTION('',(0.993505714353004,-0.0511576511417705,-0.101633116047795));
#13696=DIRECTION('center_axis',(0.,-0.893224867253306,0.449610205089157));
#13697=DIRECTION('ref_axis',(0.,-0.449610205089156,-0.893224867253306));
#13698=DIRECTION('',(0.,0.449610205089156,0.893224867253306));
#13699=DIRECTION('',(1.,0.,0.));
#13700=DIRECTION('center_axis',(0.,-0.914209098136312,0.405242797449617));
#13701=DIRECTION('ref_axis',(0.,-0.405242797449617,-0.914209098136312));
#13702=DIRECTION('',(0.993505790075016,-0.0461091606845862,-0.104020144147087));
#13703=DIRECTION('center_axis',(0.,-0.914209098136312,0.405242797449617));
#13704=DIRECTION('ref_axis',(0.,-0.405242797449617,-0.914209098136312));
#13705=DIRECTION('',(0.,0.405242797449617,0.914209098136312));
#13706=DIRECTION('',(1.,0.,0.));
#13707=DIRECTION('center_axis',(0.,-0.932992684489709,0.35989533296319));
#13708=DIRECTION('ref_axis',(0.,-0.35989533296319,-0.932992684489709));
#13709=DIRECTION('',(0.993505678267881,-0.0409498064481529,-0.106158280889138));
#13710=DIRECTION('center_axis',(0.,-0.932992684489709,0.35989533296319));
#13711=DIRECTION('ref_axis',(0.,-0.35989533296319,-0.932992684489709));
#13712=DIRECTION('',(0.,0.35989533296319,0.932992684489709));
#13713=DIRECTION('',(1.,0.,0.));
#13714=DIRECTION('center_axis',(0.,-0.949527873200624,0.313682670887475));
#13715=DIRECTION('ref_axis',(0.,-0.313682670887475,-0.949527873200624));
#13716=DIRECTION('',(0.,0.313682670887475,0.949527873200624));
#13717=DIRECTION('',(0.993505795197637,0.0356912919392553,0.108038727262115));
#13718=DIRECTION('center_axis',(0.,-0.963776894495512,0.266709762919521));
#13719=DIRECTION('ref_axis',(0.,-0.266709762919521,-0.963776894495512));
#13720=DIRECTION('',(0.,0.266709762919521,0.963776894495512));
#13721=DIRECTION('',(1.,0.,0.));
#13722=DIRECTION('',(0.993505699949328,-0.0303468647610445,-0.109660804152491));
#13723=DIRECTION('center_axis',(0.,-0.949527873200624,0.313682670887475));
#13724=DIRECTION('ref_axis',(0.,-0.313682670887475,-0.949527873200624));
#13725=DIRECTION('',(1.,0.,0.));
#13726=DIRECTION('center_axis',(0.,-0.963776894495512,0.266709762919521));
#13727=DIRECTION('ref_axis',(0.,-0.266709762919521,-0.963776894495512));
#13728=DIRECTION('center_axis',(0.,-0.975701927820276,0.2191021406737));
#13729=DIRECTION('ref_axis',(0.,-0.219102140673699,-0.975701927820276));
#13730=DIRECTION('',(0.,0.219102140673699,0.975701927820276));
#13731=DIRECTION('',(1.,0.,0.));
#13732=DIRECTION('',(0.9935057807508,-0.0249298028321471,-0.111016974132307));
#13733=DIRECTION('center_axis',(0.,-0.975701927820276,0.2191021406737));
#13734=DIRECTION('ref_axis',(0.,-0.219102140673699,-0.975701927820276));
#13735=DIRECTION('center_axis',(0.,-0.985277687627788,0.170961628042198));
#13736=DIRECTION('ref_axis',(0.,-0.170961628042198,-0.985277687627788));
#13737=DIRECTION('',(0.,0.170961628042198,0.985277687627788));
#13738=DIRECTION('',(1.,0.,0.));
#13739=DIRECTION('',(0.993505701700058,-0.0194524139337889,-0.112107199954433));
#13740=DIRECTION('center_axis',(0.,-0.985277687627788,0.170961628042198));
#13741=DIRECTION('ref_axis',(0.,-0.170961628042198,-0.985277687627788));
#13742=DIRECTION('center_axis',(0.,-0.992479307429583,0.122412517023773));
#13743=DIRECTION('ref_axis',(0.,-0.122412517023773,-0.992479307429583));
#13744=DIRECTION('',(0.,0.122412517023773,0.992479307429583));
#13745=DIRECTION('',(1.,0.,0.));
#13746=DIRECTION('',(0.993505792099211,-0.0139282858967359,-0.112925833702032));
#13747=DIRECTION('center_axis',(0.,-0.992479307429583,0.122412517023773));
#13748=DIRECTION('ref_axis',(0.,-0.122412517023773,-0.992479307429583));
#13749=DIRECTION('center_axis',(0.,-0.997290450596056,0.0735646460598824));
#13750=DIRECTION('ref_axis',(0.,-0.0735646460598824,-0.997290450596056));
#13751=DIRECTION('',(0.,0.0735646460598824,0.997290450596056));
#13752=DIRECTION('',(1.,0.,0.));
#13753=DIRECTION('',(0.993505695035014,-0.00837036178446229,-0.113474098262952));
#13754=DIRECTION('center_axis',(0.,-0.997290450596056,0.0735646460598824));
#13755=DIRECTION('ref_axis',(0.,-0.0735646460598824,-0.997290450596056));
#13756=DIRECTION('center_axis',(0.,-0.999698844753197,0.024540167055745));
#13757=DIRECTION('ref_axis',(0.,-0.024540167055745,-0.999698844753197));
#13758=DIRECTION('',(0.,0.024540167055745,0.999698844753197));
#13759=DIRECTION('',(1.,0.,0.));
#13760=DIRECTION('center_axis',(0.,0.999698844753197,0.024540167055745));
#13761=DIRECTION('ref_axis',(0.,-0.024540167055745,0.999698844753197));
#13762=DIRECTION('',(0.,0.024540167055745,-0.999698844753197));
#13763=DIRECTION('',(1.,0.,0.));
#13764=DIRECTION('',(0.993505754594834,-0.00279222627524469,0.113747611224927));
#13765=DIRECTION('center_axis',(0.,0.999698844753197,0.024540167055745));
#13766=DIRECTION('ref_axis',(0.,-0.024540167055745,0.999698844753197));
#13767=DIRECTION('',(1.,0.,0.));
#13768=DIRECTION('center_axis',(0.,0.997290450596056,0.0735646460598824));
#13769=DIRECTION('ref_axis',(0.,-0.0735646460598824,0.997290450596056));
#13770=DIRECTION('',(0.,0.0735646460598824,-0.997290450596056));
#13771=DIRECTION('',(1.,0.,0.));
#13772=DIRECTION('',(0.993505695035014,-0.00837036178446229,0.113474098262952));
#13773=DIRECTION('center_axis',(0.,0.997290450596056,0.0735646460598824));
#13774=DIRECTION('ref_axis',(0.,-0.0735646460598824,0.997290450596056));
#13775=DIRECTION('center_axis',(0.,0.992479307429583,0.122412517023773));
#13776=DIRECTION('ref_axis',(0.,-0.122412517023773,0.992479307429583));
#13777=DIRECTION('',(0.,0.122412517023773,-0.992479307429583));
#13778=DIRECTION('',(1.,0.,0.));
#13779=DIRECTION('',(0.993505792099211,-0.0139282858967359,0.112925833702032));
#13780=DIRECTION('center_axis',(0.,0.992479307429583,0.122412517023773));
#13781=DIRECTION('ref_axis',(0.,-0.122412517023773,0.992479307429583));
#13782=DIRECTION('center_axis',(0.,0.985277687627788,0.170961628042198));
#13783=DIRECTION('ref_axis',(0.,-0.170961628042198,0.985277687627788));
#13784=DIRECTION('',(0.,0.170961628042198,-0.985277687627788));
#13785=DIRECTION('',(1.,0.,0.));
#13786=DIRECTION('',(0.993505701700058,-0.0194524139337889,0.112107199954433));
#13787=DIRECTION('center_axis',(0.,0.985277687627788,0.170961628042198));
#13788=DIRECTION('ref_axis',(0.,-0.170961628042198,0.985277687627788));
#13789=DIRECTION('center_axis',(0.,0.975701927820276,0.2191021406737));
#13790=DIRECTION('ref_axis',(0.,-0.219102140673699,0.975701927820276));
#13791=DIRECTION('',(0.,0.219102140673699,-0.975701927820276));
#13792=DIRECTION('',(1.,0.,0.));
#13793=DIRECTION('',(0.9935057807508,-0.0249298028321471,0.111016974132307));
#13794=DIRECTION('center_axis',(0.,0.975701927820276,0.2191021406737));
#13795=DIRECTION('ref_axis',(0.,-0.219102140673699,0.975701927820276));
#13796=DIRECTION('center_axis',(0.,0.963776894495512,0.266709762919521));
#13797=DIRECTION('ref_axis',(0.,-0.266709762919521,0.963776894495512));
#13798=DIRECTION('',(0.,0.266709762919521,-0.963776894495512));
#13799=DIRECTION('',(0.993505699949328,0.0303468647610445,-0.109660804152491));
#13800=DIRECTION('center_axis',(0.,0.949527873200624,0.313682670887475));
#13801=DIRECTION('ref_axis',(0.,-0.313682670887475,0.949527873200624));
#13802=DIRECTION('',(0.,0.313682670887475,-0.949527873200624));
#13803=DIRECTION('',(1.,0.,0.));
#13804=DIRECTION('',(0.993505795197637,-0.0356912919392553,0.108038727262115));
#13805=DIRECTION('center_axis',(0.,0.963776894495512,0.266709762919521));
#13806=DIRECTION('ref_axis',(0.,-0.266709762919521,0.963776894495512));
#13807=DIRECTION('',(1.,0.,0.));
#13808=DIRECTION('center_axis',(0.,0.949527873200624,0.313682670887475));
#13809=DIRECTION('ref_axis',(0.,-0.313682670887475,0.949527873200624));
#13810=DIRECTION('center_axis',(0.,0.932992684489709,0.35989533296319));
#13811=DIRECTION('ref_axis',(0.,-0.35989533296319,0.932992684489709));
#13812=DIRECTION('',(0.,0.35989533296319,-0.932992684489709));
#13813=DIRECTION('',(1.,0.,0.));
#13814=DIRECTION('',(0.993505678267881,-0.0409498064481529,0.106158280889138));
#13815=DIRECTION('center_axis',(0.,0.932992684489709,0.35989533296319));
#13816=DIRECTION('ref_axis',(0.,-0.35989533296319,0.932992684489709));
#13817=DIRECTION('center_axis',(0.,0.914209098136312,0.405242797449617));
#13818=DIRECTION('ref_axis',(0.,-0.405242797449617,0.914209098136312));
#13819=DIRECTION('',(0.,0.405242797449617,-0.914209098136312));
#13820=DIRECTION('',(1.,0.,0.));
#13821=DIRECTION('',(0.993505790075016,-0.0461091606845862,0.104020144147087));
#13822=DIRECTION('center_axis',(0.,0.914209098136312,0.405242797449617));
#13823=DIRECTION('ref_axis',(0.,-0.405242797449617,0.914209098136312));
#13824=DIRECTION('center_axis',(0.,0.893224867253306,0.449610205089157));
#13825=DIRECTION('ref_axis',(0.,-0.449610205089156,0.893224867253306));
#13826=DIRECTION('',(0.,0.449610205089156,-0.893224867253306));
#13827=DIRECTION('',(1.,0.,0.));
#13828=DIRECTION('',(0.993505714353004,-0.0511576511417705,0.101633116047795));
#13829=DIRECTION('center_axis',(0.,0.893224867253306,0.449610205089157));
#13830=DIRECTION('ref_axis',(0.,-0.449610205089156,0.893224867253306));
#13831=DIRECTION('center_axis',(0.,0.870085835957062,0.492900231352047));
#13832=DIRECTION('ref_axis',(0.,-0.492900231352047,0.870085835957062));
#13833=DIRECTION('',(0.,0.492900231352047,-0.870085835957062));
#13834=DIRECTION('',(0.993505786414303,0.0560829766662978,-0.0989997580277126));
#13835=DIRECTION('center_axis',(0.,0.844854121444972,0.534996741557782));
#13836=DIRECTION('ref_axis',(1.,0.,0.));
#13837=DIRECTION('',(0.,0.534996741557783,-0.844854121444972));
#13838=DIRECTION('',(0.993505781390186,0.0608728083963159,-0.0961288902579288));
#13839=DIRECTION('',(1.,0.,0.));
#13840=DIRECTION('center_axis',(0.,0.870085835957062,0.492900231352047));
#13841=DIRECTION('ref_axis',(0.,-0.492900231352047,0.870085835957062));
#13842=DIRECTION('center_axis',(0.,0.844854121444972,0.534996741557782));
#13843=DIRECTION('ref_axis',(1.,0.,0.));
#13844=DIRECTION('',(1.,0.,0.));
#13845=DIRECTION('center_axis',(0.,0.817587326956861,0.575804622072049));
#13846=DIRECTION('ref_axis',(1.,0.,0.));
#13847=DIRECTION('',(0.993505637634173,-0.0655167188641297,0.0930274558310258));
#13848=DIRECTION('center_axis',(0.,0.817587326956861,0.575804622072049));
#13849=DIRECTION('ref_axis',(1.,0.,0.));
#13850=DIRECTION('',(0.,0.575804622072049,-0.817587326956861));
#13851=DIRECTION('',(1.,0.,0.));
#13852=DIRECTION('center_axis',(0.,0.788342577577054,0.615236523931379));
#13853=DIRECTION('ref_axis',(1.,0.,0.));
#13854=DIRECTION('',(0.993505818820688,-0.0700024216111399,0.0896986562776251));
#13855=DIRECTION('center_axis',(0.,0.788342577577054,0.615236523931379));
#13856=DIRECTION('ref_axis',(1.,0.,0.));
#13857=DIRECTION('',(0.,0.615236523931379,-0.788342577577054));
#13858=DIRECTION('',(1.,0.,0.));
#13859=DIRECTION('center_axis',(0.,0.757212825398385,0.653168230283894));
#13860=DIRECTION('ref_axis',(1.,0.,0.));
#13861=DIRECTION('',(0.,0.653168230283895,-0.757212825398385));
#13862=DIRECTION('',(0.993505679695351,0.0743191345606458,-0.086157591953561));
#13863=DIRECTION('center_axis',(0.,0.757212825398385,0.653168230283894));
#13864=DIRECTION('ref_axis',(1.,0.,0.));
#13865=DIRECTION('',(1.,0.,0.));
#13866=DIRECTION('center_axis',(0.,0.724243604923413,0.689544197805724));
#13867=DIRECTION('ref_axis',(1.,0.,0.));
#13868=DIRECTION('',(0.993505789392621,-0.0784574237490099,0.0824055768865975));
#13869=DIRECTION('center_axis',(0.,0.724243604923413,0.689544197805724));
#13870=DIRECTION('ref_axis',(1.,0.,0.));
#13871=DIRECTION('',(0.,0.689544197805724,-0.724243604923413));
#13872=DIRECTION('',(1.,0.,0.));
#13873=DIRECTION('center_axis',(0.,0.689542881374593,0.724244858280419));
#13874=DIRECTION('ref_axis',(1.,0.,0.));
#13875=DIRECTION('',(0.993505713060556,-0.082406202209214,0.0784577335480065));
#13876=DIRECTION('center_axis',(0.,0.689542881374593,0.724244858280419));
#13877=DIRECTION('ref_axis',(1.,0.,0.));
#13878=DIRECTION('',(0.,0.724244858280419,-0.689542881374593));
#13879=DIRECTION('',(1.,0.,0.));
#13880=DIRECTION('center_axis',(0.,0.653172348788763,0.757209272775876));
#13881=DIRECTION('ref_axis',(1.,0.,0.));
#13882=DIRECTION('',(0.993505760797434,-0.0861566515058701,0.0743191406274824));
#13883=DIRECTION('center_axis',(0.,0.653172348788763,0.757209272775876));
#13884=DIRECTION('ref_axis',(1.,0.,0.));
#13885=DIRECTION('',(0.,0.757209272775876,-0.653172348788763));
#13886=DIRECTION('',(1.,0.,0.));
#13887=DIRECTION('center_axis',(0.,0.615232485109897,0.788345729528295));
#13888=DIRECTION('ref_axis',(1.,0.,0.));
#13889=DIRECTION('',(0.993505734384407,-0.0896995961351991,0.0700024156617594));
#13890=DIRECTION('center_axis',(0.,0.615232485109897,0.788345729528295));
#13891=DIRECTION('ref_axis',(1.,0.,0.));
#13892=DIRECTION('',(0.,0.788345729528295,-0.615232485109897));
#13893=DIRECTION('',(1.,0.,0.));
#13894=DIRECTION('center_axis',(0.,0.575806686825457,0.817585872803029));
#13895=DIRECTION('ref_axis',(1.,0.,0.));
#13896=DIRECTION('',(0.,0.817585872803029,-0.575806686825457));
#13897=DIRECTION('',(0.993505745760564,0.0930265184745879,-0.0655164101675524));
#13898=DIRECTION('center_axis',(0.,0.575806686825457,0.817585872803029));
#13899=DIRECTION('ref_axis',(1.,0.,0.));
#13900=DIRECTION('',(1.,0.,0.));
#13901=DIRECTION('center_axis',(0.,0.534994760297879,0.844855376057829));
#13902=DIRECTION('ref_axis',(1.,0.,0.));
#13903=DIRECTION('',(0.99350580049056,-0.0961288921060284,0.060872493739621));
#13904=DIRECTION('center_axis',(0.,0.534994760297879,0.844855376057829));
#13905=DIRECTION('ref_axis',(1.,0.,0.));
#13906=DIRECTION('',(0.,0.844855376057829,-0.534994760297879));
#13907=DIRECTION('',(1.,0.,0.));
#13908=DIRECTION('center_axis',(0.,0.492899951888669,0.870085994271916));
#13909=DIRECTION('ref_axis',(1.,0.,0.));
#13910=DIRECTION('',(0.993505706689092,-0.0990003817372607,0.0560832879928024));
#13911=DIRECTION('center_axis',(0.,0.492899951888669,0.870085994271916));
#13912=DIRECTION('ref_axis',(1.,0.,0.));
#13913=DIRECTION('',(0.,0.870085994271916,-0.492899951888669));
#13914=DIRECTION('',(1.,0.,0.));
#13915=DIRECTION('center_axis',(0.,0.449611319826811,0.893224306142412));
#13916=DIRECTION('ref_axis',(1.,0.,0.));
#13917=DIRECTION('',(0.993505746242977,-0.101632803483087,0.0511576527838508));
#13918=DIRECTION('center_axis',(0.,0.449611319826811,0.893224306142412));
#13919=DIRECTION('ref_axis',(1.,0.,0.));
#13920=DIRECTION('',(0.,0.893224306142412,-0.449611319826811));
#13921=DIRECTION('',(1.,0.,0.));
#13922=DIRECTION('center_axis',(0.,0.405244088996462,0.914208525629371));
#13923=DIRECTION('ref_axis',(1.,0.,0.));
#13924=DIRECTION('',(0.,0.914208525629371,-0.405244088996462));
#13925=DIRECTION('',(0.993505742967957,0.104020455041944,-0.0461094743252913));
#13926=DIRECTION('center_axis',(0.,0.359889016393262,0.932995121037345));
#13927=DIRECTION('ref_axis',(1.,0.,0.));
#13928=DIRECTION('',(0.,0.932995121037345,-0.359889016393262));
#13929=DIRECTION('',(1.,0.,0.));
#13930=DIRECTION('',(0.993505750124483,-0.106157972740203,0.0409488619289843));
#13931=DIRECTION('center_axis',(0.,0.405244088996462,0.914208525629371));
#13932=DIRECTION('ref_axis',(1.,0.,0.));
#13933=DIRECTION('',(1.,0.,0.));
#13934=DIRECTION('center_axis',(0.,0.359889016393262,0.932995121037345));
#13935=DIRECTION('ref_axis',(1.,0.,0.));
#13936=DIRECTION('center_axis',(0.,0.313689351917496,0.949525666053099));
#13937=DIRECTION('ref_axis',(1.,0.,0.));
#13938=DIRECTION('',(0.,0.949525666053099,-0.313689351917496));
#13939=DIRECTION('',(1.,0.,0.));
#13940=DIRECTION('',(0.993505727699989,-0.108039035749052,0.0356922369953255));
#13941=DIRECTION('center_axis',(0.,0.313689351917496,0.949525666053099));
#13942=DIRECTION('ref_axis',(1.,0.,0.));
#13943=DIRECTION('center_axis',(0.,0.266713054680808,0.963775983547438));
#13944=DIRECTION('ref_axis',(1.,0.,0.));
#13945=DIRECTION('',(0.,0.963775983547438,-0.266713054680808));
#13946=DIRECTION('',(1.,0.,0.));
#13947=DIRECTION('',(0.993505724836031,-0.109660491072461,0.030347181348179));
#13948=DIRECTION('center_axis',(0.,0.266713054680808,0.963775983547438));
#13949=DIRECTION('ref_axis',(1.,0.,0.));
#13950=DIRECTION('center_axis',(0.,0.219093619848951,0.975703841204637));
#13951=DIRECTION('ref_axis',(1.,0.,0.));
#13952=DIRECTION('',(0.,0.975703841204637,-0.219093619848951));
#13953=DIRECTION('',(1.,0.,0.));
#13954=DIRECTION('',(0.993505769382967,-0.111017288689014,0.0249288550659613));
#13955=DIRECTION('center_axis',(0.,0.219093619848951,0.975703841204637));
#13956=DIRECTION('ref_axis',(1.,0.,0.));
#13957=DIRECTION('center_axis',(0.,0.1709620955973,0.985277606499295));
#13958=DIRECTION('ref_axis',(1.,0.,0.));
#13959=DIRECTION('',(0.,0.985277606499295,-0.1709620955973));
#13960=DIRECTION('',(1.,0.,0.));
#13961=DIRECTION('',(0.993505736876546,-0.112106888096781,0.0194524146225294));
#13962=DIRECTION('center_axis',(0.,0.1709620955973,0.985277606499295));
#13963=DIRECTION('ref_axis',(1.,0.,0.));
#13964=DIRECTION('center_axis',(0.,0.122420382173183,0.992478337309471));
#13965=DIRECTION('ref_axis',(1.,0.,0.));
#13966=DIRECTION('',(0.,0.992478337309471,-0.122420382173183));
#13967=DIRECTION('',(1.,0.,0.));
#13968=DIRECTION('',(0.993505743554226,-0.112926144011185,0.0139292326970786));
#13969=DIRECTION('center_axis',(0.,0.122420382173183,0.992478337309471));
#13970=DIRECTION('ref_axis',(1.,0.,0.));
#13971=DIRECTION('center_axis',(0.,0.0735565676049812,0.997291046466463));
#13972=DIRECTION('ref_axis',(1.,0.,0.));
#13973=DIRECTION('',(0.,0.997291046466463,-0.0735565676049812));
#13974=DIRECTION('',(1.,0.,0.));
#13975=DIRECTION('',(0.99350573851921,-0.113473787402568,0.00836941466991394));
#13976=DIRECTION('center_axis',(0.,0.0735565676049812,0.997291046466463));
#13977=DIRECTION('ref_axis',(1.,0.,0.));
#13978=DIRECTION('center_axis',(0.,0.0245484892074121,0.999698640430022));
#13979=DIRECTION('ref_axis',(1.,0.,0.));
#13980=DIRECTION('',(0.,0.999698640430022,-0.0245484892074121));
#13981=DIRECTION('center_axis',(0.,-0.749776893689064,0.661690720571158));
#13982=DIRECTION('ref_axis',(1.,0.,0.));
#13983=DIRECTION('',(0.,0.661690720571158,0.749776893689064));
#13984=DIRECTION('',(1.,0.,0.));
#13985=DIRECTION('center_axis',(0.,-0.715860584452546,0.698243241017955));
#13986=DIRECTION('ref_axis',(1.,0.,0.));
#13987=DIRECTION('',(0.999988185218316,-0.00339416777621259,-0.00347980586889356));
#13988=DIRECTION('',(0.,0.698243241017955,0.715860584452547));
#13989=DIRECTION('center_axis',(0.,-0.715860584452546,0.698243241017955));
#13990=DIRECTION('ref_axis',(1.,0.,0.));
#13991=DIRECTION('',(1.,0.,0.));
#13992=DIRECTION('center_axis',(0.,-0.680179952778471,0.733045177215072));
#13993=DIRECTION('ref_axis',(1.,0.,0.));
#13994=DIRECTION('',(0.999988185243644,0.00356333653656525,0.00330635839714917));
#13995=DIRECTION('center_axis',(0.,-0.680179952778471,0.733045177215072));
#13996=DIRECTION('ref_axis',(1.,0.,0.));
#13997=DIRECTION('',(1.,0.,0.));
#13998=DIRECTION('',(0.,0.733045177215072,0.680179952778471));
#13999=DIRECTION('center_axis',(0.,-0.642781915640154,0.766049220955138));
#14000=DIRECTION('ref_axis',(1.,0.,0.));
#14001=DIRECTION('',(0.999988184921413,-0.00372382014976705,-0.00312460894664476));
#14002=DIRECTION('',(0.,0.766049220955138,0.642781915640154));
#14003=DIRECTION('center_axis',(0.,-0.642781915640154,0.766049220955138));
#14004=DIRECTION('ref_axis',(1.,0.,0.));
#14005=DIRECTION('',(1.,0.,0.));
#14006=DIRECTION('center_axis',(0.,-0.603802039702943,0.797134302894164));
#14007=DIRECTION('ref_axis',(1.,0.,0.));
#14008=DIRECTION('',(0.999988185376806,0.00387485228361993,0.0029350684118131));
#14009=DIRECTION('center_axis',(0.,-0.603802039702943,0.797134302894164));
#14010=DIRECTION('ref_axis',(1.,0.,0.));
#14011=DIRECTION('',(1.,0.,0.));
#14012=DIRECTION('',(0.,0.797134302894164,0.603802039702943));
#14013=DIRECTION('center_axis',(0.,-0.563328671687705,0.826232901580763));
#14014=DIRECTION('ref_axis',(1.,0.,0.));
#14015=DIRECTION('',(0.999988184970028,-0.00401636907051045,-0.00273837540137837));
#14016=DIRECTION('',(0.,0.826232901580763,0.563328671687705));
#14017=DIRECTION('center_axis',(0.,-0.563328671687705,0.826232901580763));
#14018=DIRECTION('ref_axis',(1.,0.,0.));
#14019=DIRECTION('',(1.,0.,0.));
#14020=DIRECTION('center_axis',(0.,-0.52142822166434,0.853295148030249));
#14021=DIRECTION('ref_axis',(1.,0.,0.));
#14022=DIRECTION('',(0.999988185315786,-0.00414785962584943,-0.00253465764268393));
#14023=DIRECTION('',(0.,0.853295148030248,0.52142822166434));
#14024=DIRECTION('center_axis',(0.,-0.52142822166434,0.853295148030249));
#14025=DIRECTION('ref_axis',(1.,0.,0.));
#14026=DIRECTION('',(1.,0.,0.));
#14027=DIRECTION('center_axis',(0.,-0.478253724104393,0.878221711972711));
#14028=DIRECTION('ref_axis',(1.,0.,0.));
#14029=DIRECTION('',(0.999988185088392,0.00426906849879688,0.00232480919131478));
#14030=DIRECTION('center_axis',(0.,-0.478253724104393,0.878221711972711));
#14031=DIRECTION('ref_axis',(1.,0.,0.));
#14032=DIRECTION('',(1.,0.,0.));
#14033=DIRECTION('',(0.,0.878221711972711,0.478253724104393));
#14034=DIRECTION('center_axis',(0.,-0.433874472637879,0.900973330345134));
#14035=DIRECTION('ref_axis',(1.,0.,0.));
#14036=DIRECTION('',(0.99998818502677,-0.00437967638555472,-0.00210908549466077));
#14037=DIRECTION('',(0.,0.900973330345134,0.433874472637879));
#14038=DIRECTION('center_axis',(0.,-0.433874472637879,0.900973330345134));
#14039=DIRECTION('ref_axis',(1.,0.,0.));
#14040=DIRECTION('',(1.,0.,0.));
#14041=DIRECTION('center_axis',(0.,-0.388446945476463,0.921471090458082));
#14042=DIRECTION('ref_axis',(1.,0.,0.));
#14043=DIRECTION('',(0.999988185115945,-0.00447930011791294,-0.00188825288898718));
#14044=DIRECTION('',(0.,0.921471090458082,0.388446945476463));
#14045=DIRECTION('center_axis',(0.,-0.388446945476463,0.921471090458082));
#14046=DIRECTION('ref_axis',(1.,0.,0.));
#14047=DIRECTION('',(1.,0.,0.));
#14048=DIRECTION('center_axis',(0.,-0.342019413453593,0.939692886437298));
#14049=DIRECTION('ref_axis',(1.,0.,0.));
#14050=DIRECTION('',(0.999988185121175,-0.00456787583347476,-0.00166256681926912));
#14051=DIRECTION('',(0.,0.939692886437298,0.342019413453593));
#14052=DIRECTION('center_axis',(0.,-0.342019413453593,0.939692886437298));
#14053=DIRECTION('ref_axis',(1.,0.,0.));
#14054=DIRECTION('',(1.,0.,0.));
#14055=DIRECTION('center_axis',(0.,-0.294750458591652,0.95557426041099));
#14056=DIRECTION('ref_axis',(1.,0.,0.));
#14057=DIRECTION('',(0.999988185077691,0.00464508422554811,0.00143279362201352));
#14058=DIRECTION('center_axis',(0.,-0.294750458591652,0.95557426041099));
#14059=DIRECTION('ref_axis',(1.,0.,0.));
#14060=DIRECTION('',(1.,0.,0.));
#14061=DIRECTION('',(0.,0.95557426041099,0.294750458591652));
#14062=DIRECTION('center_axis',(0.,-0.246749719512438,0.969079241301006));
#14063=DIRECTION('ref_axis',(1.,0.,0.));
#14064=DIRECTION('',(0.999988185391806,-0.00471066985057069,-0.00119944418867495));
#14065=DIRECTION('',(0.,0.969079241301006,0.246749719512438));
#14066=DIRECTION('center_axis',(0.,-0.246749719512438,0.969079241301006));
#14067=DIRECTION('ref_axis',(1.,0.,0.));
#14068=DIRECTION('',(1.,0.,0.));
#14069=DIRECTION('center_axis',(0.,-0.198162085406223,0.98016926492696));
#14070=DIRECTION('ref_axis',(1.,0.,0.));
#14071=DIRECTION('',(0.999988184804672,-0.00476469656397052,-0.000963284854187526));
#14072=DIRECTION('',(0.,0.98016926492696,0.198162085406223));
#14073=DIRECTION('center_axis',(0.,-0.198162085406223,0.98016926492696));
#14074=DIRECTION('ref_axis',(1.,0.,0.));
#14075=DIRECTION('',(1.,0.,0.));
#14076=DIRECTION('center_axis',(0.,-0.149031660544921,0.988832424708668));
#14077=DIRECTION('ref_axis',(1.,0.,0.));
#14078=DIRECTION('',(0.999988185255308,-0.00480671734537657,-0.000724443343332516));
#14079=DIRECTION('',(0.,0.988832424708668,0.149031660544921));
#14080=DIRECTION('center_axis',(0.,-0.149031660544921,0.988832424708668));
#14081=DIRECTION('ref_axis',(1.,0.,0.));
#14082=DIRECTION('',(1.,0.,0.));
#14083=DIRECTION('center_axis',(0.,-0.0995817628876313,0.995029382732084));
#14084=DIRECTION('ref_axis',(1.,0.,0.));
#14085=DIRECTION('',(0.999988185161835,-0.00483685990998553,-0.000484069159198447));
#14086=DIRECTION('',(0.,0.995029382732084,0.0995817628876313));
#14087=DIRECTION('center_axis',(0.,-0.0995817628876313,0.995029382732084));
#14088=DIRECTION('ref_axis',(1.,0.,0.));
#14089=DIRECTION('',(1.,0.,0.));
#14090=DIRECTION('center_axis',(0.,-0.0498432633855237,0.998757052087784));
#14091=DIRECTION('ref_axis',(1.,0.,0.));
#14092=DIRECTION('',(0.999988185082285,0.0048549965377276,0.000242290025046544));
#14093=DIRECTION('center_axis',(0.,-0.0498432633855237,0.998757052087784));
#14094=DIRECTION('ref_axis',(1.,0.,0.));
#14095=DIRECTION('',(1.,0.,0.));
#14096=DIRECTION('',(0.,0.998757052087784,0.0498432633855237));
#14097=DIRECTION('center_axis',(0.,0.,1.));
#14098=DIRECTION('ref_axis',(1.,0.,0.));
#14099=DIRECTION('',(0.999988185272102,0.00486099950711482,0.));
#14100=DIRECTION('center_axis',(0.,0.,1.));
#14101=DIRECTION('ref_axis',(1.,0.,0.));
#14102=DIRECTION('',(1.,0.,0.));
#14103=DIRECTION('',(0.,1.,0.));
#14104=DIRECTION('center_axis',(0.,0.0498432633855237,0.998757052087784));
#14105=DIRECTION('ref_axis',(1.,0.,0.));
#14106=DIRECTION('',(0.999988185082285,-0.0048549965377276,0.000242290025046544));
#14107=DIRECTION('',(0.,0.998757052087784,-0.0498432633855237));
#14108=DIRECTION('center_axis',(0.,0.0498432633855237,0.998757052087784));
#14109=DIRECTION('ref_axis',(1.,0.,0.));
#14110=DIRECTION('',(1.,0.,0.));
#14111=DIRECTION('center_axis',(0.,0.0995804611583571,0.995029513007272));
#14112=DIRECTION('ref_axis',(1.,0.,0.));
#14113=DIRECTION('',(0.999988184852948,-0.0048369237698581,0.000484069159048922));
#14114=DIRECTION('',(0.,0.995029513007272,-0.0995804611583571));
#14115=DIRECTION('center_axis',(0.,0.0995804611583571,0.995029513007272));
#14116=DIRECTION('ref_axis',(1.,0.,0.));
#14117=DIRECTION('',(1.,0.,0.));
#14118=DIRECTION('center_axis',(0.,0.149031660544921,0.988832424708668));
#14119=DIRECTION('ref_axis',(1.,0.,0.));
#14120=DIRECTION('',(0.999988185255308,0.00480671734537657,-0.000724443343332516));
#14121=DIRECTION('center_axis',(0.,0.149031660544921,0.988832424708668));
#14122=DIRECTION('ref_axis',(1.,0.,0.));
#14123=DIRECTION('',(1.,0.,0.));
#14124=DIRECTION('',(0.,0.988832424708668,-0.149031660544921));
#14125=DIRECTION('center_axis',(0.,0.198164637115323,0.98016874904118));
#14126=DIRECTION('ref_axis',(1.,0.,0.));
#14127=DIRECTION('',(0.999988185108947,-0.00476463270405366,0.000963284854480632));
#14128=DIRECTION('',(0.,0.98016874904118,-0.198164637115323));
#14129=DIRECTION('center_axis',(0.,0.198164637115323,0.98016874904118));
#14130=DIRECTION('ref_axis',(1.,0.,0.));
#14131=DIRECTION('',(1.,0.,0.));
#14132=DIRECTION('center_axis',(0.,0.246746578096521,0.969080041171862));
#14133=DIRECTION('ref_axis',(1.,0.,0.));
#14134=DIRECTION('',(0.999988185090978,-0.00471073371052022,0.00119944418831412));
#14135=DIRECTION('',(0.,0.969080041171862,-0.246746578096522));
#14136=DIRECTION('center_axis',(0.,0.246746578096521,0.969080041171862));
#14137=DIRECTION('ref_axis',(1.,0.,0.));
#14138=DIRECTION('',(1.,0.,0.));
#14139=DIRECTION('center_axis',(0.,0.29475415885968,0.955573119041616));
#14140=DIRECTION('ref_axis',(1.,0.,0.));
#14141=DIRECTION('',(0.999988185374327,0.00464502036555937,-0.00143279362243854));
#14142=DIRECTION('center_axis',(0.,0.29475415885968,0.955573119041616));
#14143=DIRECTION('ref_axis',(1.,0.,0.));
#14144=DIRECTION('',(1.,0.,0.));
#14145=DIRECTION('',(0.,0.955573119041616,-0.29475415885968));
#14146=DIRECTION('center_axis',(0.,0.342019413453593,0.939692886437298));
#14147=DIRECTION('ref_axis',(1.,0.,0.));
#14148=DIRECTION('',(0.999988185121175,-0.00456787583347476,0.00166256681926912));
#14149=DIRECTION('',(0.,0.939692886437298,-0.342019413453593));
#14150=DIRECTION('center_axis',(0.,0.342019413453593,0.939692886437298));
#14151=DIRECTION('ref_axis',(1.,0.,0.));
#14152=DIRECTION('',(1.,0.,0.));
#14153=DIRECTION('center_axis',(0.,0.388442243089158,0.921473072739439));
#14154=DIRECTION('ref_axis',(1.,0.,0.));
#14155=DIRECTION('',(1.,0.,0.));
#14156=DIRECTION('',(0.999988184829892,-0.00447936397799824,0.00188825288844704));
#14157=DIRECTION('center_axis',(0.,0.388442243089158,0.921473072739439));
#14158=DIRECTION('ref_axis',(1.,0.,0.));
#14159=DIRECTION('',(0.,0.921473072739439,-0.388442243089158));
#14160=DIRECTION('center_axis',(0.,0.433879608208446,0.900970857231734));
#14161=DIRECTION('ref_axis',(1.,0.,0.));
#14162=DIRECTION('',(1.,0.,0.));
#14163=DIRECTION('',(0.999988185306457,-0.00437961252541301,0.00210908549525066));
#14164=DIRECTION('center_axis',(0.,0.433879608208446,0.900970857231734));
#14165=DIRECTION('ref_axis',(1.,0.,0.));
#14166=DIRECTION('',(0.,0.900970857231734,-0.433879608208446));
#14167=DIRECTION('center_axis',(0.,0.478253724104393,0.878221711972711));
#14168=DIRECTION('ref_axis',(1.,0.,0.));
#14169=DIRECTION('',(1.,0.,0.));
#14170=DIRECTION('',(0.999988185088392,-0.00426906849879688,0.00232480919131478));
#14171=DIRECTION('center_axis',(0.,0.478253724104393,0.878221711972711));
#14172=DIRECTION('ref_axis',(1.,0.,0.));
#14173=DIRECTION('',(0.,0.878221711972711,-0.478253724104393));
#14174=DIRECTION('center_axis',(0.,0.52142822166434,0.853295148030249));
#14175=DIRECTION('ref_axis',(1.,0.,0.));
#14176=DIRECTION('',(1.,0.,0.));
#14177=DIRECTION('',(0.999988185315786,-0.00414785962584943,0.00253465764268393));
#14178=DIRECTION('center_axis',(0.,0.52142822166434,0.853295148030249));
#14179=DIRECTION('ref_axis',(1.,0.,0.));
#14180=DIRECTION('',(0.,0.853295148030248,-0.52142822166434));
#14181=DIRECTION('center_axis',(0.,0.563328671687705,0.826232901580763));
#14182=DIRECTION('ref_axis',(1.,0.,0.));
#14183=DIRECTION('',(1.,0.,0.));
#14184=DIRECTION('',(0.999988184970028,-0.00401636907051045,0.00273837540137837));
#14185=DIRECTION('center_axis',(0.,0.563328671687705,0.826232901580763));
#14186=DIRECTION('ref_axis',(1.,0.,0.));
#14187=DIRECTION('',(0.,0.826232901580763,-0.563328671687705));
#14188=DIRECTION('center_axis',(0.,0.603795716496129,0.797139092468138));
#14189=DIRECTION('ref_axis',(1.,0.,0.));
#14190=DIRECTION('',(1.,0.,0.));
#14191=DIRECTION('',(0.999988185129354,-0.00387491614402772,0.0029350684110868));
#14192=DIRECTION('center_axis',(0.,0.603795716496129,0.797139092468138));
#14193=DIRECTION('ref_axis',(1.,0.,0.));
#14194=DIRECTION('',(0.,0.797139092468138,-0.603795716496129));
#14195=DIRECTION('center_axis',(0.,0.642788384523845,0.766043792952612));
#14196=DIRECTION('ref_axis',(1.,0.,0.));
#14197=DIRECTION('',(0.999988185159217,0.00372375628928595,-0.00312460894738781));
#14198=DIRECTION('center_axis',(0.,0.680173402431657,0.733051255114227));
#14199=DIRECTION('ref_axis',(1.,0.,0.));
#14200=DIRECTION('',(0.999988185016085,0.00356340039712102,-0.00330635839639677));
#14201=DIRECTION('',(1.,0.,0.));
#14202=DIRECTION('center_axis',(0.,0.642788384523845,0.766043792952612));
#14203=DIRECTION('ref_axis',(1.,0.,0.));
#14204=DIRECTION('',(0.,0.766043792952612,-0.642788384523845));
#14205=DIRECTION('center_axis',(0.,0.680173402431657,0.733051255114227));
#14206=DIRECTION('ref_axis',(1.,0.,0.));
#14207=DIRECTION('',(1.,0.,0.));
#14208=DIRECTION('',(0.,0.733051255114227,-0.680173402431656));
#14209=DIRECTION('center_axis',(0.,0.715860584452546,0.698243241017955));
#14210=DIRECTION('ref_axis',(1.,0.,0.));
#14211=DIRECTION('',(1.,0.,0.));
#14212=DIRECTION('',(0.999988185218316,-0.00339416777621259,0.00347980586889356));
#14213=DIRECTION('center_axis',(0.,0.715860584452546,0.698243241017955));
#14214=DIRECTION('ref_axis',(1.,0.,0.));
#14215=DIRECTION('',(0.,0.698243241017955,-0.715860584452547));
#14216=DIRECTION('center_axis',(0.,0.749783411434716,0.661683335091129));
#14217=DIRECTION('ref_axis',(1.,0.,0.));
#14218=DIRECTION('',(0.999988185277779,-0.00321644159301,0.00364469591780698));
#14219=DIRECTION('',(0.,0.661683335091129,-0.749783411434716));
#14220=DIRECTION('center_axis',(0.,0.749783411434716,0.661683335091129));
#14221=DIRECTION('ref_axis',(1.,0.,0.));
#14222=DIRECTION('',(1.,0.,0.));
#14223=DIRECTION('center_axis',(0.,0.781832995855901,0.623487904125642));
#14224=DIRECTION('ref_axis',(1.,0.,0.));
#14225=DIRECTION('',(0.999988185098979,0.00303079659959829,-0.00380051765176876));
#14226=DIRECTION('center_axis',(0.,0.781832995855901,0.623487904125642));
#14227=DIRECTION('ref_axis',(1.,0.,0.));
#14228=DIRECTION('',(1.,0.,0.));
#14229=DIRECTION('',(0.,0.623487904125642,-0.781832995855901));
#14230=DIRECTION('center_axis',(0.,0.811938316861467,0.583743239457356));
#14231=DIRECTION('ref_axis',(1.,0.,0.));
#14232=DIRECTION('',(0.999988184935958,-0.002837615965035,0.00394688790347534));
#14233=DIRECTION('',(0.,0.583743239457356,-0.811938316861467));
#14234=DIRECTION('center_axis',(0.,0.811938316861467,0.583743239457356));
#14235=DIRECTION('ref_axis',(1.,0.,0.));
#14236=DIRECTION('',(1.,0.,0.));
#14237=DIRECTION('center_axis',(0.,0.84002665465486,0.542545131274224));
#14238=DIRECTION('ref_axis',(1.,0.,0.));
#14239=DIRECTION('',(0.999988184957581,0.0026373467193264,-0.00408342350542808));
#14240=DIRECTION('center_axis',(0.,0.84002665465486,0.542545131274224));
#14241=DIRECTION('ref_axis',(1.,0.,0.));
#14242=DIRECTION('',(1.,0.,0.));
#14243=DIRECTION('',(0.,0.542545131274224,-0.84002665465486));
#14244=DIRECTION('center_axis',(0.,0.86602500412366,0.500000692232136));
#14245=DIRECTION('ref_axis',(1.,0.,0.));
#14246=DIRECTION('',(0.999988185304816,-0.00243049975363692,0.00420974129009553));
#14247=DIRECTION('',(0.,0.500000692232136,-0.86602500412366));
#14248=DIRECTION('center_axis',(0.,0.86602500412366,0.500000692232136));
#14249=DIRECTION('ref_axis',(1.,0.,0.));
#14250=DIRECTION('',(1.,0.,0.));
#14251=DIRECTION('center_axis',(0.,0.889872987434442,0.456208358356685));
#14252=DIRECTION('ref_axis',(0.,-0.456208358356685,0.889872987434442));
#14253=DIRECTION('',(0.99998818504607,-0.00221764981799199,0.0043257135308272));
#14254=DIRECTION('',(0.,0.456208358356685,-0.889872987434442));
#14255=DIRECTION('center_axis',(0.,0.889872987434442,0.456208358356685));
#14256=DIRECTION('ref_axis',(0.,-0.456208358356685,0.889872987434442));
#14257=DIRECTION('',(1.,0.,0.));
#14258=DIRECTION('center_axis',(0.,0.911507579071646,0.411283276215977));
#14259=DIRECTION('ref_axis',(0.,-0.411283276215977,0.911507579071646));
#14260=DIRECTION('',(0.999988185317705,-0.0019992439446212,0.00443082934152265));
#14261=DIRECTION('',(0.,0.411283276215977,-0.911507579071646));
#14262=DIRECTION('center_axis',(0.,0.911507579071646,0.411283276215977));
#14263=DIRECTION('ref_axis',(0.,-0.411283276215977,0.911507579071646));
#14264=DIRECTION('',(1.,0.,0.));
#14265=DIRECTION('center_axis',(0.,0.930872478462785,0.365344260719327));
#14266=DIRECTION('ref_axis',(0.,-0.365344260719327,0.930872478462785));
#14267=DIRECTION('',(0.999988184655597,0.00177598460560604,-0.00452508871571494));
#14268=DIRECTION('center_axis',(0.,0.930872478462785,0.365344260719327));
#14269=DIRECTION('ref_axis',(0.,-0.365344260719327,0.930872478462785));
#14270=DIRECTION('',(1.,0.,0.));
#14271=DIRECTION('',(0.,0.365344260719327,-0.930872478462785));
#14272=DIRECTION('center_axis',(0.,0.947929149670939,0.318481282345024));
#14273=DIRECTION('ref_axis',(0.,-0.318481282345024,0.947929149670939));
#14274=DIRECTION('',(0.999988185426349,-0.00154812725071145,0.00460785305040154));
#14275=DIRECTION('',(0.,0.318481282345024,-0.947929149670939));
#14276=DIRECTION('center_axis',(0.,0.947929149670939,0.318481282345024));
#14277=DIRECTION('ref_axis',(0.,-0.318481282345024,0.947929149670939));
#14278=DIRECTION('',(1.,0.,0.));
#14279=DIRECTION('center_axis',(0.,0.962624613391354,0.270839165729674));
#14280=DIRECTION('ref_axis',(0.,-0.270839165729674,0.962624613391354));
#14281=DIRECTION('',(0.999988184969073,-0.00131656593457935,0.0046793777789274));
#14282=DIRECTION('',(0.,0.270839165729674,-0.962624613391354));
#14283=DIRECTION('center_axis',(0.,0.962624613391354,0.270839165729674));
#14284=DIRECTION('ref_axis',(0.,-0.270839165729674,0.962624613391354));
#14285=DIRECTION('',(1.,0.,0.));
#14286=DIRECTION('center_axis',(0.,0.974927764647018,0.222521580347543));
#14287=DIRECTION('ref_axis',(0.,-0.222521580347543,0.974927764647018));
#14288=DIRECTION('',(0.999988185129324,-0.00108168382826342,0.00473915201885868));
#14289=DIRECTION('',(0.,0.222521580347543,-0.974927764647018));
#14290=DIRECTION('center_axis',(0.,0.974927764647018,0.222521580347543));
#14291=DIRECTION('ref_axis',(0.,-0.222521580347543,0.974927764647018));
#14292=DIRECTION('',(1.,0.,0.));
#14293=DIRECTION('center_axis',(0.,0.984807355643159,0.173650431243714));
#14294=DIRECTION('ref_axis',(0.,-0.173650431243714,0.984807355643159));
#14295=DIRECTION('',(0.999988185135392,-0.000844119544342463,0.00478717576660612));
#14296=DIRECTION('',(0.,0.173650431243714,-0.984807355643159));
#14297=DIRECTION('center_axis',(0.,0.984807355643159,0.173650431243714));
#14298=DIRECTION('ref_axis',(0.,-0.173650431243714,0.984807355643159));
#14299=DIRECTION('',(1.,0.,0.));
#14300=DIRECTION('center_axis',(0.,0.992239022390552,0.124345174596528));
#14301=DIRECTION('ref_axis',(0.,-0.124345174596528,0.992239022390552));
#14302=DIRECTION('',(0.999988185037431,-0.000604447835256373,0.00482332129965592));
#14303=DIRECTION('',(0.,0.124345174596528,-0.992239022390552));
#14304=DIRECTION('center_axis',(0.,0.992239022390552,0.124345174596528));
#14305=DIRECTION('ref_axis',(0.,-0.124345174596528,0.992239022390552));
#14306=DIRECTION('',(1.,0.,0.));
#14307=DIRECTION('center_axis',(0.,0.997204011033883,0.0747272398656293));
#14308=DIRECTION('ref_axis',(0.,-0.0747272398656293,0.997204011033883));
#14309=DIRECTION('',(0.999988185637846,0.000363243453671691,-0.00484733317642336));
#14310=DIRECTION('center_axis',(0.,0.997204011033883,0.0747272398656293));
#14311=DIRECTION('ref_axis',(0.,-0.0747272398656293,0.997204011033883));
#14312=DIRECTION('',(1.,0.,0.));
#14313=DIRECTION('',(0.,0.0747272398656293,-0.997204011033883));
#14314=DIRECTION('center_axis',(0.,0.999689088929471,0.0249344235017364));
#14315=DIRECTION('ref_axis',(0.,-0.0249344235017364,0.999689088929471));
#14316=DIRECTION('',(0.,0.0249344235017364,-0.999689088929471));
#14317=DIRECTION('',(1.,0.,0.));
#14318=DIRECTION('',(-1.,0.,0.));
#14319=DIRECTION('',(0.,-0.0249344235017364,0.999689088929471));
#14320=DIRECTION('',(0.,0.0249344235017364,-0.999689088929471));
#14321=DIRECTION('center_axis',(0.,0.,-1.));
#14322=DIRECTION('ref_axis',(-1.,0.,0.));
#14323=DIRECTION('',(1.,0.,0.));
#14324=DIRECTION('',(0.,1.,0.));
#14325=DIRECTION('center_axis',(0.,-1.,0.));
#14326=DIRECTION('ref_axis',(0.,0.,-1.));
#14327=DIRECTION('',(0.,0.,1.));
#14328=DIRECTION('center_axis',(0.,1.,0.));
#14329=DIRECTION('ref_axis',(0.,0.,1.));
#14330=DIRECTION('',(0.,0.,1.));
#14331=DIRECTION('center_axis',(-1.,0.,0.));
#14332=DIRECTION('ref_axis',(0.,0.,1.));
#14333=DIRECTION('',(0.,0.999698821587748,0.0245411107341793));
#14334=DIRECTION('',(0.,0.997290416379403,0.073565109921735));
#14335=DIRECTION('',(0.,0.992479576537697,0.122410335166413));
#14336=DIRECTION('',(0.,0.985277743456632,0.170961306291825));
#14337=DIRECTION('',(0.,0.975702046498302,0.21910161217806));
#14338=DIRECTION('',(0.,0.963775979731967,0.266713068468134));
#14339=DIRECTION('',(0.,0.949528487352862,0.313680811822123));
#14340=DIRECTION('',(0.,0.932992711065782,0.359895264067372));
#14341=DIRECTION('',(0.,0.914209486138377,0.405241922133685));
#14342=DIRECTION('',(0.,0.893223579313669,0.449612763784658));
#14343=DIRECTION('',(0.,0.870086851612004,0.492898438475829));
#14344=DIRECTION('',(0.,0.844854643966727,0.534995916402972));
#14345=DIRECTION('',(0.,0.817584839367805,0.57580815419367));
#14346=DIRECTION('',(0.,0.788346410849623,0.615231612078344));
#14347=DIRECTION('',(0.,0.757210175615565,0.653171302143814));
#14348=DIRECTION('',(0.,0.724245423150629,0.689542288076203));
#14349=DIRECTION('',(0.,0.68954085699453,0.72424678565752));
#14350=DIRECTION('',(0.,0.6531744146937,0.757207490711458));
#14351=DIRECTION('',(0.,0.615227856795795,0.788349341486661));
#14352=DIRECTION('',(0.,0.575811401157553,0.817582552588407));
#14353=DIRECTION('',(0.,0.534995592539475,0.844854849050023));
#14354=DIRECTION('',(0.,0.492900547092756,0.870085657091106));
#14355=DIRECTION('',(0.,0.449611208352828,0.893224362253689));
#14356=DIRECTION('',(0.,0.405241202296275,0.91420980522059));
#14357=DIRECTION('',(0.,0.359891228965552,0.932994267567419));
#14358=DIRECTION('',(0.,0.313685770082551,0.949526849355887));
#14359=DIRECTION('',(0.,0.266712665526531,0.963776091240976));
#14360=DIRECTION('',(0.,0.219100781435845,0.975702233047666));
#14361=DIRECTION('',(0.,0.170961345048984,0.98527773673165));
#14362=DIRECTION('',(0.,0.122409142167578,0.992479723678926));
#14363=DIRECTION('',(0.,0.0735622111850795,0.997290630200426));
#14364=DIRECTION('',(0.,0.0245440234844057,0.999698750079841));
#14365=DIRECTION('center_axis',(0.,-0.999698750079841,0.0245440234844057));
#14366=DIRECTION('ref_axis',(0.,-0.0245440234844057,-0.999698750079841));
#14367=DIRECTION('',(1.,0.,0.));
#14368=DIRECTION('center_axis',(0.,-0.997290630200426,0.0735622111850795));
#14369=DIRECTION('ref_axis',(0.,-0.0735622111850795,-0.997290630200426));
#14370=DIRECTION('',(1.,0.,0.));
#14371=DIRECTION('',(0.999966242802984,-0.000604434572163558,-0.00819438303548689));
#14372=DIRECTION('center_axis',(0.,-0.997290630200426,0.0735622111850795));
#14373=DIRECTION('ref_axis',(0.,-0.0735622111850795,-0.997290630200426));
#14374=DIRECTION('center_axis',(0.,-0.992479723678926,0.122409142167578));
#14375=DIRECTION('ref_axis',(0.,-0.122409142167578,-0.992479723678926));
#14376=DIRECTION('',(1.,0.,0.));
#14377=DIRECTION('',(0.999966242669224,-0.00100579445433731,-0.00815486968082752));
#14378=DIRECTION('center_axis',(0.,-0.992479723678926,0.122409142167578));
#14379=DIRECTION('ref_axis',(0.,-0.122409142167578,-0.992479723678926));
#14380=DIRECTION('center_axis',(0.,-0.98527773673165,0.170961345048984));
#14381=DIRECTION('ref_axis',(0.,-0.170961345048984,-0.98527773673165));
#14382=DIRECTION('',(1.,0.,0.));
#14383=DIRECTION('',(0.999966242851858,-0.00140472765816499,-0.00809567149442226));
#14384=DIRECTION('center_axis',(0.,-0.98527773673165,0.170961345048984));
#14385=DIRECTION('ref_axis',(0.,-0.170961345048984,-0.98527773673165));
#14386=DIRECTION('center_axis',(0.,-0.975702233047666,0.219100781435845));
#14387=DIRECTION('ref_axis',(0.,-0.219100781435845,-0.975702233047666));
#14388=DIRECTION('',(1.,0.,0.));
#14389=DIRECTION('',(0.999966242692324,-0.00180027628335734,-0.00801701198080315));
#14390=DIRECTION('center_axis',(0.,-0.975702233047666,0.219100781435845));
#14391=DIRECTION('ref_axis',(0.,-0.219100781435845,-0.975702233047666));
#14392=DIRECTION('center_axis',(0.,-0.963776091240976,0.266712665526531));
#14393=DIRECTION('ref_axis',(0.,-0.266712665526531,-0.963776091240975));
#14394=DIRECTION('',(0.999966242829138,0.00219148243142941,0.00791900290005615));
#14395=DIRECTION('center_axis',(0.,-0.949526849355887,0.313685770082551));
#14396=DIRECTION('ref_axis',(0.,-0.313685770082551,-0.949526849355887));
#14397=DIRECTION('',(1.,0.,0.));
#14398=DIRECTION('',(0.99996624260762,-0.00257745206152427,-0.00780194758181385));
#14399=DIRECTION('center_axis',(0.,-0.949526849355887,0.313685770082551));
#14400=DIRECTION('ref_axis',(0.,-0.313685770082551,-0.949526849355887));
#14401=DIRECTION('',(1.,0.,0.));
#14402=DIRECTION('center_axis',(0.,-0.963776091240976,0.266712665526531));
#14403=DIRECTION('ref_axis',(0.,-0.266712665526531,-0.963776091240975));
#14404=DIRECTION('center_axis',(0.,-0.932994267567419,0.359891228965552));
#14405=DIRECTION('ref_axis',(0.,-0.359891228965552,-0.932994267567419));
#14406=DIRECTION('',(0.999966242777834,0.00295709955603822,0.00766608550683491));
#14407=DIRECTION('center_axis',(0.,-0.91420980522059,0.405241202296275));
#14408=DIRECTION('ref_axis',(0.,-0.405241202296275,-0.91420980522059));
#14409=DIRECTION('',(1.,0.,0.));
#14410=DIRECTION('',(0.999966242815768,-0.00332972245404997,-0.00751173597084068));
#14411=DIRECTION('center_axis',(0.,-0.91420980522059,0.405241202296275));
#14412=DIRECTION('ref_axis',(0.,-0.405241202296275,-0.91420980522059));
#14413=DIRECTION('',(1.,0.,0.));
#14414=DIRECTION('center_axis',(0.,-0.932994267567419,0.359891228965552));
#14415=DIRECTION('ref_axis',(0.,-0.359891228965552,-0.932994267567419));
#14416=DIRECTION('center_axis',(0.,-0.893224362253689,0.449611208352828));
#14417=DIRECTION('ref_axis',(0.,-0.449611208352828,-0.893224362253689));
#14418=DIRECTION('',(1.,0.,0.));
#14419=DIRECTION('',(0.999966242742224,-0.00369429899604196,-0.0073393140638178));
#14420=DIRECTION('center_axis',(0.,-0.893224362253689,0.449611208352828));
#14421=DIRECTION('ref_axis',(0.,-0.449611208352828,-0.893224362253689));
#14422=DIRECTION('center_axis',(0.,-0.870085657091106,0.492900547092756));
#14423=DIRECTION('ref_axis',(0.,-0.492900547092756,-0.870085657091106));
#14424=DIRECTION('',(0.999966242632877,0.00404999900265102,0.00714920294616106));
#14425=DIRECTION('center_axis',(0.,-0.844854849050023,0.534995592539475));
#14426=DIRECTION('ref_axis',(1.,0.,0.));
#14427=DIRECTION('',(1.,0.,0.));
#14428=DIRECTION('',(0.999966242868502,-0.00439586457603558,-0.00694186560528879));
#14429=DIRECTION('center_axis',(0.,-0.844854849050023,0.534995592539475));
#14430=DIRECTION('ref_axis',(1.,0.,0.));
#14431=DIRECTION('',(1.,0.,0.));
#14432=DIRECTION('center_axis',(0.,-0.870085657091106,0.492900547092756));
#14433=DIRECTION('ref_axis',(0.,-0.492900547092756,-0.870085657091106));
#14434=DIRECTION('center_axis',(0.,-0.817582552588407,0.575811401157553));
#14435=DIRECTION('ref_axis',(1.,0.,0.));
#14436=DIRECTION('',(0.999966242528107,0.00473125711253501,0.00671781291451022));
#14437=DIRECTION('center_axis',(0.,-0.788349341486661,0.615227856795795));
#14438=DIRECTION('ref_axis',(1.,0.,0.));
#14439=DIRECTION('',(0.999966243041688,0.00505509099939954,0.00647756374571075));
#14440=DIRECTION('',(1.,0.,0.));
#14441=DIRECTION('center_axis',(0.,-0.817582552588407,0.575811401157553));
#14442=DIRECTION('ref_axis',(1.,0.,0.));
#14443=DIRECTION('center_axis',(0.,-0.788349341486661,0.615227856795795));
#14444=DIRECTION('ref_axis',(1.,0.,0.));
#14445=DIRECTION('',(1.,0.,0.));
#14446=DIRECTION('center_axis',(0.,-0.757207490711458,0.6531744146937));
#14447=DIRECTION('ref_axis',(1.,0.,0.));
#14448=DIRECTION('',(0.999966242589853,0.00536691920791788,0.00622172475660171));
#14449=DIRECTION('center_axis',(0.,-0.757207490711458,0.6531744146937));
#14450=DIRECTION('ref_axis',(1.,0.,0.));
#14451=DIRECTION('',(1.,0.,0.));
#14452=DIRECTION('center_axis',(0.,-0.724246785657519,0.68954085699453));
#14453=DIRECTION('ref_axis',(1.,0.,0.));
#14454=DIRECTION('',(0.999966242712709,0.00566571998648513,0.00595088666178917));
#14455=DIRECTION('center_axis',(0.,-0.724246785657519,0.68954085699453));
#14456=DIRECTION('ref_axis',(1.,0.,0.));
#14457=DIRECTION('',(1.,0.,0.));
#14458=DIRECTION('center_axis',(0.,-0.689542288076203,0.724245423150629));
#14459=DIRECTION('ref_axis',(1.,0.,0.));
#14460=DIRECTION('',(0.999966242947939,0.00595085473320636,0.00566571200532225));
#14461=DIRECTION('center_axis',(0.,-0.689542288076203,0.724245423150629));
#14462=DIRECTION('ref_axis',(1.,0.,0.));
#14463=DIRECTION('',(1.,0.,0.));
#14464=DIRECTION('center_axis',(0.,-0.653171302143814,0.757210175615565));
#14465=DIRECTION('ref_axis',(1.,0.,0.));
#14466=DIRECTION('',(0.999966242569383,0.00622174870396135,0.00536689526032101));
#14467=DIRECTION('center_axis',(0.,-0.653171302143814,0.757210175615565));
#14468=DIRECTION('ref_axis',(1.,0.,0.));
#14469=DIRECTION('',(1.,0.,0.));
#14470=DIRECTION('center_axis',(0.,-0.615231612078344,0.788346410849623));
#14471=DIRECTION('ref_axis',(1.,0.,0.));
#14472=DIRECTION('',(0.999966242707525,0.00647757172604179,0.00505514687517994));
#14473=DIRECTION('center_axis',(0.,-0.615231612078344,0.788346410849623));
#14474=DIRECTION('ref_axis',(1.,0.,0.));
#14475=DIRECTION('',(1.,0.,0.));
#14476=DIRECTION('center_axis',(0.,-0.57580815419367,0.817584839367805));
#14477=DIRECTION('ref_axis',(1.,0.,0.));
#14478=DIRECTION('',(0.999966242716936,0.00671781291577878,0.00473121720095009));
#14479=DIRECTION('center_axis',(0.,-0.534995916402972,0.844854643966726));
#14480=DIRECTION('ref_axis',(1.,0.,0.));
#14481=DIRECTION('',(0.999966242541589,-0.00694189753300201,-0.00439588852208547));
#14482=DIRECTION('',(1.,0.,0.));
#14483=DIRECTION('center_axis',(0.,-0.57580815419367,0.817584839367805));
#14484=DIRECTION('ref_axis',(1.,0.,0.));
#14485=DIRECTION('center_axis',(0.,-0.534995916402972,0.844854643966726));
#14486=DIRECTION('ref_axis',(1.,0.,0.));
#14487=DIRECTION('',(1.,0.,0.));
#14488=DIRECTION('center_axis',(0.,-0.492898438475829,0.870086851612004));
#14489=DIRECTION('ref_axis',(1.,0.,0.));
#14490=DIRECTION('',(0.999966242876321,0.00714918698291021,0.00404996707365432));
#14491=DIRECTION('center_axis',(0.,-0.492898438475829,0.870086851612004));
#14492=DIRECTION('ref_axis',(1.,0.,0.));
#14493=DIRECTION('',(1.,0.,0.));
#14494=DIRECTION('center_axis',(0.,-0.449612763784658,0.893223579313669));
#14495=DIRECTION('ref_axis',(1.,0.,0.));
#14496=DIRECTION('',(0.999966242829903,0.00733929809946999,0.00369430697886156));
#14497=DIRECTION('center_axis',(0.,-0.449612763784658,0.893223579313669));
#14498=DIRECTION('ref_axis',(1.,0.,0.));
#14499=DIRECTION('',(1.,0.,0.));
#14500=DIRECTION('center_axis',(0.,-0.405241922133685,0.914209486138377));
#14501=DIRECTION('ref_axis',(1.,0.,0.));
#14502=DIRECTION('',(0.999966242935689,0.00751172000675017,0.00332972245444929));
#14503=DIRECTION('center_axis',(0.,-0.359895264067372,0.932992711065782));
#14504=DIRECTION('ref_axis',(1.,0.,0.));
#14505=DIRECTION('',(0.999966242805801,0.00766606954205797,0.00295713148610361));
#14506=DIRECTION('',(1.,0.,0.));
#14507=DIRECTION('center_axis',(0.,-0.405241922133685,0.914209486138377));
#14508=DIRECTION('ref_axis',(1.,0.,0.));
#14509=DIRECTION('center_axis',(0.,-0.313680811822123,0.949528487352862));
#14510=DIRECTION('ref_axis',(1.,0.,0.));
#14511=DIRECTION('',(0.999966242585934,0.00780196354663599,0.00257741214899003));
#14512=DIRECTION('',(1.,0.,0.));
#14513=DIRECTION('center_axis',(0.,-0.359895264067372,0.932992711065782));
#14514=DIRECTION('ref_axis',(1.,0.,0.));
#14515=DIRECTION('center_axis',(0.,-0.266713068468134,0.963775979731967));
#14516=DIRECTION('ref_axis',(1.,0.,0.));
#14517=DIRECTION('',(0.999966242685222,0.00791901886390779,0.00219149041360968));
#14518=DIRECTION('',(1.,0.,0.));
#14519=DIRECTION('center_axis',(0.,-0.313680811822123,0.949528487352862));
#14520=DIRECTION('ref_axis',(1.,0.,0.));
#14521=DIRECTION('center_axis',(0.,-0.21910161217806,0.975702046498302));
#14522=DIRECTION('ref_axis',(1.,0.,0.));
#14523=DIRECTION('',(0.999966242948298,0.00801698005287268,0.00180027628381818));
#14524=DIRECTION('',(1.,0.,0.));
#14525=DIRECTION('center_axis',(0.,-0.266713068468134,0.963775979731967));
#14526=DIRECTION('ref_axis',(1.,0.,0.));
#14527=DIRECTION('center_axis',(0.,-0.170961306291825,0.985277743456632));
#14528=DIRECTION('ref_axis',(1.,0.,0.));
#14529=DIRECTION('',(0.999966242452915,0.00809571938616645,0.00140473564010023));
#14530=DIRECTION('',(1.,0.,0.));
#14531=DIRECTION('center_axis',(0.,-0.21910161217806,0.975702046498302));
#14532=DIRECTION('ref_axis',(1.,0.,0.));
#14533=DIRECTION('center_axis',(0.,-0.122410335166413,0.992479576537697));
#14534=DIRECTION('ref_axis',(1.,0.,0.));
#14535=DIRECTION('',(0.999966242791383,0.00815485371683241,0.00100580243695585));
#14536=DIRECTION('',(1.,0.,0.));
#14537=DIRECTION('center_axis',(0.,-0.170961306291825,0.985277743456632));
#14538=DIRECTION('ref_axis',(1.,0.,0.));
#14539=DIRECTION('center_axis',(0.,-0.073565109921735,0.997290416379403));
#14540=DIRECTION('ref_axis',(1.,0.,0.));
#14541=DIRECTION('',(0.999966242788509,0.00819438303536828,0.00060445851964182));
#14542=DIRECTION('',(1.,0.,0.));
#14543=DIRECTION('center_axis',(0.,-0.122410335166413,0.992479576537697));
#14544=DIRECTION('ref_axis',(1.,0.,0.));
#14545=DIRECTION('center_axis',(0.,-0.073565109921735,0.997290416379403));
#14546=DIRECTION('ref_axis',(1.,0.,0.));
#14547=DIRECTION('',(1.,0.,0.));
#14548=DIRECTION('center_axis',(0.,-0.0245411107341793,0.999698821587748));
#14549=DIRECTION('ref_axis',(1.,0.,0.));
#14550=DIRECTION('center_axis',(-1.,0.,0.));
#14551=DIRECTION('ref_axis',(0.,0.,1.));
#14552=DIRECTION('',(0.,0.,1.));
#14553=DIRECTION('center_axis',(0.,-1.,0.));
#14554=DIRECTION('ref_axis',(0.,0.,-1.));
#14555=DIRECTION('center_axis',(1.,0.,0.));
#14556=DIRECTION('ref_axis',(0.,0.,-1.));
#14557=DIRECTION('',(0.,0.999698821587748,-0.0245411107341793));
#14558=DIRECTION('',(0.,0.997290416379403,-0.073565109921735));
#14559=DIRECTION('',(0.,0.992479576537697,-0.122410335166413));
#14560=DIRECTION('',(0.,0.985277743456632,-0.170961306291825));
#14561=DIRECTION('',(0.,0.975702046498302,-0.21910161217806));
#14562=DIRECTION('',(0.,0.963775979731967,-0.266713068468134));
#14563=DIRECTION('',(0.,0.949528487352862,-0.313680811822123));
#14564=DIRECTION('',(0.,0.932992711065782,-0.359895264067372));
#14565=DIRECTION('',(0.,0.914209486138377,-0.405241922133685));
#14566=DIRECTION('',(0.,0.893223579313669,-0.449612763784658));
#14567=DIRECTION('',(0.,0.870086851612004,-0.492898438475829));
#14568=DIRECTION('',(0.,0.844854643966727,-0.534995916402972));
#14569=DIRECTION('',(0.,0.817584839367805,-0.57580815419367));
#14570=DIRECTION('',(0.,0.788346410849623,-0.615231612078344));
#14571=DIRECTION('',(0.,0.757210175615565,-0.653171302143814));
#14572=DIRECTION('',(0.,0.724245423150629,-0.689542288076203));
#14573=DIRECTION('',(0.,0.68954085699453,-0.72424678565752));
#14574=DIRECTION('',(0.,0.6531744146937,-0.757207490711458));
#14575=DIRECTION('',(0.,0.615227856795795,-0.788349341486661));
#14576=DIRECTION('',(0.,0.575811401157553,-0.817582552588407));
#14577=DIRECTION('',(0.,0.534995592539475,-0.844854849050023));
#14578=DIRECTION('',(0.,0.492900547092756,-0.870085657091106));
#14579=DIRECTION('',(0.,0.449611208352828,-0.893224362253689));
#14580=DIRECTION('',(0.,0.405241202296275,-0.91420980522059));
#14581=DIRECTION('',(0.,0.359891228965552,-0.932994267567419));
#14582=DIRECTION('',(0.,0.313685770082551,-0.949526849355887));
#14583=DIRECTION('',(0.,0.266712665526531,-0.963776091240976));
#14584=DIRECTION('',(0.,0.219100781435845,-0.975702233047666));
#14585=DIRECTION('',(0.,0.170961345048984,-0.98527773673165));
#14586=DIRECTION('',(0.,0.122409142167578,-0.992479723678926));
#14587=DIRECTION('',(0.,0.0735622111850795,-0.997290630200426));
#14588=DIRECTION('',(0.,0.0245440234844057,-0.999698750079841));
#14589=DIRECTION('',(0.,0.,-1.));
#14590=DIRECTION('center_axis',(0.,0.0245411107341793,0.999698821587748));
#14591=DIRECTION('ref_axis',(1.,0.,0.));
#14592=DIRECTION('',(0.,0.999698821587748,-0.0245411107341793));
#14593=DIRECTION('',(1.,0.,0.));
#14594=DIRECTION('',(0.999977438417511,-0.00671531682847288,0.000164850983460107));
#14595=DIRECTION('center_axis',(0.,0.0245411107341793,0.999698821587748));
#14596=DIRECTION('ref_axis',(1.,0.,0.));
#14597=DIRECTION('center_axis',(0.,0.073565109921735,0.997290416379403));
#14598=DIRECTION('ref_axis',(1.,0.,0.));
#14599=DIRECTION('',(0.,0.997290416379403,-0.073565109921735));
#14600=DIRECTION('',(1.,0.,0.));
#14601=DIRECTION('',(0.999977438459118,-0.0066991325748036,0.000494161395869883));
#14602=DIRECTION('center_axis',(0.,0.073565109921735,0.997290416379403));
#14603=DIRECTION('ref_axis',(1.,0.,0.));
#14604=DIRECTION('center_axis',(0.,0.122410335166413,0.992479576537697));
#14605=DIRECTION('ref_axis',(1.,0.,0.));
#14606=DIRECTION('',(0.,0.992479576537697,-0.122410335166413));
#14607=DIRECTION('',(1.,0.,0.));
#14608=DIRECTION('',(0.999977438461039,-0.0066668162741898,0.000822271041045926));
#14609=DIRECTION('center_axis',(0.,0.122410335166413,0.992479576537697));
#14610=DIRECTION('ref_axis',(1.,0.,0.));
#14611=DIRECTION('center_axis',(0.,0.170961306291825,0.985277743456632));
#14612=DIRECTION('ref_axis',(1.,0.,0.));
#14613=DIRECTION('',(0.,0.985277743456632,-0.170961306291825));
#14614=DIRECTION('',(1.,0.,0.));
#14615=DIRECTION('',(0.999977438234821,-0.00661847233992957,0.00114840986148843));
#14616=DIRECTION('center_axis',(0.,0.170961306291825,0.985277743456632));
#14617=DIRECTION('ref_axis',(1.,0.,0.));
#14618=DIRECTION('center_axis',(0.,0.21910161217806,0.975702046498302));
#14619=DIRECTION('ref_axis',(1.,0.,0.));
#14620=DIRECTION('',(0.,0.975702046498302,-0.21910161217806));
#14621=DIRECTION('',(1.,0.,0.));
#14622=DIRECTION('',(0.999977438565914,-0.0065541007772149,0.00147177517134352));
#14623=DIRECTION('center_axis',(0.,0.21910161217806,0.975702046498302));
#14624=DIRECTION('ref_axis',(1.,0.,0.));
#14625=DIRECTION('center_axis',(0.,0.266713068468134,0.963775979731967));
#14626=DIRECTION('ref_axis',(1.,0.,0.));
#14627=DIRECTION('',(0.,0.963775979731967,-0.266713068468134));
#14628=DIRECTION('',(1.,0.,0.));
#14629=DIRECTION('',(0.999977438390085,-0.00647401482265735,0.00179160343790611));
#14630=DIRECTION('center_axis',(0.,0.266713068468134,0.963775979731967));
#14631=DIRECTION('ref_axis',(1.,0.,0.));
#14632=DIRECTION('center_axis',(0.,0.313680811822123,0.949528487352862));
#14633=DIRECTION('ref_axis',(1.,0.,0.));
#14634=DIRECTION('',(0.,0.949528487352862,-0.313680811822123));
#14635=DIRECTION('',(1.,0.,0.));
#14636=DIRECTION('',(0.999977438323726,-0.00637831889486015,0.00210710502702022));
#14637=DIRECTION('center_axis',(0.,0.313680811822123,0.949528487352862));
#14638=DIRECTION('ref_axis',(1.,0.,0.));
#14639=DIRECTION('center_axis',(0.,0.359895264067372,0.932992711065782));
#14640=DIRECTION('ref_axis',(1.,0.,0.));
#14641=DIRECTION('',(0.,0.932992711065782,-0.359895264067372));
#14642=DIRECTION('',(1.,0.,0.));
#14643=DIRECTION('',(0.999977438470676,-0.00626722182352898,0.0024175359854325));
#14644=DIRECTION('center_axis',(0.,0.359895264067372,0.932992711065782));
#14645=DIRECTION('ref_axis',(1.,0.,0.));
#14646=DIRECTION('center_axis',(0.,0.405241922133685,0.914209486138377));
#14647=DIRECTION('ref_axis',(1.,0.,0.));
#14648=DIRECTION('',(0.,0.914209486138377,-0.405241922133685));
#14649=DIRECTION('',(1.,0.,0.));
#14650=DIRECTION('',(0.999977438557487,-0.0061410368505316,0.00272213930716809));
#14651=DIRECTION('center_axis',(0.,0.405241922133685,0.914209486138377));
#14652=DIRECTION('ref_axis',(1.,0.,0.));
#14653=DIRECTION('center_axis',(0.,0.449612763784658,0.893223579313669));
#14654=DIRECTION('ref_axis',(1.,0.,0.));
#14655=DIRECTION('',(0.,0.893223579313669,-0.449612763784658));
#14656=DIRECTION('',(1.,0.,0.));
#14657=DIRECTION('',(0.999977438486785,-0.00600007721892742,0.00302019714190279));
#14658=DIRECTION('center_axis',(0.,0.449612763784658,0.893223579313669));
#14659=DIRECTION('ref_axis',(1.,0.,0.));
#14660=DIRECTION('center_axis',(0.,0.492898438475829,0.870086851612004));
#14661=DIRECTION('ref_axis',(1.,0.,0.));
#14662=DIRECTION('',(0.999977438517808,-0.00584465617392614,0.00331095901083785));
#14663=DIRECTION('center_axis',(0.,0.492898438475829,0.870086851612004));
#14664=DIRECTION('ref_axis',(1.,0.,0.));
#14665=DIRECTION('',(0.,0.870086851612004,-0.492898438475829));
#14666=DIRECTION('',(1.,0.,0.));
#14667=DIRECTION('center_axis',(0.,0.534995916402972,0.844854643966727));
#14668=DIRECTION('ref_axis',(1.,0.,0.));
#14669=DIRECTION('',(0.,0.844854643966727,-0.534995916402972));
#14670=DIRECTION('',(1.,0.,0.));
#14671=DIRECTION('',(0.999977438294087,-0.00567519137162239,0.00359375927007739));
#14672=DIRECTION('center_axis',(0.,0.534995916402972,0.844854643966727));
#14673=DIRECTION('ref_axis',(1.,0.,0.));
#14674=DIRECTION('center_axis',(0.,0.57580815419367,0.817584839367805));
#14675=DIRECTION('ref_axis',(1.,0.,0.));
#14676=DIRECTION('',(0.,0.817584839367805,-0.57580815419367));
#14677=DIRECTION('',(0.999977438411282,0.00549199605905116,-0.00386789964946809));
#14678=DIRECTION('center_axis',(0.,0.615231612078344,0.788346410849623));
#14679=DIRECTION('ref_axis',(1.,0.,0.));
#14680=DIRECTION('',(0.,0.788346410849623,-0.615231612078344));
#14681=DIRECTION('',(1.,0.,0.));
#14682=DIRECTION('',(0.999977438404992,-0.00529559230626917,0.00413272103057386));
#14683=DIRECTION('center_axis',(0.,0.615231612078344,0.788346410849623));
#14684=DIRECTION('ref_axis',(1.,0.,0.));
#14685=DIRECTION('',(1.,0.,0.));
#14686=DIRECTION('center_axis',(0.,0.57580815419367,0.817584839367805));
#14687=DIRECTION('ref_axis',(1.,0.,0.));
#14688=DIRECTION('center_axis',(0.,0.653171302143814,0.757210175615565));
#14689=DIRECTION('ref_axis',(1.,0.,0.));
#14690=DIRECTION('',(0.999977438312663,-0.00508644997897702,0.00438758387439386));
#14691=DIRECTION('center_axis',(0.,0.653171302143814,0.757210175615565));
#14692=DIRECTION('ref_axis',(1.,0.,0.));
#14693=DIRECTION('',(0.,0.757210175615565,-0.653171302143814));
#14694=DIRECTION('',(1.,0.,0.));
#14695=DIRECTION('center_axis',(0.,0.689542288076203,0.724245423150629));
#14696=DIRECTION('ref_axis',(1.,0.,0.));
#14697=DIRECTION('',(0.999977438565675,-0.00486498673749722,0.00463187474743147));
#14698=DIRECTION('center_axis',(0.,0.689542288076203,0.724245423150629));
#14699=DIRECTION('ref_axis',(1.,0.,0.));
#14700=DIRECTION('',(0.,0.724245423150629,-0.689542288076203));
#14701=DIRECTION('',(1.,0.,0.));
#14702=DIRECTION('center_axis',(0.,0.72424678565752,0.68954085699453));
#14703=DIRECTION('ref_axis',(1.,0.,0.));
#14704=DIRECTION('',(0.999977438408457,-0.00463188127261209,0.00486501284036775));
#14705=DIRECTION('center_axis',(0.,0.72424678565752,0.68954085699453));
#14706=DIRECTION('ref_axis',(1.,0.,0.));
#14707=DIRECTION('',(0.,0.68954085699453,-0.72424678565752));
#14708=DIRECTION('',(1.,0.,0.));
#14709=DIRECTION('center_axis',(0.,0.757207490711458,0.6531744146937));
#14710=DIRECTION('ref_axis',(1.,0.,0.));
#14711=DIRECTION('',(0.999977438326345,-0.00438760345218044,0.00508643040132007));
#14712=DIRECTION('center_axis',(0.,0.757207490711458,0.6531744146937));
#14713=DIRECTION('ref_axis',(1.,0.,0.));
#14714=DIRECTION('',(0.,0.6531744146937,-0.757207490711458));
#14715=DIRECTION('',(1.,0.,0.));
#14716=DIRECTION('center_axis',(0.,0.788349341486661,0.615227856795795));
#14717=DIRECTION('ref_axis',(1.,0.,0.));
#14718=DIRECTION('',(0.999977438628333,-0.00413267535013493,0.00529558578154306));
#14719=DIRECTION('center_axis',(0.,0.788349341486661,0.615227856795795));
#14720=DIRECTION('ref_axis',(1.,0.,0.));
#14721=DIRECTION('',(0.,0.615227856795795,-0.788349341486661));
#14722=DIRECTION('',(1.,0.,0.));
#14723=DIRECTION('center_axis',(0.,0.817582552588407,0.575811401157553));
#14724=DIRECTION('ref_axis',(1.,0.,0.));
#14725=DIRECTION('',(0.999977438285077,-0.00386793227852418,0.00549199605835803));
#14726=DIRECTION('center_axis',(0.,0.817582552588407,0.575811401157553));
#14727=DIRECTION('ref_axis',(1.,0.,0.));
#14728=DIRECTION('',(0.,0.575811401157553,-0.817582552588407));
#14729=DIRECTION('',(1.,0.,0.));
#14730=DIRECTION('center_axis',(0.,0.844854849050023,0.534995592539475));
#14731=DIRECTION('ref_axis',(1.,0.,0.));
#14732=DIRECTION('',(0.999977438512582,-0.00359373969313608,0.00567516526922701));
#14733=DIRECTION('center_axis',(0.,0.844854849050023,0.534995592539475));
#14734=DIRECTION('ref_axis',(1.,0.,0.));
#14735=DIRECTION('',(0.,0.534995592539475,-0.844854849050023));
#14736=DIRECTION('',(1.,0.,0.));
#14737=DIRECTION('center_axis',(0.,0.870085657091106,0.492900547092756));
#14738=DIRECTION('ref_axis',(0.,-0.492900547092756,0.870085657091106));
#14739=DIRECTION('',(0.9999774383551,-0.00331098511393452,0.00584466922479284));
#14740=DIRECTION('center_axis',(0.,0.870085657091106,0.492900547092756));
#14741=DIRECTION('ref_axis',(0.,-0.492900547092756,0.870085657091106));
#14742=DIRECTION('',(0.,0.492900547092756,-0.870085657091106));
#14743=DIRECTION('',(1.,0.,0.));
#14744=DIRECTION('center_axis',(0.,0.893224362253689,0.449611208352828));
#14745=DIRECTION('ref_axis',(0.,-0.449611208352828,0.893224362253689));
#14746=DIRECTION('',(0.999977438428183,-0.00302019061581695,0.0060000902703935));
#14747=DIRECTION('center_axis',(0.,0.893224362253689,0.449611208352828));
#14748=DIRECTION('ref_axis',(0.,-0.449611208352828,0.893224362253689));
#14749=DIRECTION('',(0.,0.449611208352828,-0.893224362253689));
#14750=DIRECTION('',(1.,0.,0.));
#14751=DIRECTION('center_axis',(0.,0.91420980522059,0.405241202296275));
#14752=DIRECTION('ref_axis',(0.,-0.405241202296275,0.91420980522059));
#14753=DIRECTION('',(0.999977438477337,-0.00272213930694991,0.00614104990185709));
#14754=DIRECTION('center_axis',(0.,0.91420980522059,0.405241202296275));
#14755=DIRECTION('ref_axis',(0.,-0.405241202296275,0.91420980522059));
#14756=DIRECTION('',(0.,0.405241202296275,-0.91420980522059));
#14757=DIRECTION('',(1.,0.,0.));
#14758=DIRECTION('center_axis',(0.,0.932994267567419,0.359891228965552));
#14759=DIRECTION('ref_axis',(0.,-0.359891228965552,0.932994267567419));
#14760=DIRECTION('',(0.999977438451984,-0.00241750988175191,0.00626723487522953));
#14761=DIRECTION('center_axis',(0.,0.932994267567419,0.359891228965552));
#14762=DIRECTION('ref_axis',(0.,-0.359891228965552,0.932994267567419));
#14763=DIRECTION('',(0.,0.359891228965552,-0.932994267567419));
#14764=DIRECTION('',(1.,0.,0.));
#14765=DIRECTION('center_axis',(0.,0.949526849355887,0.313685770082551));
#14766=DIRECTION('ref_axis',(0.,-0.313685770082551,0.949526849355887));
#14767=DIRECTION('',(0.,0.313685770082551,-0.949526849355887));
#14768=DIRECTION('',(1.,0.,0.));
#14769=DIRECTION('',(0.99997743833822,-0.00210713765659501,0.0063783058431349));
#14770=DIRECTION('center_axis',(0.,0.949526849355887,0.313685770082551));
#14771=DIRECTION('ref_axis',(0.,-0.313685770082551,0.949526849355887));
#14772=DIRECTION('center_axis',(0.,0.963776091240976,0.26671266552653));
#14773=DIRECTION('ref_axis',(0.,-0.266712665526531,0.963776091240976));
#14774=DIRECTION('',(0.,0.266712665526531,-0.963776091240976));
#14775=DIRECTION('',(1.,0.,0.));
#14776=DIRECTION('',(0.999977438486273,-0.00179159691216959,0.00647400177146238));
#14777=DIRECTION('center_axis',(0.,0.963776091240976,0.26671266552653));
#14778=DIRECTION('ref_axis',(0.,-0.266712665526531,0.963776091240976));
#14779=DIRECTION('center_axis',(0.,0.975702233047666,0.219100781435845));
#14780=DIRECTION('ref_axis',(0.,-0.219100781435845,0.975702233047666));
#14781=DIRECTION('',(0.,0.219100781435845,-0.975702233047666));
#14782=DIRECTION('',(1.,0.,0.));
#14783=DIRECTION('',(0.999977438394832,-0.00147177517109172,0.00655412687972898));
#14784=DIRECTION('center_axis',(0.,0.975702233047666,0.219100781435845));
#14785=DIRECTION('ref_axis',(0.,-0.219100781435845,0.975702233047666));
#14786=DIRECTION('center_axis',(0.,0.98527773673165,0.170961345048984));
#14787=DIRECTION('ref_axis',(0.,-0.170961345048984,0.98527773673165));
#14788=DIRECTION('',(0.,0.170961345048984,-0.98527773673165));
#14789=DIRECTION('',(1.,0.,0.));
#14790=DIRECTION('',(0.999977438501458,-0.0011484033358858,0.00661843318624124));
#14791=DIRECTION('center_axis',(0.,0.98527773673165,0.170961345048984));
#14792=DIRECTION('ref_axis',(0.,-0.170961345048984,0.98527773673165));
#14793=DIRECTION('center_axis',(0.,0.992479723678926,0.122409142167578));
#14794=DIRECTION('ref_axis',(0.,-0.122409142167578,0.992479723678926));
#14795=DIRECTION('',(0.,0.122409142167578,-0.992479723678926));
#14796=DIRECTION('',(1.,0.,0.));
#14797=DIRECTION('',(0.999977438379393,-0.000822264515069939,0.00666682932546317));
#14798=DIRECTION('center_axis',(0.,0.992479723678926,0.122409142167578));
#14799=DIRECTION('ref_axis',(0.,-0.122409142167578,0.992479723678926));
#14800=DIRECTION('center_axis',(0.,0.997290630200426,0.0735622111850795));
#14801=DIRECTION('ref_axis',(0.,-0.0735622111850795,0.997290630200426));
#14802=DIRECTION('',(0.,0.0735622111850795,-0.997290630200426));
#14803=DIRECTION('',(1.,0.,0.));
#14804=DIRECTION('',(0.999977438468793,-0.000494141818148112,0.00669913257486841));
#14805=DIRECTION('center_axis',(0.,0.997290630200426,0.0735622111850795));
#14806=DIRECTION('ref_axis',(0.,-0.0735622111850795,0.997290630200426));
#14807=DIRECTION('center_axis',(0.,0.999698750079841,0.0245440234844057));
#14808=DIRECTION('ref_axis',(0.,-0.0245440234844057,0.999698750079841));
#14809=DIRECTION('',(0.999977438414283,-0.000164870561186125,0.0067153168284512));
#14810=DIRECTION('center_axis',(0.,0.999698750079841,0.0245440234844057));
#14811=DIRECTION('ref_axis',(0.,-0.0245440234844057,0.999698750079841));
#14812=DIRECTION('',(0.,0.0245440234844057,-0.999698750079841));
#14813=DIRECTION('center_axis',(-1.,0.,0.));
#14814=DIRECTION('ref_axis',(0.,0.,1.));
#14815=DIRECTION('',(0.,0.,1.));
#14816=DIRECTION('center_axis',(0.,-1.,0.));
#14817=DIRECTION('ref_axis',(0.,0.,-1.));
#14818=DIRECTION('',(0.,0.,1.));
#14819=DIRECTION('center_axis',(-1.,0.,0.));
#14820=DIRECTION('ref_axis',(0.,0.,1.));
#14821=DIRECTION('center_axis',(0.,-0.749776893689064,0.661690720571158));
#14822=DIRECTION('ref_axis',(1.,0.,0.));
#14823=DIRECTION('',(0.,0.661690720571158,0.749776893689064));
#14824=DIRECTION('',(1.,0.,0.));
#14825=DIRECTION('center_axis',(0.,-0.715860584452546,0.698243241017955));
#14826=DIRECTION('ref_axis',(1.,0.,0.));
#14827=DIRECTION('',(0.999988185218316,-0.00339416777621259,-0.00347980586889356));
#14828=DIRECTION('',(0.,0.698243241017955,0.715860584452547));
#14829=DIRECTION('center_axis',(0.,-0.715860584452546,0.698243241017955));
#14830=DIRECTION('ref_axis',(1.,0.,0.));
#14831=DIRECTION('',(1.,0.,0.));
#14832=DIRECTION('center_axis',(0.,-0.680179952778471,0.733045177215072));
#14833=DIRECTION('ref_axis',(1.,0.,0.));
#14834=DIRECTION('',(0.999988185243644,0.00356333653656525,0.00330635839714917));
#14835=DIRECTION('center_axis',(0.,-0.680179952778471,0.733045177215072));
#14836=DIRECTION('ref_axis',(1.,0.,0.));
#14837=DIRECTION('',(1.,0.,0.));
#14838=DIRECTION('',(0.,0.733045177215072,0.680179952778471));
#14839=DIRECTION('center_axis',(0.,-0.642781915640154,0.766049220955138));
#14840=DIRECTION('ref_axis',(1.,0.,0.));
#14841=DIRECTION('',(0.999988184921413,-0.00372382014976705,-0.00312460894664476));
#14842=DIRECTION('',(0.,0.766049220955138,0.642781915640154));
#14843=DIRECTION('center_axis',(0.,-0.642781915640154,0.766049220955138));
#14844=DIRECTION('ref_axis',(1.,0.,0.));
#14845=DIRECTION('',(1.,0.,0.));
#14846=DIRECTION('center_axis',(0.,-0.603802039702943,0.797134302894164));
#14847=DIRECTION('ref_axis',(1.,0.,0.));
#14848=DIRECTION('',(0.999988185376806,0.00387485228361993,0.0029350684118131));
#14849=DIRECTION('center_axis',(0.,-0.603802039702943,0.797134302894164));
#14850=DIRECTION('ref_axis',(1.,0.,0.));
#14851=DIRECTION('',(1.,0.,0.));
#14852=DIRECTION('',(0.,0.797134302894164,0.603802039702943));
#14853=DIRECTION('center_axis',(0.,-0.563328671687705,0.826232901580763));
#14854=DIRECTION('ref_axis',(1.,0.,0.));
#14855=DIRECTION('',(0.999988184970028,-0.00401636907051045,-0.00273837540137837));
#14856=DIRECTION('',(0.,0.826232901580763,0.563328671687705));
#14857=DIRECTION('center_axis',(0.,-0.563328671687705,0.826232901580763));
#14858=DIRECTION('ref_axis',(1.,0.,0.));
#14859=DIRECTION('',(1.,0.,0.));
#14860=DIRECTION('center_axis',(0.,-0.52142822166434,0.853295148030249));
#14861=DIRECTION('ref_axis',(1.,0.,0.));
#14862=DIRECTION('',(0.999988185315786,-0.00414785962584943,-0.00253465764268393));
#14863=DIRECTION('',(0.,0.853295148030248,0.52142822166434));
#14864=DIRECTION('center_axis',(0.,-0.52142822166434,0.853295148030249));
#14865=DIRECTION('ref_axis',(1.,0.,0.));
#14866=DIRECTION('',(1.,0.,0.));
#14867=DIRECTION('center_axis',(0.,-0.478253724104393,0.878221711972711));
#14868=DIRECTION('ref_axis',(1.,0.,0.));
#14869=DIRECTION('',(0.999988185088392,0.00426906849879688,0.00232480919131478));
#14870=DIRECTION('center_axis',(0.,-0.478253724104393,0.878221711972711));
#14871=DIRECTION('ref_axis',(1.,0.,0.));
#14872=DIRECTION('',(1.,0.,0.));
#14873=DIRECTION('',(0.,0.878221711972711,0.478253724104393));
#14874=DIRECTION('center_axis',(0.,-0.433874472637879,0.900973330345134));
#14875=DIRECTION('ref_axis',(1.,0.,0.));
#14876=DIRECTION('',(0.99998818502677,-0.00437967638555472,-0.00210908549466077));
#14877=DIRECTION('',(0.,0.900973330345134,0.433874472637879));
#14878=DIRECTION('center_axis',(0.,-0.433874472637879,0.900973330345134));
#14879=DIRECTION('ref_axis',(1.,0.,0.));
#14880=DIRECTION('',(1.,0.,0.));
#14881=DIRECTION('center_axis',(0.,-0.388446945476463,0.921471090458082));
#14882=DIRECTION('ref_axis',(1.,0.,0.));
#14883=DIRECTION('',(0.999988185115945,-0.00447930011791294,-0.00188825288898718));
#14884=DIRECTION('',(0.,0.921471090458082,0.388446945476463));
#14885=DIRECTION('center_axis',(0.,-0.388446945476463,0.921471090458082));
#14886=DIRECTION('ref_axis',(1.,0.,0.));
#14887=DIRECTION('',(1.,0.,0.));
#14888=DIRECTION('center_axis',(0.,-0.342019413453593,0.939692886437298));
#14889=DIRECTION('ref_axis',(1.,0.,0.));
#14890=DIRECTION('',(0.999988185121175,-0.00456787583347476,-0.00166256681926912));
#14891=DIRECTION('',(0.,0.939692886437298,0.342019413453593));
#14892=DIRECTION('center_axis',(0.,-0.342019413453593,0.939692886437298));
#14893=DIRECTION('ref_axis',(1.,0.,0.));
#14894=DIRECTION('',(1.,0.,0.));
#14895=DIRECTION('center_axis',(0.,-0.294750458591652,0.95557426041099));
#14896=DIRECTION('ref_axis',(1.,0.,0.));
#14897=DIRECTION('',(0.999988185077691,0.00464508422554811,0.00143279362201352));
#14898=DIRECTION('center_axis',(0.,-0.294750458591652,0.95557426041099));
#14899=DIRECTION('ref_axis',(1.,0.,0.));
#14900=DIRECTION('',(1.,0.,0.));
#14901=DIRECTION('',(0.,0.95557426041099,0.294750458591652));
#14902=DIRECTION('center_axis',(0.,-0.246749719512438,0.969079241301006));
#14903=DIRECTION('ref_axis',(1.,0.,0.));
#14904=DIRECTION('',(0.999988185391806,-0.00471066985057069,-0.00119944418867495));
#14905=DIRECTION('',(0.,0.969079241301006,0.246749719512438));
#14906=DIRECTION('center_axis',(0.,-0.246749719512438,0.969079241301006));
#14907=DIRECTION('ref_axis',(1.,0.,0.));
#14908=DIRECTION('',(1.,0.,0.));
#14909=DIRECTION('center_axis',(0.,-0.198162085406223,0.98016926492696));
#14910=DIRECTION('ref_axis',(1.,0.,0.));
#14911=DIRECTION('',(0.999988184804672,-0.00476469656397052,-0.000963284854187526));
#14912=DIRECTION('',(0.,0.98016926492696,0.198162085406223));
#14913=DIRECTION('center_axis',(0.,-0.198162085406223,0.98016926492696));
#14914=DIRECTION('ref_axis',(1.,0.,0.));
#14915=DIRECTION('',(1.,0.,0.));
#14916=DIRECTION('center_axis',(0.,-0.149031660544921,0.988832424708668));
#14917=DIRECTION('ref_axis',(1.,0.,0.));
#14918=DIRECTION('',(0.999988185255308,-0.00480671734537657,-0.000724443343332516));
#14919=DIRECTION('',(0.,0.988832424708668,0.149031660544921));
#14920=DIRECTION('center_axis',(0.,-0.149031660544921,0.988832424708668));
#14921=DIRECTION('ref_axis',(1.,0.,0.));
#14922=DIRECTION('',(1.,0.,0.));
#14923=DIRECTION('center_axis',(0.,-0.0995817628876313,0.995029382732084));
#14924=DIRECTION('ref_axis',(1.,0.,0.));
#14925=DIRECTION('',(0.999988185161835,-0.00483685990998553,-0.000484069159198447));
#14926=DIRECTION('',(0.,0.995029382732084,0.0995817628876313));
#14927=DIRECTION('center_axis',(0.,-0.0995817628876313,0.995029382732084));
#14928=DIRECTION('ref_axis',(1.,0.,0.));
#14929=DIRECTION('',(1.,0.,0.));
#14930=DIRECTION('center_axis',(0.,-0.0498432633855237,0.998757052087784));
#14931=DIRECTION('ref_axis',(1.,0.,0.));
#14932=DIRECTION('',(0.999988185082285,0.0048549965377276,0.000242290025046544));
#14933=DIRECTION('center_axis',(0.,-0.0498432633855237,0.998757052087784));
#14934=DIRECTION('ref_axis',(1.,0.,0.));
#14935=DIRECTION('',(1.,0.,0.));
#14936=DIRECTION('',(0.,0.998757052087784,0.0498432633855237));
#14937=DIRECTION('center_axis',(0.,0.,1.));
#14938=DIRECTION('ref_axis',(1.,0.,0.));
#14939=DIRECTION('',(0.999988185272102,0.00486099950711482,0.));
#14940=DIRECTION('center_axis',(0.,0.,1.));
#14941=DIRECTION('ref_axis',(1.,0.,0.));
#14942=DIRECTION('',(1.,0.,0.));
#14943=DIRECTION('',(0.,1.,0.));
#14944=DIRECTION('center_axis',(0.,0.0498432633855237,0.998757052087784));
#14945=DIRECTION('ref_axis',(1.,0.,0.));
#14946=DIRECTION('',(0.999988185082285,-0.0048549965377276,0.000242290025046544));
#14947=DIRECTION('',(0.,0.998757052087784,-0.0498432633855237));
#14948=DIRECTION('center_axis',(0.,0.0498432633855237,0.998757052087784));
#14949=DIRECTION('ref_axis',(1.,0.,0.));
#14950=DIRECTION('',(1.,0.,0.));
#14951=DIRECTION('center_axis',(0.,0.0995804611583571,0.995029513007272));
#14952=DIRECTION('ref_axis',(1.,0.,0.));
#14953=DIRECTION('',(0.999988184852948,-0.0048369237698581,0.000484069159048922));
#14954=DIRECTION('',(0.,0.995029513007272,-0.0995804611583571));
#14955=DIRECTION('center_axis',(0.,0.0995804611583571,0.995029513007272));
#14956=DIRECTION('ref_axis',(1.,0.,0.));
#14957=DIRECTION('',(1.,0.,0.));
#14958=DIRECTION('center_axis',(0.,0.149031660544921,0.988832424708668));
#14959=DIRECTION('ref_axis',(1.,0.,0.));
#14960=DIRECTION('',(0.999988185255308,0.00480671734537657,-0.000724443343332516));
#14961=DIRECTION('center_axis',(0.,0.149031660544921,0.988832424708668));
#14962=DIRECTION('ref_axis',(1.,0.,0.));
#14963=DIRECTION('',(1.,0.,0.));
#14964=DIRECTION('',(0.,0.988832424708668,-0.149031660544921));
#14965=DIRECTION('center_axis',(0.,0.198164637115323,0.98016874904118));
#14966=DIRECTION('ref_axis',(1.,0.,0.));
#14967=DIRECTION('',(0.999988185108947,-0.00476463270405366,0.000963284854480632));
#14968=DIRECTION('',(0.,0.98016874904118,-0.198164637115323));
#14969=DIRECTION('center_axis',(0.,0.198164637115323,0.98016874904118));
#14970=DIRECTION('ref_axis',(1.,0.,0.));
#14971=DIRECTION('',(1.,0.,0.));
#14972=DIRECTION('center_axis',(0.,0.246746578096521,0.969080041171862));
#14973=DIRECTION('ref_axis',(1.,0.,0.));
#14974=DIRECTION('',(0.999988185090978,-0.00471073371052022,0.00119944418831412));
#14975=DIRECTION('',(0.,0.969080041171862,-0.246746578096522));
#14976=DIRECTION('center_axis',(0.,0.246746578096521,0.969080041171862));
#14977=DIRECTION('ref_axis',(1.,0.,0.));
#14978=DIRECTION('',(1.,0.,0.));
#14979=DIRECTION('center_axis',(0.,0.29475415885968,0.955573119041616));
#14980=DIRECTION('ref_axis',(1.,0.,0.));
#14981=DIRECTION('',(0.999988185374327,0.00464502036555937,-0.00143279362243854));
#14982=DIRECTION('center_axis',(0.,0.29475415885968,0.955573119041616));
#14983=DIRECTION('ref_axis',(1.,0.,0.));
#14984=DIRECTION('',(1.,0.,0.));
#14985=DIRECTION('',(0.,0.955573119041616,-0.29475415885968));
#14986=DIRECTION('center_axis',(0.,0.342019413453593,0.939692886437298));
#14987=DIRECTION('ref_axis',(1.,0.,0.));
#14988=DIRECTION('',(0.999988185121175,-0.00456787583347476,0.00166256681926912));
#14989=DIRECTION('',(0.,0.939692886437298,-0.342019413453593));
#14990=DIRECTION('center_axis',(0.,0.342019413453593,0.939692886437298));
#14991=DIRECTION('ref_axis',(1.,0.,0.));
#14992=DIRECTION('',(1.,0.,0.));
#14993=DIRECTION('center_axis',(0.,0.388442243089158,0.921473072739439));
#14994=DIRECTION('ref_axis',(1.,0.,0.));
#14995=DIRECTION('',(1.,0.,0.));
#14996=DIRECTION('',(0.999988184829892,-0.00447936397799824,0.00188825288844704));
#14997=DIRECTION('center_axis',(0.,0.388442243089158,0.921473072739439));
#14998=DIRECTION('ref_axis',(1.,0.,0.));
#14999=DIRECTION('',(0.,0.921473072739439,-0.388442243089158));
#15000=DIRECTION('center_axis',(0.,0.433879608208446,0.900970857231734));
#15001=DIRECTION('ref_axis',(1.,0.,0.));
#15002=DIRECTION('',(1.,0.,0.));
#15003=DIRECTION('',(0.999988185306457,-0.00437961252541301,0.00210908549525066));
#15004=DIRECTION('center_axis',(0.,0.433879608208446,0.900970857231734));
#15005=DIRECTION('ref_axis',(1.,0.,0.));
#15006=DIRECTION('',(0.,0.900970857231734,-0.433879608208446));
#15007=DIRECTION('center_axis',(0.,0.478253724104393,0.878221711972711));
#15008=DIRECTION('ref_axis',(1.,0.,0.));
#15009=DIRECTION('',(1.,0.,0.));
#15010=DIRECTION('',(0.999988185088392,-0.00426906849879688,0.00232480919131478));
#15011=DIRECTION('center_axis',(0.,0.478253724104393,0.878221711972711));
#15012=DIRECTION('ref_axis',(1.,0.,0.));
#15013=DIRECTION('',(0.,0.878221711972711,-0.478253724104393));
#15014=DIRECTION('center_axis',(0.,0.52142822166434,0.853295148030249));
#15015=DIRECTION('ref_axis',(1.,0.,0.));
#15016=DIRECTION('',(1.,0.,0.));
#15017=DIRECTION('',(0.999988185315786,-0.00414785962584943,0.00253465764268393));
#15018=DIRECTION('center_axis',(0.,0.52142822166434,0.853295148030249));
#15019=DIRECTION('ref_axis',(1.,0.,0.));
#15020=DIRECTION('',(0.,0.853295148030248,-0.52142822166434));
#15021=DIRECTION('center_axis',(0.,0.563328671687705,0.826232901580763));
#15022=DIRECTION('ref_axis',(1.,0.,0.));
#15023=DIRECTION('',(1.,0.,0.));
#15024=DIRECTION('',(0.999988184970028,-0.00401636907051045,0.00273837540137837));
#15025=DIRECTION('center_axis',(0.,0.563328671687705,0.826232901580763));
#15026=DIRECTION('ref_axis',(1.,0.,0.));
#15027=DIRECTION('',(0.,0.826232901580763,-0.563328671687705));
#15028=DIRECTION('center_axis',(0.,0.603795716496129,0.797139092468138));
#15029=DIRECTION('ref_axis',(1.,0.,0.));
#15030=DIRECTION('',(1.,0.,0.));
#15031=DIRECTION('',(0.999988185129354,-0.00387491614402772,0.0029350684110868));
#15032=DIRECTION('center_axis',(0.,0.603795716496129,0.797139092468138));
#15033=DIRECTION('ref_axis',(1.,0.,0.));
#15034=DIRECTION('',(0.,0.797139092468138,-0.603795716496129));
#15035=DIRECTION('center_axis',(0.,0.642788384523845,0.766043792952612));
#15036=DIRECTION('ref_axis',(1.,0.,0.));
#15037=DIRECTION('',(0.999988185159217,0.00372375628928595,-0.00312460894738781));
#15038=DIRECTION('center_axis',(0.,0.680173402431657,0.733051255114227));
#15039=DIRECTION('ref_axis',(1.,0.,0.));
#15040=DIRECTION('',(0.999988185016085,0.00356340039712102,-0.00330635839639677));
#15041=DIRECTION('',(1.,0.,0.));
#15042=DIRECTION('center_axis',(0.,0.642788384523845,0.766043792952612));
#15043=DIRECTION('ref_axis',(1.,0.,0.));
#15044=DIRECTION('',(0.,0.766043792952612,-0.642788384523845));
#15045=DIRECTION('center_axis',(0.,0.680173402431657,0.733051255114227));
#15046=DIRECTION('ref_axis',(1.,0.,0.));
#15047=DIRECTION('',(1.,0.,0.));
#15048=DIRECTION('',(0.,0.733051255114227,-0.680173402431656));
#15049=DIRECTION('center_axis',(0.,0.715860584452546,0.698243241017955));
#15050=DIRECTION('ref_axis',(1.,0.,0.));
#15051=DIRECTION('',(1.,0.,0.));
#15052=DIRECTION('',(0.999988185218316,-0.00339416777621259,0.00347980586889356));
#15053=DIRECTION('center_axis',(0.,0.715860584452546,0.698243241017955));
#15054=DIRECTION('ref_axis',(1.,0.,0.));
#15055=DIRECTION('',(0.,0.698243241017955,-0.715860584452547));
#15056=DIRECTION('center_axis',(0.,0.749783411434716,0.661683335091129));
#15057=DIRECTION('ref_axis',(1.,0.,0.));
#15058=DIRECTION('',(0.999988185277779,-0.00321644159301,0.00364469591780698));
#15059=DIRECTION('',(0.,0.661683335091129,-0.749783411434716));
#15060=DIRECTION('center_axis',(0.,0.749783411434716,0.661683335091129));
#15061=DIRECTION('ref_axis',(1.,0.,0.));
#15062=DIRECTION('',(1.,0.,0.));
#15063=DIRECTION('center_axis',(0.,0.781832995855901,0.623487904125642));
#15064=DIRECTION('ref_axis',(1.,0.,0.));
#15065=DIRECTION('',(0.999988185098979,0.00303079659959829,-0.00380051765176876));
#15066=DIRECTION('center_axis',(0.,0.781832995855901,0.623487904125642));
#15067=DIRECTION('ref_axis',(1.,0.,0.));
#15068=DIRECTION('',(1.,0.,0.));
#15069=DIRECTION('',(0.,0.623487904125642,-0.781832995855901));
#15070=DIRECTION('center_axis',(0.,0.811938316861467,0.583743239457356));
#15071=DIRECTION('ref_axis',(1.,0.,0.));
#15072=DIRECTION('',(0.999988184935958,-0.002837615965035,0.00394688790347534));
#15073=DIRECTION('',(0.,0.583743239457356,-0.811938316861467));
#15074=DIRECTION('center_axis',(0.,0.811938316861467,0.583743239457356));
#15075=DIRECTION('ref_axis',(1.,0.,0.));
#15076=DIRECTION('',(1.,0.,0.));
#15077=DIRECTION('center_axis',(0.,0.84002665465486,0.542545131274224));
#15078=DIRECTION('ref_axis',(1.,0.,0.));
#15079=DIRECTION('',(0.999988184957581,0.0026373467193264,-0.00408342350542808));
#15080=DIRECTION('center_axis',(0.,0.84002665465486,0.542545131274224));
#15081=DIRECTION('ref_axis',(1.,0.,0.));
#15082=DIRECTION('',(1.,0.,0.));
#15083=DIRECTION('',(0.,0.542545131274224,-0.84002665465486));
#15084=DIRECTION('center_axis',(0.,0.86602500412366,0.500000692232136));
#15085=DIRECTION('ref_axis',(1.,0.,0.));
#15086=DIRECTION('',(0.999988185304816,-0.00243049975363692,0.00420974129009553));
#15087=DIRECTION('',(0.,0.500000692232136,-0.86602500412366));
#15088=DIRECTION('center_axis',(0.,0.86602500412366,0.500000692232136));
#15089=DIRECTION('ref_axis',(1.,0.,0.));
#15090=DIRECTION('',(1.,0.,0.));
#15091=DIRECTION('center_axis',(0.,0.889872987434442,0.456208358356685));
#15092=DIRECTION('ref_axis',(0.,-0.456208358356685,0.889872987434442));
#15093=DIRECTION('',(0.99998818504607,-0.00221764981799199,0.0043257135308272));
#15094=DIRECTION('',(0.,0.456208358356685,-0.889872987434442));
#15095=DIRECTION('center_axis',(0.,0.889872987434442,0.456208358356685));
#15096=DIRECTION('ref_axis',(0.,-0.456208358356685,0.889872987434442));
#15097=DIRECTION('',(1.,0.,0.));
#15098=DIRECTION('center_axis',(0.,0.911507579071646,0.411283276215977));
#15099=DIRECTION('ref_axis',(0.,-0.411283276215977,0.911507579071646));
#15100=DIRECTION('',(0.999988185317705,-0.0019992439446212,0.00443082934152265));
#15101=DIRECTION('',(0.,0.411283276215977,-0.911507579071646));
#15102=DIRECTION('center_axis',(0.,0.911507579071646,0.411283276215977));
#15103=DIRECTION('ref_axis',(0.,-0.411283276215977,0.911507579071646));
#15104=DIRECTION('',(1.,0.,0.));
#15105=DIRECTION('center_axis',(0.,0.930872478462785,0.365344260719327));
#15106=DIRECTION('ref_axis',(0.,-0.365344260719327,0.930872478462785));
#15107=DIRECTION('',(0.999988184655597,0.00177598460560604,-0.00452508871571494));
#15108=DIRECTION('center_axis',(0.,0.930872478462785,0.365344260719327));
#15109=DIRECTION('ref_axis',(0.,-0.365344260719327,0.930872478462785));
#15110=DIRECTION('',(1.,0.,0.));
#15111=DIRECTION('',(0.,0.365344260719327,-0.930872478462785));
#15112=DIRECTION('center_axis',(0.,0.947929149670939,0.318481282345024));
#15113=DIRECTION('ref_axis',(0.,-0.318481282345024,0.947929149670939));
#15114=DIRECTION('',(0.999988185426349,-0.00154812725071145,0.00460785305040154));
#15115=DIRECTION('',(0.,0.318481282345024,-0.947929149670939));
#15116=DIRECTION('center_axis',(0.,0.947929149670939,0.318481282345024));
#15117=DIRECTION('ref_axis',(0.,-0.318481282345024,0.947929149670939));
#15118=DIRECTION('',(1.,0.,0.));
#15119=DIRECTION('center_axis',(0.,0.962624613391354,0.270839165729674));
#15120=DIRECTION('ref_axis',(0.,-0.270839165729674,0.962624613391354));
#15121=DIRECTION('',(0.999988184969073,-0.00131656593457935,0.0046793777789274));
#15122=DIRECTION('',(0.,0.270839165729674,-0.962624613391354));
#15123=DIRECTION('center_axis',(0.,0.962624613391354,0.270839165729674));
#15124=DIRECTION('ref_axis',(0.,-0.270839165729674,0.962624613391354));
#15125=DIRECTION('',(1.,0.,0.));
#15126=DIRECTION('center_axis',(0.,0.974927764647018,0.222521580347543));
#15127=DIRECTION('ref_axis',(0.,-0.222521580347543,0.974927764647018));
#15128=DIRECTION('',(0.999988185129324,-0.00108168382826342,0.00473915201885868));
#15129=DIRECTION('',(0.,0.222521580347543,-0.974927764647018));
#15130=DIRECTION('center_axis',(0.,0.974927764647018,0.222521580347543));
#15131=DIRECTION('ref_axis',(0.,-0.222521580347543,0.974927764647018));
#15132=DIRECTION('',(1.,0.,0.));
#15133=DIRECTION('center_axis',(0.,0.984807355643159,0.173650431243714));
#15134=DIRECTION('ref_axis',(0.,-0.173650431243714,0.984807355643159));
#15135=DIRECTION('',(0.999988185135392,-0.000844119544342463,0.00478717576660612));
#15136=DIRECTION('',(0.,0.173650431243714,-0.984807355643159));
#15137=DIRECTION('center_axis',(0.,0.984807355643159,0.173650431243714));
#15138=DIRECTION('ref_axis',(0.,-0.173650431243714,0.984807355643159));
#15139=DIRECTION('',(1.,0.,0.));
#15140=DIRECTION('center_axis',(0.,0.992239022390552,0.124345174596528));
#15141=DIRECTION('ref_axis',(0.,-0.124345174596528,0.992239022390552));
#15142=DIRECTION('',(0.999988185037431,-0.000604447835256373,0.00482332129965592));
#15143=DIRECTION('',(0.,0.124345174596528,-0.992239022390552));
#15144=DIRECTION('center_axis',(0.,0.992239022390552,0.124345174596528));
#15145=DIRECTION('ref_axis',(0.,-0.124345174596528,0.992239022390552));
#15146=DIRECTION('',(1.,0.,0.));
#15147=DIRECTION('center_axis',(0.,0.997204011033883,0.0747272398656293));
#15148=DIRECTION('ref_axis',(0.,-0.0747272398656293,0.997204011033883));
#15149=DIRECTION('',(0.999988185637846,0.000363243453671691,-0.00484733317642336));
#15150=DIRECTION('center_axis',(0.,0.997204011033883,0.0747272398656293));
#15151=DIRECTION('ref_axis',(0.,-0.0747272398656293,0.997204011033883));
#15152=DIRECTION('',(0.,0.0747272398656293,-0.997204011033883));
#15153=DIRECTION('center_axis',(0.,0.,-1.));
#15154=DIRECTION('ref_axis',(-1.,0.,0.));
#15155=DIRECTION('',(0.,1.,0.));
#15156=DIRECTION('center_axis',(-1.,0.,0.));
#15157=DIRECTION('ref_axis',(0.,0.,1.));
#15158=DIRECTION('',(0.,0.999698821587748,0.0245411107341793));
#15159=DIRECTION('',(0.,0.997290416379403,0.073565109921735));
#15160=DIRECTION('',(0.,0.992479576537697,0.122410335166413));
#15161=DIRECTION('',(0.,0.985277743456632,0.170961306291825));
#15162=DIRECTION('',(0.,0.975702046498302,0.21910161217806));
#15163=DIRECTION('',(0.,0.963775979731967,0.266713068468134));
#15164=DIRECTION('',(0.,0.949528487352862,0.313680811822123));
#15165=DIRECTION('',(0.,0.932992711065782,0.359895264067372));
#15166=DIRECTION('',(0.,0.914209486138377,0.405241922133685));
#15167=DIRECTION('',(0.,0.893223579313669,0.449612763784658));
#15168=DIRECTION('',(0.,0.870086851612004,0.492898438475829));
#15169=DIRECTION('',(0.,0.844854643966727,0.534995916402972));
#15170=DIRECTION('',(0.,0.817584839367805,0.57580815419367));
#15171=DIRECTION('',(0.,0.788346410849623,0.615231612078344));
#15172=DIRECTION('',(0.,0.757210175615565,0.653171302143814));
#15173=DIRECTION('',(0.,0.724245423150629,0.689542288076203));
#15174=DIRECTION('',(0.,0.68954085699453,0.72424678565752));
#15175=DIRECTION('',(0.,0.6531744146937,0.757207490711458));
#15176=DIRECTION('',(0.,0.615227856795795,0.788349341486661));
#15177=DIRECTION('',(0.,0.575811401157553,0.817582552588407));
#15178=DIRECTION('',(0.,0.534995592539475,0.844854849050023));
#15179=DIRECTION('',(0.,0.492900547092756,0.870085657091106));
#15180=DIRECTION('',(0.,0.449611208352828,0.893224362253689));
#15181=DIRECTION('',(0.,0.405241202296275,0.91420980522059));
#15182=DIRECTION('',(0.,0.359891228965552,0.932994267567419));
#15183=DIRECTION('',(0.,0.313685770082551,0.949526849355887));
#15184=DIRECTION('',(0.,0.266712665526531,0.963776091240976));
#15185=DIRECTION('',(0.,0.219100781435845,0.975702233047666));
#15186=DIRECTION('',(0.,0.170961345048984,0.98527773673165));
#15187=DIRECTION('',(0.,0.122409142167578,0.992479723678926));
#15188=DIRECTION('',(0.,0.0735622111850795,0.997290630200426));
#15189=DIRECTION('',(0.,0.0245440234844057,0.999698750079841));
#15190=DIRECTION('center_axis',(0.,-0.999698750079841,0.0245440234844057));
#15191=DIRECTION('ref_axis',(0.,-0.0245440234844057,-0.999698750079841));
#15192=DIRECTION('',(1.,0.,0.));
#15193=DIRECTION('center_axis',(0.,-0.997290630200426,0.0735622111850795));
#15194=DIRECTION('ref_axis',(0.,-0.0735622111850795,-0.997290630200426));
#15195=DIRECTION('',(0.999966242802984,0.000604434572163558,0.00819438303548689));
#15196=DIRECTION('center_axis',(0.,-0.992479723678926,0.122409142167578));
#15197=DIRECTION('ref_axis',(0.,-0.122409142167578,-0.992479723678926));
#15198=DIRECTION('',(1.,0.,0.));
#15199=DIRECTION('',(0.999966242669224,-0.00100579445433731,-0.00815486968082752));
#15200=DIRECTION('center_axis',(0.,-0.992479723678926,0.122409142167578));
#15201=DIRECTION('ref_axis',(0.,-0.122409142167578,-0.992479723678926));
#15202=DIRECTION('',(1.,0.,0.));
#15203=DIRECTION('center_axis',(0.,-0.997290630200426,0.0735622111850795));
#15204=DIRECTION('ref_axis',(0.,-0.0735622111850795,-0.997290630200426));
#15205=DIRECTION('center_axis',(0.,-0.98527773673165,0.170961345048984));
#15206=DIRECTION('ref_axis',(0.,-0.170961345048984,-0.98527773673165));
#15207=DIRECTION('',(1.,0.,0.));
#15208=DIRECTION('',(0.999966242851858,-0.00140472765816499,-0.00809567149442226));
#15209=DIRECTION('center_axis',(0.,-0.98527773673165,0.170961345048984));
#15210=DIRECTION('ref_axis',(0.,-0.170961345048984,-0.98527773673165));
#15211=DIRECTION('center_axis',(0.,-0.975702233047666,0.219100781435845));
#15212=DIRECTION('ref_axis',(0.,-0.219100781435845,-0.975702233047666));
#15213=DIRECTION('',(0.999966242692324,0.00180027628335734,0.00801701198080315));
#15214=DIRECTION('center_axis',(0.,-0.963776091240976,0.266712665526531));
#15215=DIRECTION('ref_axis',(0.,-0.266712665526531,-0.963776091240975));
#15216=DIRECTION('',(1.,0.,0.));
#15217=DIRECTION('',(0.999966242829138,-0.00219148243142941,-0.00791900290005615));
#15218=DIRECTION('center_axis',(0.,-0.963776091240976,0.266712665526531));
#15219=DIRECTION('ref_axis',(0.,-0.266712665526531,-0.963776091240975));
#15220=DIRECTION('',(1.,0.,0.));
#15221=DIRECTION('center_axis',(0.,-0.975702233047666,0.219100781435845));
#15222=DIRECTION('ref_axis',(0.,-0.219100781435845,-0.975702233047666));
#15223=DIRECTION('center_axis',(0.,-0.949526849355887,0.313685770082551));
#15224=DIRECTION('ref_axis',(0.,-0.313685770082551,-0.949526849355887));
#15225=DIRECTION('',(1.,0.,0.));
#15226=DIRECTION('',(0.99996624260762,-0.00257745206152427,-0.00780194758181385));
#15227=DIRECTION('center_axis',(0.,-0.949526849355887,0.313685770082551));
#15228=DIRECTION('ref_axis',(0.,-0.313685770082551,-0.949526849355887));
#15229=DIRECTION('center_axis',(0.,-0.932994267567419,0.359891228965552));
#15230=DIRECTION('ref_axis',(0.,-0.359891228965552,-0.932994267567419));
#15231=DIRECTION('',(1.,0.,0.));
#15232=DIRECTION('',(0.999966242777834,-0.00295709955603822,-0.00766608550683491));
#15233=DIRECTION('center_axis',(0.,-0.932994267567419,0.359891228965552));
#15234=DIRECTION('ref_axis',(0.,-0.359891228965552,-0.932994267567419));
#15235=DIRECTION('center_axis',(0.,-0.91420980522059,0.405241202296275));
#15236=DIRECTION('ref_axis',(0.,-0.405241202296275,-0.91420980522059));
#15237=DIRECTION('',(0.999966242815768,0.00332972245404997,0.00751173597084068));
#15238=DIRECTION('center_axis',(0.,-0.893224362253689,0.449611208352828));
#15239=DIRECTION('ref_axis',(0.,-0.449611208352828,-0.893224362253689));
#15240=DIRECTION('',(0.999966242742224,-0.00369429899604196,-0.0073393140638178));
#15241=DIRECTION('',(1.,0.,0.));
#15242=DIRECTION('center_axis',(0.,-0.91420980522059,0.405241202296275));
#15243=DIRECTION('ref_axis',(0.,-0.405241202296275,-0.91420980522059));
#15244=DIRECTION('center_axis',(0.,-0.893224362253689,0.449611208352828));
#15245=DIRECTION('ref_axis',(0.,-0.449611208352828,-0.893224362253689));
#15246=DIRECTION('',(1.,0.,0.));
#15247=DIRECTION('center_axis',(0.,-0.870085657091106,0.492900547092756));
#15248=DIRECTION('ref_axis',(0.,-0.492900547092756,-0.870085657091106));
#15249=DIRECTION('',(1.,0.,0.));
#15250=DIRECTION('',(0.999966242632877,-0.00404999900265102,-0.00714920294616106));
#15251=DIRECTION('center_axis',(0.,-0.870085657091106,0.492900547092756));
#15252=DIRECTION('ref_axis',(0.,-0.492900547092756,-0.870085657091106));
#15253=DIRECTION('center_axis',(0.,-0.844854849050023,0.534995592539475));
#15254=DIRECTION('ref_axis',(1.,0.,0.));
#15255=DIRECTION('',(0.999966242868502,-0.00439586457603558,-0.00694186560528879));
#15256=DIRECTION('center_axis',(0.,-0.844854849050023,0.534995592539475));
#15257=DIRECTION('ref_axis',(1.,0.,0.));
#15258=DIRECTION('',(1.,0.,0.));
#15259=DIRECTION('center_axis',(0.,-0.817582552588407,0.575811401157553));
#15260=DIRECTION('ref_axis',(1.,0.,0.));
#15261=DIRECTION('',(1.,0.,0.));
#15262=DIRECTION('',(0.999966242528107,-0.00473125711253501,-0.00671781291451022));
#15263=DIRECTION('center_axis',(0.,-0.817582552588407,0.575811401157553));
#15264=DIRECTION('ref_axis',(1.,0.,0.));
#15265=DIRECTION('center_axis',(0.,-0.788349341486661,0.615227856795795));
#15266=DIRECTION('ref_axis',(1.,0.,0.));
#15267=DIRECTION('',(0.999966243041688,0.00505509099939954,0.00647756374571075));
#15268=DIRECTION('center_axis',(0.,-0.757207490711458,0.6531744146937));
#15269=DIRECTION('ref_axis',(1.,0.,0.));
#15270=DIRECTION('',(0.999966242589853,-0.00536691920791788,-0.00622172475660171));
#15271=DIRECTION('',(1.,0.,0.));
#15272=DIRECTION('center_axis',(0.,-0.788349341486661,0.615227856795795));
#15273=DIRECTION('ref_axis',(1.,0.,0.));
#15274=DIRECTION('center_axis',(0.,-0.757207490711458,0.6531744146937));
#15275=DIRECTION('ref_axis',(1.,0.,0.));
#15276=DIRECTION('',(1.,0.,0.));
#15277=DIRECTION('center_axis',(0.,-0.724246785657519,0.68954085699453));
#15278=DIRECTION('ref_axis',(1.,0.,0.));
#15279=DIRECTION('',(0.999966242712709,-0.00566571998648513,-0.00595088666178917));
#15280=DIRECTION('center_axis',(0.,-0.724246785657519,0.68954085699453));
#15281=DIRECTION('ref_axis',(1.,0.,0.));
#15282=DIRECTION('',(1.,0.,0.));
#15283=DIRECTION('center_axis',(0.,-0.689542288076203,0.724245423150629));
#15284=DIRECTION('ref_axis',(1.,0.,0.));
#15285=DIRECTION('',(0.999966242947939,-0.00595085473320636,-0.00566571200532225));
#15286=DIRECTION('center_axis',(0.,-0.689542288076203,0.724245423150629));
#15287=DIRECTION('ref_axis',(1.,0.,0.));
#15288=DIRECTION('',(1.,0.,0.));
#15289=DIRECTION('center_axis',(0.,-0.653171302143814,0.757210175615565));
#15290=DIRECTION('ref_axis',(1.,0.,0.));
#15291=DIRECTION('',(0.999966242569383,-0.00622174870396135,-0.00536689526032101));
#15292=DIRECTION('center_axis',(0.,-0.653171302143814,0.757210175615565));
#15293=DIRECTION('ref_axis',(1.,0.,0.));
#15294=DIRECTION('',(1.,0.,0.));
#15295=DIRECTION('center_axis',(0.,-0.615231612078344,0.788346410849623));
#15296=DIRECTION('ref_axis',(1.,0.,0.));
#15297=DIRECTION('',(0.999966242707525,-0.00647757172604179,-0.00505514687517994));
#15298=DIRECTION('center_axis',(0.,-0.615231612078344,0.788346410849623));
#15299=DIRECTION('ref_axis',(1.,0.,0.));
#15300=DIRECTION('',(1.,0.,0.));
#15301=DIRECTION('center_axis',(0.,-0.57580815419367,0.817584839367805));
#15302=DIRECTION('ref_axis',(1.,0.,0.));
#15303=DIRECTION('',(0.999966242716936,-0.00671781291577878,-0.00473121720095009));
#15304=DIRECTION('center_axis',(0.,-0.57580815419367,0.817584839367805));
#15305=DIRECTION('ref_axis',(1.,0.,0.));
#15306=DIRECTION('',(1.,0.,0.));
#15307=DIRECTION('center_axis',(0.,-0.534995916402972,0.844854643966726));
#15308=DIRECTION('ref_axis',(1.,0.,0.));
#15309=DIRECTION('',(0.999966242541589,-0.00694189753300201,-0.00439588852208547));
#15310=DIRECTION('center_axis',(0.,-0.534995916402972,0.844854643966726));
#15311=DIRECTION('ref_axis',(1.,0.,0.));
#15312=DIRECTION('',(1.,0.,0.));
#15313=DIRECTION('center_axis',(0.,-0.492898438475829,0.870086851612004));
#15314=DIRECTION('ref_axis',(1.,0.,0.));
#15315=DIRECTION('',(0.999966242876321,-0.00714918698291021,-0.00404996707365432));
#15316=DIRECTION('center_axis',(0.,-0.492898438475829,0.870086851612004));
#15317=DIRECTION('ref_axis',(1.,0.,0.));
#15318=DIRECTION('',(1.,0.,0.));
#15319=DIRECTION('center_axis',(0.,-0.449612763784658,0.893223579313669));
#15320=DIRECTION('ref_axis',(1.,0.,0.));
#15321=DIRECTION('',(0.999966242829903,-0.00733929809946999,-0.00369430697886156));
#15322=DIRECTION('center_axis',(0.,-0.449612763784658,0.893223579313669));
#15323=DIRECTION('ref_axis',(1.,0.,0.));
#15324=DIRECTION('',(1.,0.,0.));
#15325=DIRECTION('center_axis',(0.,-0.405241922133685,0.914209486138377));
#15326=DIRECTION('ref_axis',(1.,0.,0.));
#15327=DIRECTION('',(0.999966242935689,-0.00751172000675017,-0.00332972245444929));
#15328=DIRECTION('center_axis',(0.,-0.405241922133685,0.914209486138377));
#15329=DIRECTION('ref_axis',(1.,0.,0.));
#15330=DIRECTION('',(1.,0.,0.));
#15331=DIRECTION('center_axis',(0.,-0.359895264067372,0.932992711065782));
#15332=DIRECTION('ref_axis',(1.,0.,0.));
#15333=DIRECTION('',(0.999966242805801,-0.00766606954205797,-0.00295713148610361));
#15334=DIRECTION('center_axis',(0.,-0.359895264067372,0.932992711065782));
#15335=DIRECTION('ref_axis',(1.,0.,0.));
#15336=DIRECTION('',(1.,0.,0.));
#15337=DIRECTION('center_axis',(0.,-0.313680811822123,0.949528487352862));
#15338=DIRECTION('ref_axis',(1.,0.,0.));
#15339=DIRECTION('',(0.999966242585934,-0.00780196354663599,-0.00257741214899003));
#15340=DIRECTION('center_axis',(0.,-0.313680811822123,0.949528487352862));
#15341=DIRECTION('ref_axis',(1.,0.,0.));
#15342=DIRECTION('',(1.,0.,0.));
#15343=DIRECTION('center_axis',(0.,-0.266713068468134,0.963775979731967));
#15344=DIRECTION('ref_axis',(1.,0.,0.));
#15345=DIRECTION('',(0.999966242685222,0.00791901886390779,0.00219149041360968));
#15346=DIRECTION('center_axis',(0.,-0.21910161217806,0.975702046498302));
#15347=DIRECTION('ref_axis',(1.,0.,0.));
#15348=DIRECTION('',(1.,0.,0.));
#15349=DIRECTION('',(0.999966242948298,-0.00801698005287268,-0.00180027628381818));
#15350=DIRECTION('center_axis',(0.,-0.21910161217806,0.975702046498302));
#15351=DIRECTION('ref_axis',(1.,0.,0.));
#15352=DIRECTION('',(1.,0.,0.));
#15353=DIRECTION('center_axis',(0.,-0.266713068468134,0.963775979731967));
#15354=DIRECTION('ref_axis',(1.,0.,0.));
#15355=DIRECTION('center_axis',(0.,-0.170961306291825,0.985277743456632));
#15356=DIRECTION('ref_axis',(1.,0.,0.));
#15357=DIRECTION('',(0.999966242452915,0.00809571938616645,0.00140473564010023));
#15358=DIRECTION('center_axis',(0.,-0.122410335166413,0.992479576537697));
#15359=DIRECTION('ref_axis',(1.,0.,0.));
#15360=DIRECTION('',(1.,0.,0.));
#15361=DIRECTION('',(0.999966242791383,-0.00815485371683241,-0.00100580243695585));
#15362=DIRECTION('center_axis',(0.,-0.122410335166413,0.992479576537697));
#15363=DIRECTION('ref_axis',(1.,0.,0.));
#15364=DIRECTION('',(1.,0.,0.));
#15365=DIRECTION('center_axis',(0.,-0.170961306291825,0.985277743456632));
#15366=DIRECTION('ref_axis',(1.,0.,0.));
#15367=DIRECTION('center_axis',(0.,-0.073565109921735,0.997290416379403));
#15368=DIRECTION('ref_axis',(1.,0.,0.));
#15369=DIRECTION('',(0.999966242788509,0.00819438303536828,0.00060445851964182));
#15370=DIRECTION('center_axis',(0.,-0.0245411107341793,0.999698821587748));
#15371=DIRECTION('ref_axis',(1.,0.,0.));
#15372=DIRECTION('',(0.999966242726256,-0.00821417962411923,-0.000201645823114792));
#15373=DIRECTION('',(1.,0.,0.));
#15374=DIRECTION('center_axis',(0.,-0.073565109921735,0.997290416379403));
#15375=DIRECTION('ref_axis',(1.,0.,0.));
#15376=DIRECTION('center_axis',(0.,-0.0245411107341793,0.999698821587748));
#15377=DIRECTION('ref_axis',(1.,0.,0.));
#15378=CARTESIAN_POINT('',(0.,0.,0.));
#15379=CARTESIAN_POINT('Origin',(-108.099998474121,-126.526342391968,204.130146980286));
#15380=CARTESIAN_POINT('',(-108.099998474121,-123.026342391968,207.63014793396));
#15381=CARTESIAN_POINT('',(-108.099998474121,-115.026342391968,207.63014793396));
#15382=CARTESIAN_POINT('',(-108.099998474121,-124.776342391968,207.63014793396));
#15383=CARTESIAN_POINT('',(-108.099998474121,-123.198079109192,207.625930786133));
#15384=CARTESIAN_POINT('',(-108.099998474121,-123.198079109192,207.625930786133));
#15385=CARTESIAN_POINT('',(-108.099998474121,-123.3694024086,207.61329460144));
#15386=CARTESIAN_POINT('',(-108.099998474121,-123.3694024086,207.61329460144));
#15387=CARTESIAN_POINT('',(-108.099998474121,-123.539898872375,207.592264175415));
#15388=CARTESIAN_POINT('',(-108.099998474121,-123.539898872375,207.592264175415));
#15389=CARTESIAN_POINT('',(-108.099998474121,-123.709158420563,207.562894821167));
#15390=CARTESIAN_POINT('',(-108.099998474121,-123.709158420563,207.562894821167));
#15391=CARTESIAN_POINT('',(-108.099998474121,-123.876772880554,207.525257110596));
#15392=CARTESIAN_POINT('',(-108.099998474121,-123.876772880554,207.525257110596));
#15393=CARTESIAN_POINT('',(-108.099998474121,-124.042338848114,207.479438781738));
#15394=CARTESIAN_POINT('',(-108.099998474121,-124.042338848114,207.479438781738));
#15395=CARTESIAN_POINT('',(-108.099998474121,-124.205456733704,207.425550460815));
#15396=CARTESIAN_POINT('',(-108.099998474121,-124.205456733704,207.425550460815));
#15397=CARTESIAN_POINT('',(-108.099998474121,-124.365734577179,207.363725662231));
#15398=CARTESIAN_POINT('',(-108.099998474121,-124.365734577179,207.363725662231));
#15399=CARTESIAN_POINT('',(-108.099998474121,-124.522785186768,207.294109344482));
#15400=CARTESIAN_POINT('',(-108.099998474121,-124.522785186768,207.294109344482));
#15401=CARTESIAN_POINT('',(-108.099998474121,-124.67623090744,207.216871261597));
#15402=CARTESIAN_POINT('',(-108.099998474121,-124.67623090744,207.216871261597));
#15403=CARTESIAN_POINT('',(-108.099998474121,-124.825702190399,207.132196426392));
#15404=CARTESIAN_POINT('',(-108.099998474121,-124.825702190399,207.132196426392));
#15405=CARTESIAN_POINT('',(-108.099998474121,-124.970838069916,207.04029083252));
#15406=CARTESIAN_POINT('',(-108.099998474121,-124.970838069916,207.04029083252));
#15407=CARTESIAN_POINT('',(-108.099998474121,-125.111289978027,206.941373825073));
#15408=CARTESIAN_POINT('',(-108.099998474121,-125.111289978027,206.941373825073));
#15409=CARTESIAN_POINT('',(-108.099998474121,-125.246718883514,206.835683822632));
#15410=CARTESIAN_POINT('',(-108.099998474121,-125.246718883514,206.835683822632));
#15411=CARTESIAN_POINT('',(-108.099998474121,-125.376798629761,206.723476409912));
#15412=CARTESIAN_POINT('',(-108.099998474121,-125.376798629761,206.723476409912));
#15413=CARTESIAN_POINT('',(-108.099998474121,-125.501215934753,206.605020523071));
#15414=CARTESIAN_POINT('',(-108.099998474121,-125.501215934753,206.605020523071));
#15415=CARTESIAN_POINT('',(-108.099998474121,-125.619671344757,206.480604171753));
#15416=CARTESIAN_POINT('',(-108.099998474121,-125.619671344757,206.480604171753));
#15417=CARTESIAN_POINT('',(-108.099998474121,-125.731878757477,206.350522994995));
#15418=CARTESIAN_POINT('',(-108.099998474121,-125.731878757477,206.350522994995));
#15419=CARTESIAN_POINT('',(-108.099998474121,-125.837568759918,206.21509552002));
#15420=CARTESIAN_POINT('',(-108.099998474121,-125.837568759918,206.21509552002));
#15421=CARTESIAN_POINT('',(-108.099998474121,-125.936486244202,206.074642181396));
#15422=CARTESIAN_POINT('',(-108.099998474121,-125.936486244202,206.074642181396));
#15423=CARTESIAN_POINT('',(-108.099998474121,-126.028392314911,205.92950630188));
#15424=CARTESIAN_POINT('',(-108.099998474121,-126.028392314911,205.92950630188));
#15425=CARTESIAN_POINT('',(-108.099998474121,-126.113066673279,205.780035972595));
#15426=CARTESIAN_POINT('',(-108.099998474121,-126.113066673279,205.780035972595));
#15427=CARTESIAN_POINT('',(-108.099998474121,-126.190304756165,205.626589775085));
#15428=CARTESIAN_POINT('',(-108.099998474121,-126.190304756165,205.626589775085));
#15429=CARTESIAN_POINT('',(-108.099998474121,-126.259920597076,205.469539642334));
#15430=CARTESIAN_POINT('',(-108.099998474121,-126.259920597076,205.469539642334));
#15431=CARTESIAN_POINT('',(-108.099998474121,-126.321746826172,205.309261322021));
#15432=CARTESIAN_POINT('',(-108.099998474121,-126.321746826172,205.309261322021));
#15433=CARTESIAN_POINT('',(-108.099998474121,-126.375633716583,205.146143913269));
#15434=CARTESIAN_POINT('',(-108.099998474121,-126.375633716583,205.146143913269));
#15435=CARTESIAN_POINT('',(-108.099998474121,-126.421451568604,204.980577468872));
#15436=CARTESIAN_POINT('',(-108.099998474121,-126.421451568604,204.980577468872));
#15437=CARTESIAN_POINT('',(-108.099998474121,-126.459090709686,204.812963485718));
#15438=CARTESIAN_POINT('',(-108.099998474121,-126.459090709686,204.812963485718));
#15439=CARTESIAN_POINT('',(-108.099998474121,-126.488460063934,204.643703460693));
#15440=CARTESIAN_POINT('',(-108.099998474121,-126.488460063934,204.643703460693));
#15441=CARTESIAN_POINT('',(-108.099998474121,-126.509489059448,204.473207473755));
#15442=CARTESIAN_POINT('',(-108.099998474121,-126.509489059448,204.473207473755));
#15443=CARTESIAN_POINT('',(-108.099998474121,-126.522126674652,204.30188369751));
#15444=CARTESIAN_POINT('',(-108.099998474121,-126.522126674652,204.30188369751));
#15445=CARTESIAN_POINT('',(-108.099998474121,-126.526342391968,204.130146980286));
#15446=CARTESIAN_POINT('',(-108.099998474121,-126.526342391968,204.130146980286));
#15447=CARTESIAN_POINT('',(-108.099998474121,-126.526342391968,190.930147171021));
#15448=CARTESIAN_POINT('',(-108.099998474121,-126.526342391968,190.930147171021));
#15449=CARTESIAN_POINT('',(-108.099998474121,-111.526342391968,190.930147171021));
#15450=CARTESIAN_POINT('',(-108.099998474121,-126.526342391968,190.930147171021));
#15451=CARTESIAN_POINT('',(-108.099998474121,-111.526342391968,204.130146980286));
#15452=CARTESIAN_POINT('',(-108.099998474121,-111.526342391968,190.930147171021));
#15453=CARTESIAN_POINT('',(-108.099998474121,-111.530558109283,204.30188369751));
#15454=CARTESIAN_POINT('',(-108.099998474121,-111.530558109283,204.30188369751));
#15455=CARTESIAN_POINT('',(-108.099998474121,-111.543195724487,204.473207473755));
#15456=CARTESIAN_POINT('',(-108.099998474121,-111.543195724487,204.473207473755));
#15457=CARTESIAN_POINT('',(-108.099998474121,-111.564224720001,204.643703460693));
#15458=CARTESIAN_POINT('',(-108.099998474121,-111.564224720001,204.643703460693));
#15459=CARTESIAN_POINT('',(-108.099998474121,-111.593594074249,204.812963485718));
#15460=CARTESIAN_POINT('',(-108.099998474121,-111.593594074249,204.812963485718));
#15461=CARTESIAN_POINT('',(-108.099998474121,-111.631233215332,204.980577468872));
#15462=CARTESIAN_POINT('',(-108.099998474121,-111.631233215332,204.980577468872));
#15463=CARTESIAN_POINT('',(-108.099998474121,-111.677051067352,205.146143913269));
#15464=CARTESIAN_POINT('',(-108.099998474121,-111.677051067352,205.146143913269));
#15465=CARTESIAN_POINT('',(-108.099998474121,-111.730937957764,205.309261322021));
#15466=CARTESIAN_POINT('',(-108.099998474121,-111.730937957764,205.309261322021));
#15467=CARTESIAN_POINT('',(-108.099998474121,-111.792764186859,205.469539642334));
#15468=CARTESIAN_POINT('',(-108.099998474121,-111.792764186859,205.469539642334));
#15469=CARTESIAN_POINT('',(-108.099998474121,-111.862380027771,205.626589775085));
#15470=CARTESIAN_POINT('',(-108.099998474121,-111.862380027771,205.626589775085));
#15471=CARTESIAN_POINT('',(-108.099998474121,-111.939618110657,205.780035972595));
#15472=CARTESIAN_POINT('',(-108.099998474121,-111.939618110657,205.780035972595));
#15473=CARTESIAN_POINT('',(-108.099998474121,-112.024292469025,205.92950630188));
#15474=CARTESIAN_POINT('',(-108.099998474121,-112.024292469025,205.92950630188));
#15475=CARTESIAN_POINT('',(-108.099998474121,-112.116198539734,206.074642181396));
#15476=CARTESIAN_POINT('',(-108.099998474121,-112.116198539734,206.074642181396));
#15477=CARTESIAN_POINT('',(-108.099998474121,-112.215116024017,206.21509552002));
#15478=CARTESIAN_POINT('',(-108.099998474121,-112.215116024017,206.21509552002));
#15479=CARTESIAN_POINT('',(-108.099998474121,-112.320806026459,206.350522994995));
#15480=CARTESIAN_POINT('',(-108.099998474121,-112.320806026459,206.350522994995));
#15481=CARTESIAN_POINT('',(-108.099998474121,-112.433013439178,206.480604171753));
#15482=CARTESIAN_POINT('',(-108.099998474121,-112.433013439178,206.480604171753));
#15483=CARTESIAN_POINT('',(-108.099998474121,-112.551468849182,206.605020523071));
#15484=CARTESIAN_POINT('',(-108.099998474121,-112.551468849182,206.605020523071));
#15485=CARTESIAN_POINT('',(-108.099998474121,-112.675886154175,206.723476409912));
#15486=CARTESIAN_POINT('',(-108.099998474121,-112.675886154175,206.723476409912));
#15487=CARTESIAN_POINT('',(-108.099998474121,-112.805965900421,206.835683822632));
#15488=CARTESIAN_POINT('',(-108.099998474121,-112.805965900421,206.835683822632));
#15489=CARTESIAN_POINT('',(-108.099998474121,-112.941394805908,206.941373825073));
#15490=CARTESIAN_POINT('',(-108.099998474121,-112.941394805908,206.941373825073));
#15491=CARTESIAN_POINT('',(-108.099998474121,-113.08184671402,207.04029083252));
#15492=CARTESIAN_POINT('',(-108.099998474121,-113.08184671402,207.04029083252));
#15493=CARTESIAN_POINT('',(-108.099998474121,-113.226982593536,207.132196426392));
#15494=CARTESIAN_POINT('',(-108.099998474121,-113.226982593536,207.132196426392));
#15495=CARTESIAN_POINT('',(-108.099998474121,-113.376453876495,207.216871261597));
#15496=CARTESIAN_POINT('',(-108.099998474121,-113.376453876495,207.216871261597));
#15497=CARTESIAN_POINT('',(-108.099998474121,-113.529899597168,207.294109344482));
#15498=CARTESIAN_POINT('',(-108.099998474121,-113.529899597168,207.294109344482));
#15499=CARTESIAN_POINT('',(-108.099998474121,-113.686950206757,207.363725662231));
#15500=CARTESIAN_POINT('',(-108.099998474121,-113.686950206757,207.363725662231));
#15501=CARTESIAN_POINT('',(-108.099998474121,-113.847228050232,207.425550460815));
#15502=CARTESIAN_POINT('',(-108.099998474121,-113.847228050232,207.425550460815));
#15503=CARTESIAN_POINT('',(-108.099998474121,-114.010345935822,207.479438781738));
#15504=CARTESIAN_POINT('',(-108.099998474121,-114.010345935822,207.479438781738));
#15505=CARTESIAN_POINT('',(-108.099998474121,-114.175911903381,207.525257110596));
#15506=CARTESIAN_POINT('',(-108.099998474121,-114.175911903381,207.525257110596));
#15507=CARTESIAN_POINT('',(-108.099998474121,-114.343526363373,207.562894821167));
#15508=CARTESIAN_POINT('',(-108.099998474121,-114.343526363373,207.562894821167));
#15509=CARTESIAN_POINT('',(-108.099998474121,-114.51278591156,207.592264175415));
#15510=CARTESIAN_POINT('',(-108.099998474121,-114.51278591156,207.592264175415));
#15511=CARTESIAN_POINT('',(-108.099998474121,-114.683282375336,207.61329460144));
#15512=CARTESIAN_POINT('',(-108.099998474121,-114.683282375336,207.61329460144));
#15513=CARTESIAN_POINT('',(-108.099998474121,-114.854605674744,207.625930786133));
#15514=CARTESIAN_POINT('',(-108.099998474121,-114.854605674744,207.625930786133));
#15515=CARTESIAN_POINT('',(-108.099998474121,-115.026342391968,207.63014793396));
#15516=CARTESIAN_POINT('Origin',(-109.599998474121,-123.026342391968,207.63014793396));
#15517=CARTESIAN_POINT('',(-109.599998474121,-115.026342391968,207.63014793396));
#15518=CARTESIAN_POINT('',(-108.849998474121,-115.026342391968,207.63014793396));
#15519=CARTESIAN_POINT('',(-109.599998474121,-123.026342391968,207.63014793396));
#15520=CARTESIAN_POINT('',(-109.599998474121,-123.026342391968,207.63014793396));
#15521=CARTESIAN_POINT('',(-109.599998474121,-123.026342391968,207.63014793396));
#15522=CARTESIAN_POINT('Origin',(-89.6666655540466,-109.526342391968,207.63014793396));
#15523=CARTESIAN_POINT('',(-104.599998474121,-107.097493171692,210.524738311768));
#15524=CARTESIAN_POINT('',(-89.6666655540466,-107.097493171692,210.524738311768));
#15525=CARTESIAN_POINT('',(-104.599998474121,-107.097493171692,210.524738311768));
#15526=CARTESIAN_POINT('',(-104.599998474121,-109.526342391968,207.63014793396));
#15527=CARTESIAN_POINT('',(-104.599998474121,-109.526342391968,207.63014793396));
#15528=CARTESIAN_POINT('',(-89.6666655540466,-109.526342391968,207.63014793396));
#15529=CARTESIAN_POINT('',(-104.599998474121,-109.526342391968,207.63014793396));
#15530=CARTESIAN_POINT('',(-89.6666655540466,-112.299352307994,204.32540272644));
#15531=CARTESIAN_POINT('Origin',(-89.6666655540466,-106.026342391968,193.430147171021));
#15532=CARTESIAN_POINT('',(-89.6666655540466,-106.026342391968,207.63014793396));
#15533=CARTESIAN_POINT('',(-89.6666655540466,-109.526342391968,207.63014793396));
#15534=CARTESIAN_POINT('',(-89.6666655540466,-106.026342391968,193.430147171021));
#15535=CARTESIAN_POINT('',(-89.6666655540466,-106.026342391968,200.53014755249));
#15536=CARTESIAN_POINT('',(-89.6666655540466,-106.029354095459,193.30747795105));
#15537=CARTESIAN_POINT('',(-89.6666655540466,-106.029354095459,193.30747795105));
#15538=CARTESIAN_POINT('',(-89.6666655540466,-106.038380622864,193.185104370117));
#15539=CARTESIAN_POINT('',(-89.6666655540466,-106.038380622864,193.185104370117));
#15540=CARTESIAN_POINT('',(-89.6666655540466,-106.053400993347,193.063320875168));
#15541=CARTESIAN_POINT('',(-89.6666655540466,-106.053400993347,193.063320875168));
#15542=CARTESIAN_POINT('',(-89.6666655540466,-106.074378967285,192.94242143631));
#15543=CARTESIAN_POINT('',(-89.6666655540466,-106.074378967285,192.94242143631));
#15544=CARTESIAN_POINT('',(-89.6666655540466,-106.101263999939,192.822696685791));
#15545=CARTESIAN_POINT('',(-89.6666655540466,-106.101263999939,192.822696685791));
#15546=CARTESIAN_POINT('',(-89.6666655540466,-106.133991241455,192.704435586929));
#15547=CARTESIAN_POINT('',(-89.6666655540466,-106.133991241455,192.704435586929));
#15548=CARTESIAN_POINT('',(-89.6666655540466,-106.17248249054,192.58792257309));
#15549=CARTESIAN_POINT('',(-89.6666655540466,-106.17248249054,192.58792257309));
#15550=CARTESIAN_POINT('',(-89.6666655540466,-106.216643333435,192.473438501358));
#15551=CARTESIAN_POINT('',(-89.6666655540466,-106.216643333435,192.473438501358));
#15552=CARTESIAN_POINT('',(-89.6666655540466,-106.266368865967,192.361259460449));
#15553=CARTESIAN_POINT('',(-89.6666655540466,-106.266368865967,192.361259460449));
#15554=CARTESIAN_POINT('',(-89.6666655540466,-106.321538925171,192.251655340195));
#15555=CARTESIAN_POINT('',(-89.6666655540466,-106.321538925171,192.251655340195));
#15556=CARTESIAN_POINT('',(-89.6666655540466,-106.382020950317,192.14489030838));
#15557=CARTESIAN_POINT('',(-89.6666655540466,-106.382020950317,192.14489030838));
#15558=CARTESIAN_POINT('',(-89.6666655540466,-106.447668075562,192.041221618652));
#15559=CARTESIAN_POINT('',(-89.6666655540466,-106.447668075562,192.041221618652));
#15560=CARTESIAN_POINT('',(-89.6666655540466,-106.518323898315,191.940898895264));
#15561=CARTESIAN_POINT('',(-89.6666655540466,-106.518323898315,191.940898895264));
#15562=CARTESIAN_POINT('',(-89.6666655540466,-106.593815803528,191.844164013863));
#15563=CARTESIAN_POINT('',(-89.6666655540466,-106.593815803528,191.844164013863));
#15564=CARTESIAN_POINT('',(-89.6666655540466,-106.673964500427,191.751249790192));
#15565=CARTESIAN_POINT('',(-89.6666655540466,-106.673964500427,191.751249790192));
#15566=CARTESIAN_POINT('',(-89.6666655540466,-106.758575439453,191.662380218506));
#15567=CARTESIAN_POINT('',(-89.6666655540466,-106.758575439453,191.662380218506));
#15568=CARTESIAN_POINT('',(-89.6666655540466,-106.847444534302,191.577769398689));
#15569=CARTESIAN_POINT('',(-89.6666655540466,-106.847444534302,191.577769398689));
#15570=CARTESIAN_POINT('',(-89.6666655540466,-106.940359115601,191.497621059418));
#15571=CARTESIAN_POINT('',(-89.6666655540466,-106.940359115601,191.497621059418));
#15572=CARTESIAN_POINT('',(-89.6666655540466,-107.037094116211,191.42212831974));
#15573=CARTESIAN_POINT('',(-89.6666655540466,-107.037094116211,191.42212831974));
#15574=CARTESIAN_POINT('',(-89.6666655540466,-107.1374168396,191.351473093033));
#15575=CARTESIAN_POINT('',(-89.6666655540466,-107.1374168396,191.351473093033));
#15576=CARTESIAN_POINT('',(-89.6666655540466,-107.241086006165,191.285825610161));
#15577=CARTESIAN_POINT('',(-89.6666655540466,-107.241086006165,191.285825610161));
#15578=CARTESIAN_POINT('',(-89.6666655540466,-107.347850799561,191.225344061852));
#15579=CARTESIAN_POINT('',(-89.6666655540466,-107.347850799561,191.225344061852));
#15580=CARTESIAN_POINT('',(-89.6666655540466,-107.457454681396,191.170173883438));
#15581=CARTESIAN_POINT('',(-89.6666655540466,-107.457454681396,191.170173883438));
#15582=CARTESIAN_POINT('',(-89.6666655540466,-107.569633483887,191.120448350906));
#15583=CARTESIAN_POINT('',(-89.6666655540466,-107.569633483887,191.120448350906));
#15584=CARTESIAN_POINT('',(-89.6666655540466,-107.6841173172,191.076287031174));
#15585=CARTESIAN_POINT('',(-89.6666655540466,-107.6841173172,191.076287031174));
#15586=CARTESIAN_POINT('',(-89.6666655540466,-107.800630569458,191.037796378136));
#15587=CARTESIAN_POINT('',(-89.6666655540466,-107.800630569458,191.037796378136));
#15588=CARTESIAN_POINT('',(-89.6666655540466,-107.918891906738,191.00506901741));
#15589=CARTESIAN_POINT('',(-89.6666655540466,-107.918891906738,191.00506901741));
#15590=CARTESIAN_POINT('',(-89.6666655540466,-108.03861618042,190.978183984756));
#15591=CARTESIAN_POINT('',(-89.6666655540466,-108.03861618042,190.978183984756));
#15592=CARTESIAN_POINT('',(-89.6666655540466,-108.159516334534,190.957205891609));
#15593=CARTESIAN_POINT('',(-89.6666655540466,-108.159516334534,190.957205891609));
#15594=CARTESIAN_POINT('',(-89.6666655540466,-108.281299591064,190.942185401916));
#15595=CARTESIAN_POINT('',(-89.6666655540466,-108.281299591064,190.942185401916));
#15596=CARTESIAN_POINT('',(-89.6666655540466,-108.403673171997,190.933158516884));
#15597=CARTESIAN_POINT('',(-89.6666655540466,-108.403673171997,190.933158516884));
#15598=CARTESIAN_POINT('',(-89.6666655540466,-108.526342391968,190.930147171021));
#15599=CARTESIAN_POINT('',(-89.6666655540466,-108.526342391968,190.930147171021));
#15600=CARTESIAN_POINT('',(-89.6666655540466,-104.060952081111,190.930147171021));
#15601=CARTESIAN_POINT('',(-89.6666655540466,-117.776342391968,190.930147171021));
#15602=CARTESIAN_POINT('',(-89.6666655540466,-104.52815246582,209.661485671997));
#15603=CARTESIAN_POINT('',(-89.6666655540466,-104.52815246582,209.661485671997));
#15604=CARTESIAN_POINT('',(-89.6666655540466,-104.533576965332,209.73387336731));
#15605=CARTESIAN_POINT('',(-89.6666655540466,-104.533576965332,209.73387336731));
#15606=CARTESIAN_POINT('',(-89.6666655540466,-104.542603492737,209.805902481079));
#15607=CARTESIAN_POINT('',(-89.6666655540466,-104.542603492737,209.805902481079));
#15608=CARTESIAN_POINT('',(-89.6666655540466,-104.555209159851,209.877391815186));
#15609=CARTESIAN_POINT('',(-89.6666655540466,-104.555209159851,209.877391815186));
#15610=CARTESIAN_POINT('',(-89.6666655540466,-104.571362495422,209.948163986206));
#15611=CARTESIAN_POINT('',(-89.6666655540466,-104.571362495422,209.948163986206));
#15612=CARTESIAN_POINT('',(-89.6666655540466,-104.591023445129,210.018043518066));
#15613=CARTESIAN_POINT('',(-89.6666655540466,-104.591023445129,210.018043518066));
#15614=CARTESIAN_POINT('',(-89.6666655540466,-104.614142417908,210.086854934692));
#15615=CARTESIAN_POINT('',(-89.6666655540466,-104.614142417908,210.086854934692));
#15616=CARTESIAN_POINT('',(-89.6666655540466,-104.640664100647,210.154430389404));
#15617=CARTESIAN_POINT('',(-89.6666655540466,-104.640664100647,210.154430389404));
#15618=CARTESIAN_POINT('',(-89.6666655540466,-104.670519828796,210.220598220825));
#15619=CARTESIAN_POINT('',(-89.6666655540466,-104.670519828796,210.220598220825));
#15620=CARTESIAN_POINT('',(-89.6666655540466,-104.703637123108,210.285196304321));
#15621=CARTESIAN_POINT('',(-89.6666655540466,-104.703637123108,210.285196304321));
#15622=CARTESIAN_POINT('',(-89.6666655540466,-104.739933013916,210.348062515259));
#15623=CARTESIAN_POINT('',(-89.6666655540466,-104.739933013916,210.348062515259));
#15624=CARTESIAN_POINT('',(-89.6666655540466,-104.779317855835,210.409042358398));
#15625=CARTESIAN_POINT('',(-89.6666655540466,-104.779317855835,210.409042358398));
#15626=CARTESIAN_POINT('',(-89.6666655540466,-104.82169342041,210.46798324585));
#15627=CARTESIAN_POINT('',(-89.6666655540466,-104.82169342041,210.46798324585));
#15628=CARTESIAN_POINT('',(-89.6666655540466,-104.866953849792,210.524738311768));
#15629=CARTESIAN_POINT('',(-89.6666655540466,-104.866953849792,210.524738311768));
#15630=CARTESIAN_POINT('',(-89.6666655540466,-104.914986610413,210.579166412354));
#15631=CARTESIAN_POINT('',(-89.6666655540466,-104.914986610413,210.579166412354));
#15632=CARTESIAN_POINT('',(-89.6666655540466,-104.965673446655,210.631132125854));
#15633=CARTESIAN_POINT('',(-89.6666655540466,-104.965673446655,210.631132125854));
#15634=CARTESIAN_POINT('',(-89.6666655540466,-105.018887519836,210.680507659912));
#15635=CARTESIAN_POINT('',(-89.6666655540466,-105.018887519836,210.680507659912));
#15636=CARTESIAN_POINT('',(-89.6666655540466,-105.074496269226,210.727169036865));
#15637=CARTESIAN_POINT('',(-89.6666655540466,-105.074496269226,210.727169036865));
#15638=CARTESIAN_POINT('',(-89.6666655540466,-105.132362365723,210.770999908447));
#15639=CARTESIAN_POINT('',(-89.6666655540466,-105.132362365723,210.770999908447));
#15640=CARTESIAN_POINT('',(-89.6666655540466,-105.19234085083,210.811893463135));
#15641=CARTESIAN_POINT('',(-89.6666655540466,-105.19234085083,210.811893463135));
#15642=CARTESIAN_POINT('',(-89.6666655540466,-105.254282951355,210.849744796753));
#15643=CARTESIAN_POINT('',(-89.6666655540466,-105.254282951355,210.849744796753));
#15644=CARTESIAN_POINT('',(-89.6666655540466,-105.318035125732,210.884462356567));
#15645=CARTESIAN_POINT('',(-89.6666655540466,-105.318035125732,210.884462356567));
#15646=CARTESIAN_POINT('',(-89.6666655540466,-105.383438110352,210.915958404541));
#15647=CARTESIAN_POINT('',(-89.6666655540466,-105.383438110352,210.915958404541));
#15648=CARTESIAN_POINT('',(-89.6666655540466,-105.450330734253,210.944156646729));
#15649=CARTESIAN_POINT('',(-89.6666655540466,-105.450330734253,210.944156646729));
#15650=CARTESIAN_POINT('',(-89.6666655540466,-105.518545150757,210.968984603882));
#15651=CARTESIAN_POINT('',(-89.6666655540466,-105.518545150757,210.968984603882));
#15652=CARTESIAN_POINT('',(-89.6666655540466,-105.587911605835,210.990381240845));
#15653=CARTESIAN_POINT('',(-89.6666655540466,-105.587911605835,210.990381240845));
#15654=CARTESIAN_POINT('',(-89.6666655540466,-105.658259391785,211.008293151855));
#15655=CARTESIAN_POINT('',(-89.6666655540466,-105.658259391785,211.008293151855));
#15656=CARTESIAN_POINT('',(-89.6666655540466,-105.729412078857,211.022678375244));
#15657=CARTESIAN_POINT('',(-89.6666655540466,-105.729412078857,211.022678375244));
#15658=CARTESIAN_POINT('',(-89.6666655540466,-105.801193237305,211.033496856689));
#15659=CARTESIAN_POINT('',(-89.6666655540466,-105.801193237305,211.033496856689));
#15660=CARTESIAN_POINT('',(-89.6666655540466,-105.873425483704,211.040725708008));
#15661=CARTESIAN_POINT('',(-89.6666655540466,-105.873425483704,211.040725708008));
#15662=CARTESIAN_POINT('',(-89.6666655540466,-105.945927619934,211.044343948364));
#15663=CARTESIAN_POINT('',(-89.6666655540466,-105.945927619934,211.044343948364));
#15664=CARTESIAN_POINT('',(-89.6666655540466,-106.01851940155,211.044343948364));
#15665=CARTESIAN_POINT('',(-89.6666655540466,-106.01851940155,211.044343948364));
#15666=CARTESIAN_POINT('',(-89.6666655540466,-106.091021537781,211.040725708008));
#15667=CARTESIAN_POINT('',(-89.6666655540466,-106.091021537781,211.040725708008));
#15668=CARTESIAN_POINT('',(-89.6666655540466,-106.163252830505,211.033496856689));
#15669=CARTESIAN_POINT('',(-89.6666655540466,-106.163252830505,211.033496856689));
#15670=CARTESIAN_POINT('',(-89.6666655540466,-106.235033988953,211.022678375244));
#15671=CARTESIAN_POINT('',(-89.6666655540466,-106.235033988953,211.022678375244));
#15672=CARTESIAN_POINT('',(-89.6666655540466,-106.3061876297,211.008293151855));
#15673=CARTESIAN_POINT('',(-89.6666655540466,-106.3061876297,211.008293151855));
#15674=CARTESIAN_POINT('',(-89.6666655540466,-106.376534461975,210.990381240845));
#15675=CARTESIAN_POINT('',(-89.6666655540466,-106.376534461975,210.990381240845));
#15676=CARTESIAN_POINT('',(-89.6666655540466,-106.445901870728,210.968984603882));
#15677=CARTESIAN_POINT('',(-89.6666655540466,-106.445901870728,210.968984603882));
#15678=CARTESIAN_POINT('',(-89.6666655540466,-106.514116287231,210.944156646729));
#15679=CARTESIAN_POINT('',(-89.6666655540466,-106.514116287231,210.944156646729));
#15680=CARTESIAN_POINT('',(-89.6666655540466,-106.581007957458,210.915958404541));
#15681=CARTESIAN_POINT('',(-89.6666655540466,-106.581007957458,210.915958404541));
#15682=CARTESIAN_POINT('',(-89.6666655540466,-106.646411895752,210.884462356567));
#15683=CARTESIAN_POINT('',(-89.6666655540466,-106.646411895752,210.884462356567));
#15684=CARTESIAN_POINT('',(-89.6666655540466,-106.710164070129,210.849744796753));
#15685=CARTESIAN_POINT('',(-89.6666655540466,-106.710164070129,210.849744796753));
#15686=CARTESIAN_POINT('',(-89.6666655540466,-106.772106170654,210.811893463135));
#15687=CARTESIAN_POINT('',(-89.6666655540466,-106.772106170654,210.811893463135));
#15688=CARTESIAN_POINT('',(-89.6666655540466,-106.832084655762,210.770999908447));
#15689=CARTESIAN_POINT('',(-89.6666655540466,-106.832084655762,210.770999908447));
#15690=CARTESIAN_POINT('',(-89.6666655540466,-106.889949798584,210.727169036865));
#15691=CARTESIAN_POINT('',(-89.6666655540466,-106.889949798584,210.727169036865));
#15692=CARTESIAN_POINT('',(-89.6666655540466,-106.945559501648,210.680507659912));
#15693=CARTESIAN_POINT('',(-89.6666655540466,-106.945559501648,210.680507659912));
#15694=CARTESIAN_POINT('',(-89.6666655540466,-106.998772621155,210.631132125854));
#15695=CARTESIAN_POINT('',(-89.6666655540466,-106.998772621155,210.631132125854));
#15696=CARTESIAN_POINT('',(-89.6666655540466,-107.049459457397,210.579166412354));
#15697=CARTESIAN_POINT('',(-89.6666655540466,-107.049459457397,210.579166412354));
#15698=CARTESIAN_POINT('',(-89.6666655540466,-107.097493171692,210.524738311768));
#15699=CARTESIAN_POINT('Origin',(-59.7999992370605,-109.526342391968,207.63014793396));
#15700=CARTESIAN_POINT('',(-74.733332157135,-107.097493171692,210.524738311768));
#15701=CARTESIAN_POINT('',(-59.7999992370605,-107.097493171692,210.524738311768));
#15702=CARTESIAN_POINT('',(-74.733332157135,-107.097493171692,210.524738311768));
#15703=CARTESIAN_POINT('',(-74.733332157135,-109.526342391968,207.63014793396));
#15704=CARTESIAN_POINT('',(-74.733332157135,-109.526342391968,207.63014793396));
#15705=CARTESIAN_POINT('',(-59.7999992370605,-109.526342391968,207.63014793396));
#15706=CARTESIAN_POINT('',(-74.733332157135,-109.526342391968,207.63014793396));
#15707=CARTESIAN_POINT('',(-59.7999992370605,-108.803284721476,208.491854687156));
#15708=CARTESIAN_POINT('Origin',(-59.7999992370605,-106.026342391968,207.63014793396));
#15709=CARTESIAN_POINT('',(-59.7999992370605,-106.026342391968,207.63014793396));
#15710=CARTESIAN_POINT('',(-59.7999992370605,-109.526342391968,207.63014793396));
#15711=CARTESIAN_POINT('',(-59.7999992370605,-106.026342391968,193.430147171021));
#15712=CARTESIAN_POINT('',(-59.7999992370605,-106.026342391968,207.63014793396));
#15713=CARTESIAN_POINT('',(-59.7999992370605,-106.029354095459,193.30747795105));
#15714=CARTESIAN_POINT('',(-59.7999992370605,-106.029354095459,193.30747795105));
#15715=CARTESIAN_POINT('',(-59.7999992370605,-106.038380622864,193.185104370117));
#15716=CARTESIAN_POINT('',(-59.7999992370605,-106.038380622864,193.185104370117));
#15717=CARTESIAN_POINT('',(-59.7999992370605,-106.053400993347,193.063320875168));
#15718=CARTESIAN_POINT('',(-59.7999992370605,-106.053400993347,193.063320875168));
#15719=CARTESIAN_POINT('',(-59.7999992370605,-106.074378967285,192.94242143631));
#15720=CARTESIAN_POINT('',(-59.7999992370605,-106.074378967285,192.94242143631));
#15721=CARTESIAN_POINT('',(-59.7999992370605,-106.101263999939,192.822696685791));
#15722=CARTESIAN_POINT('',(-59.7999992370605,-106.101263999939,192.822696685791));
#15723=CARTESIAN_POINT('',(-59.7999992370605,-106.133991241455,192.704435586929));
#15724=CARTESIAN_POINT('',(-59.7999992370605,-106.133991241455,192.704435586929));
#15725=CARTESIAN_POINT('',(-59.7999992370605,-106.17248249054,192.58792257309));
#15726=CARTESIAN_POINT('',(-59.7999992370605,-106.17248249054,192.58792257309));
#15727=CARTESIAN_POINT('',(-59.7999992370605,-106.216643333435,192.473438501358));
#15728=CARTESIAN_POINT('',(-59.7999992370605,-106.216643333435,192.473438501358));
#15729=CARTESIAN_POINT('',(-59.7999992370605,-106.266368865967,192.361259460449));
#15730=CARTESIAN_POINT('',(-59.7999992370605,-106.266368865967,192.361259460449));
#15731=CARTESIAN_POINT('',(-59.7999992370605,-106.321538925171,192.251655340195));
#15732=CARTESIAN_POINT('',(-59.7999992370605,-106.321538925171,192.251655340195));
#15733=CARTESIAN_POINT('',(-59.7999992370605,-106.382020950317,192.14489030838));
#15734=CARTESIAN_POINT('',(-59.7999992370605,-106.382020950317,192.14489030838));
#15735=CARTESIAN_POINT('',(-59.7999992370605,-106.447668075562,192.041221618652));
#15736=CARTESIAN_POINT('',(-59.7999992370605,-106.447668075562,192.041221618652));
#15737=CARTESIAN_POINT('',(-59.7999992370605,-106.518323898315,191.940898895264));
#15738=CARTESIAN_POINT('',(-59.7999992370605,-106.518323898315,191.940898895264));
#15739=CARTESIAN_POINT('',(-59.7999992370605,-106.593815803528,191.844164013863));
#15740=CARTESIAN_POINT('',(-59.7999992370605,-106.593815803528,191.844164013863));
#15741=CARTESIAN_POINT('',(-59.7999992370605,-106.673964500427,191.751249790192));
#15742=CARTESIAN_POINT('',(-59.7999992370605,-106.673964500427,191.751249790192));
#15743=CARTESIAN_POINT('',(-59.7999992370605,-106.758575439453,191.662380218506));
#15744=CARTESIAN_POINT('',(-59.7999992370605,-106.758575439453,191.662380218506));
#15745=CARTESIAN_POINT('',(-59.7999992370605,-106.847444534302,191.577769398689));
#15746=CARTESIAN_POINT('',(-59.7999992370605,-106.847444534302,191.577769398689));
#15747=CARTESIAN_POINT('',(-59.7999992370605,-106.940359115601,191.497621059418));
#15748=CARTESIAN_POINT('',(-59.7999992370605,-106.940359115601,191.497621059418));
#15749=CARTESIAN_POINT('',(-59.7999992370605,-107.037094116211,191.42212831974));
#15750=CARTESIAN_POINT('',(-59.7999992370605,-107.037094116211,191.42212831974));
#15751=CARTESIAN_POINT('',(-59.7999992370605,-107.1374168396,191.351473093033));
#15752=CARTESIAN_POINT('',(-59.7999992370605,-107.1374168396,191.351473093033));
#15753=CARTESIAN_POINT('',(-59.7999992370605,-107.241086006165,191.285825610161));
#15754=CARTESIAN_POINT('',(-59.7999992370605,-107.241086006165,191.285825610161));
#15755=CARTESIAN_POINT('',(-59.7999992370605,-107.347850799561,191.225344061852));
#15756=CARTESIAN_POINT('',(-59.7999992370605,-107.347850799561,191.225344061852));
#15757=CARTESIAN_POINT('',(-59.7999992370605,-107.457454681396,191.170173883438));
#15758=CARTESIAN_POINT('',(-59.7999992370605,-107.457454681396,191.170173883438));
#15759=CARTESIAN_POINT('',(-59.7999992370605,-107.569633483887,191.120448350906));
#15760=CARTESIAN_POINT('',(-59.7999992370605,-107.569633483887,191.120448350906));
#15761=CARTESIAN_POINT('',(-59.7999992370605,-107.6841173172,191.076287031174));
#15762=CARTESIAN_POINT('',(-59.7999992370605,-107.6841173172,191.076287031174));
#15763=CARTESIAN_POINT('',(-59.7999992370605,-107.800630569458,191.037796378136));
#15764=CARTESIAN_POINT('',(-59.7999992370605,-107.800630569458,191.037796378136));
#15765=CARTESIAN_POINT('',(-59.7999992370605,-107.918891906738,191.00506901741));
#15766=CARTESIAN_POINT('',(-59.7999992370605,-107.918891906738,191.00506901741));
#15767=CARTESIAN_POINT('',(-59.7999992370605,-108.03861618042,190.978183984756));
#15768=CARTESIAN_POINT('',(-59.7999992370605,-108.03861618042,190.978183984756));
#15769=CARTESIAN_POINT('',(-59.7999992370605,-108.159516334534,190.957205891609));
#15770=CARTESIAN_POINT('',(-59.7999992370605,-108.159516334534,190.957205891609));
#15771=CARTESIAN_POINT('',(-59.7999992370605,-108.281299591064,190.942185401916));
#15772=CARTESIAN_POINT('',(-59.7999992370605,-108.281299591064,190.942185401916));
#15773=CARTESIAN_POINT('',(-59.7999992370605,-108.403673171997,190.933158516884));
#15774=CARTESIAN_POINT('',(-59.7999992370605,-108.403673171997,190.933158516884));
#15775=CARTESIAN_POINT('',(-59.7999992370605,-108.526342391968,190.930147171021));
#15776=CARTESIAN_POINT('',(-59.7999992370605,-108.526342391968,190.930147171021));
#15777=CARTESIAN_POINT('',(-59.7999992370605,-104.060952081111,190.930147171021));
#15778=CARTESIAN_POINT('',(-59.7999992370605,-108.526342391968,190.930147171021));
#15779=CARTESIAN_POINT('',(-59.7999992370605,-104.52815246582,209.661485671997));
#15780=CARTESIAN_POINT('',(-59.7999992370605,-104.52815246582,209.661485671997));
#15781=CARTESIAN_POINT('',(-59.7999992370605,-104.533576965332,209.73387336731));
#15782=CARTESIAN_POINT('',(-59.7999992370605,-104.533576965332,209.73387336731));
#15783=CARTESIAN_POINT('',(-59.7999992370605,-104.542603492737,209.805902481079));
#15784=CARTESIAN_POINT('',(-59.7999992370605,-104.542603492737,209.805902481079));
#15785=CARTESIAN_POINT('',(-59.7999992370605,-104.555209159851,209.877391815186));
#15786=CARTESIAN_POINT('',(-59.7999992370605,-104.555209159851,209.877391815186));
#15787=CARTESIAN_POINT('',(-59.7999992370605,-104.571362495422,209.948163986206));
#15788=CARTESIAN_POINT('',(-59.7999992370605,-104.571362495422,209.948163986206));
#15789=CARTESIAN_POINT('',(-59.7999992370605,-104.591023445129,210.018043518066));
#15790=CARTESIAN_POINT('',(-59.7999992370605,-104.591023445129,210.018043518066));
#15791=CARTESIAN_POINT('',(-59.7999992370605,-104.614142417908,210.086854934692));
#15792=CARTESIAN_POINT('',(-59.7999992370605,-104.614142417908,210.086854934692));
#15793=CARTESIAN_POINT('',(-59.7999992370605,-104.640664100647,210.154430389404));
#15794=CARTESIAN_POINT('',(-59.7999992370605,-104.640664100647,210.154430389404));
#15795=CARTESIAN_POINT('',(-59.7999992370605,-104.670519828796,210.220598220825));
#15796=CARTESIAN_POINT('',(-59.7999992370605,-104.670519828796,210.220598220825));
#15797=CARTESIAN_POINT('',(-59.7999992370605,-104.703637123108,210.285196304321));
#15798=CARTESIAN_POINT('',(-59.7999992370605,-104.703637123108,210.285196304321));
#15799=CARTESIAN_POINT('',(-59.7999992370605,-104.739933013916,210.348062515259));
#15800=CARTESIAN_POINT('',(-59.7999992370605,-104.739933013916,210.348062515259));
#15801=CARTESIAN_POINT('',(-59.7999992370605,-104.779317855835,210.409042358398));
#15802=CARTESIAN_POINT('',(-59.7999992370605,-104.779317855835,210.409042358398));
#15803=CARTESIAN_POINT('',(-59.7999992370605,-104.82169342041,210.46798324585));
#15804=CARTESIAN_POINT('',(-59.7999992370605,-104.82169342041,210.46798324585));
#15805=CARTESIAN_POINT('',(-59.7999992370605,-104.866953849792,210.524738311768));
#15806=CARTESIAN_POINT('',(-59.7999992370605,-104.866953849792,210.524738311768));
#15807=CARTESIAN_POINT('',(-59.7999992370605,-104.914986610413,210.579166412354));
#15808=CARTESIAN_POINT('',(-59.7999992370605,-104.914986610413,210.579166412354));
#15809=CARTESIAN_POINT('',(-59.7999992370605,-104.965673446655,210.631132125854));
#15810=CARTESIAN_POINT('',(-59.7999992370605,-104.965673446655,210.631132125854));
#15811=CARTESIAN_POINT('',(-59.7999992370605,-105.018887519836,210.680507659912));
#15812=CARTESIAN_POINT('',(-59.7999992370605,-105.018887519836,210.680507659912));
#15813=CARTESIAN_POINT('',(-59.7999992370605,-105.074496269226,210.727169036865));
#15814=CARTESIAN_POINT('',(-59.7999992370605,-105.074496269226,210.727169036865));
#15815=CARTESIAN_POINT('',(-59.7999992370605,-105.132362365723,210.770999908447));
#15816=CARTESIAN_POINT('',(-59.7999992370605,-105.132362365723,210.770999908447));
#15817=CARTESIAN_POINT('',(-59.7999992370605,-105.19234085083,210.811893463135));
#15818=CARTESIAN_POINT('',(-59.7999992370605,-105.19234085083,210.811893463135));
#15819=CARTESIAN_POINT('',(-59.7999992370605,-105.254282951355,210.849744796753));
#15820=CARTESIAN_POINT('',(-59.7999992370605,-105.254282951355,210.849744796753));
#15821=CARTESIAN_POINT('',(-59.7999992370605,-105.318035125732,210.884462356567));
#15822=CARTESIAN_POINT('',(-59.7999992370605,-105.318035125732,210.884462356567));
#15823=CARTESIAN_POINT('',(-59.7999992370605,-105.383438110352,210.915958404541));
#15824=CARTESIAN_POINT('',(-59.7999992370605,-105.383438110352,210.915958404541));
#15825=CARTESIAN_POINT('',(-59.7999992370605,-105.450330734253,210.944156646729));
#15826=CARTESIAN_POINT('',(-59.7999992370605,-105.450330734253,210.944156646729));
#15827=CARTESIAN_POINT('',(-59.7999992370605,-105.518545150757,210.968984603882));
#15828=CARTESIAN_POINT('',(-59.7999992370605,-105.518545150757,210.968984603882));
#15829=CARTESIAN_POINT('',(-59.7999992370605,-105.587911605835,210.990381240845));
#15830=CARTESIAN_POINT('',(-59.7999992370605,-105.587911605835,210.990381240845));
#15831=CARTESIAN_POINT('',(-59.7999992370605,-105.658259391785,211.008293151855));
#15832=CARTESIAN_POINT('',(-59.7999992370605,-105.658259391785,211.008293151855));
#15833=CARTESIAN_POINT('',(-59.7999992370605,-105.729412078857,211.022678375244));
#15834=CARTESIAN_POINT('',(-59.7999992370605,-105.729412078857,211.022678375244));
#15835=CARTESIAN_POINT('',(-59.7999992370605,-105.801193237305,211.033496856689));
#15836=CARTESIAN_POINT('',(-59.7999992370605,-105.801193237305,211.033496856689));
#15837=CARTESIAN_POINT('',(-59.7999992370605,-105.873425483704,211.040725708008));
#15838=CARTESIAN_POINT('',(-59.7999992370605,-105.873425483704,211.040725708008));
#15839=CARTESIAN_POINT('',(-59.7999992370605,-105.945927619934,211.044343948364));
#15840=CARTESIAN_POINT('',(-59.7999992370605,-105.945927619934,211.044343948364));
#15841=CARTESIAN_POINT('',(-59.7999992370605,-106.01851940155,211.044343948364));
#15842=CARTESIAN_POINT('',(-59.7999992370605,-106.01851940155,211.044343948364));
#15843=CARTESIAN_POINT('',(-59.7999992370605,-106.091021537781,211.040725708008));
#15844=CARTESIAN_POINT('',(-59.7999992370605,-106.091021537781,211.040725708008));
#15845=CARTESIAN_POINT('',(-59.7999992370605,-106.163252830505,211.033496856689));
#15846=CARTESIAN_POINT('',(-59.7999992370605,-106.163252830505,211.033496856689));
#15847=CARTESIAN_POINT('',(-59.7999992370605,-106.235033988953,211.022678375244));
#15848=CARTESIAN_POINT('',(-59.7999992370605,-106.235033988953,211.022678375244));
#15849=CARTESIAN_POINT('',(-59.7999992370605,-106.3061876297,211.008293151855));
#15850=CARTESIAN_POINT('',(-59.7999992370605,-106.3061876297,211.008293151855));
#15851=CARTESIAN_POINT('',(-59.7999992370605,-106.376534461975,210.990381240845));
#15852=CARTESIAN_POINT('',(-59.7999992370605,-106.376534461975,210.990381240845));
#15853=CARTESIAN_POINT('',(-59.7999992370605,-106.445901870728,210.968984603882));
#15854=CARTESIAN_POINT('',(-59.7999992370605,-106.445901870728,210.968984603882));
#15855=CARTESIAN_POINT('',(-59.7999992370605,-106.514116287231,210.944156646729));
#15856=CARTESIAN_POINT('',(-59.7999992370605,-106.514116287231,210.944156646729));
#15857=CARTESIAN_POINT('',(-59.7999992370605,-106.581007957458,210.915958404541));
#15858=CARTESIAN_POINT('',(-59.7999992370605,-106.581007957458,210.915958404541));
#15859=CARTESIAN_POINT('',(-59.7999992370605,-106.646411895752,210.884462356567));
#15860=CARTESIAN_POINT('',(-59.7999992370605,-106.646411895752,210.884462356567));
#15861=CARTESIAN_POINT('',(-59.7999992370605,-106.710164070129,210.849744796753));
#15862=CARTESIAN_POINT('',(-59.7999992370605,-106.710164070129,210.849744796753));
#15863=CARTESIAN_POINT('',(-59.7999992370605,-106.772106170654,210.811893463135));
#15864=CARTESIAN_POINT('',(-59.7999992370605,-106.772106170654,210.811893463135));
#15865=CARTESIAN_POINT('',(-59.7999992370605,-106.832084655762,210.770999908447));
#15866=CARTESIAN_POINT('',(-59.7999992370605,-106.832084655762,210.770999908447));
#15867=CARTESIAN_POINT('',(-59.7999992370605,-106.889949798584,210.727169036865));
#15868=CARTESIAN_POINT('',(-59.7999992370605,-106.889949798584,210.727169036865));
#15869=CARTESIAN_POINT('',(-59.7999992370605,-106.945559501648,210.680507659912));
#15870=CARTESIAN_POINT('',(-59.7999992370605,-106.945559501648,210.680507659912));
#15871=CARTESIAN_POINT('',(-59.7999992370605,-106.998772621155,210.631132125854));
#15872=CARTESIAN_POINT('',(-59.7999992370605,-106.998772621155,210.631132125854));
#15873=CARTESIAN_POINT('',(-59.7999992370605,-107.049459457397,210.579166412354));
#15874=CARTESIAN_POINT('',(-59.7999992370605,-107.049459457397,210.579166412354));
#15875=CARTESIAN_POINT('',(-59.7999992370605,-107.097493171692,210.524738311768));
#15876=CARTESIAN_POINT('Origin',(-54.7999992370605,-111.526342391968,190.930147171021));
#15877=CARTESIAN_POINT('',(-54.7999992370605,-123.026342391968,207.63014793396));
#15878=CARTESIAN_POINT('',(-54.7999992370605,-115.026342391968,207.63014793396));
#15879=CARTESIAN_POINT('',(-54.7999992370605,-117.276342391968,207.63014793396));
#15880=CARTESIAN_POINT('',(-54.7999992370605,-123.198079109192,207.625930786133));
#15881=CARTESIAN_POINT('',(-54.7999992370605,-123.198079109192,207.625930786133));
#15882=CARTESIAN_POINT('',(-54.7999992370605,-123.3694024086,207.61329460144));
#15883=CARTESIAN_POINT('',(-54.7999992370605,-123.3694024086,207.61329460144));
#15884=CARTESIAN_POINT('',(-54.7999992370605,-123.539898872375,207.592264175415));
#15885=CARTESIAN_POINT('',(-54.7999992370605,-123.539898872375,207.592264175415));
#15886=CARTESIAN_POINT('',(-54.7999992370605,-123.709158420563,207.562894821167));
#15887=CARTESIAN_POINT('',(-54.7999992370605,-123.709158420563,207.562894821167));
#15888=CARTESIAN_POINT('',(-54.7999992370605,-123.876772880554,207.525257110596));
#15889=CARTESIAN_POINT('',(-54.7999992370605,-123.876772880554,207.525257110596));
#15890=CARTESIAN_POINT('',(-54.7999992370605,-124.042338848114,207.479438781738));
#15891=CARTESIAN_POINT('',(-54.7999992370605,-124.042338848114,207.479438781738));
#15892=CARTESIAN_POINT('',(-54.7999992370605,-124.205456733704,207.425550460815));
#15893=CARTESIAN_POINT('',(-54.7999992370605,-124.205456733704,207.425550460815));
#15894=CARTESIAN_POINT('',(-54.7999992370605,-124.365734577179,207.363725662231));
#15895=CARTESIAN_POINT('',(-54.7999992370605,-124.365734577179,207.363725662231));
#15896=CARTESIAN_POINT('',(-54.7999992370605,-124.522785186768,207.294109344482));
#15897=CARTESIAN_POINT('',(-54.7999992370605,-124.522785186768,207.294109344482));
#15898=CARTESIAN_POINT('',(-54.7999992370605,-124.67623090744,207.216871261597));
#15899=CARTESIAN_POINT('',(-54.7999992370605,-124.67623090744,207.216871261597));
#15900=CARTESIAN_POINT('',(-54.7999992370605,-124.825702190399,207.132196426392));
#15901=CARTESIAN_POINT('',(-54.7999992370605,-124.825702190399,207.132196426392));
#15902=CARTESIAN_POINT('',(-54.7999992370605,-124.970838069916,207.04029083252));
#15903=CARTESIAN_POINT('',(-54.7999992370605,-124.970838069916,207.04029083252));
#15904=CARTESIAN_POINT('',(-54.7999992370605,-125.111289978027,206.941373825073));
#15905=CARTESIAN_POINT('',(-54.7999992370605,-125.111289978027,206.941373825073));
#15906=CARTESIAN_POINT('',(-54.7999992370605,-125.246718883514,206.835683822632));
#15907=CARTESIAN_POINT('',(-54.7999992370605,-125.246718883514,206.835683822632));
#15908=CARTESIAN_POINT('',(-54.7999992370605,-125.376798629761,206.723476409912));
#15909=CARTESIAN_POINT('',(-54.7999992370605,-125.376798629761,206.723476409912));
#15910=CARTESIAN_POINT('',(-54.7999992370605,-125.501215934753,206.605020523071));
#15911=CARTESIAN_POINT('',(-54.7999992370605,-125.501215934753,206.605020523071));
#15912=CARTESIAN_POINT('',(-54.7999992370605,-125.619671344757,206.480604171753));
#15913=CARTESIAN_POINT('',(-54.7999992370605,-125.619671344757,206.480604171753));
#15914=CARTESIAN_POINT('',(-54.7999992370605,-125.731878757477,206.350522994995));
#15915=CARTESIAN_POINT('',(-54.7999992370605,-125.731878757477,206.350522994995));
#15916=CARTESIAN_POINT('',(-54.7999992370605,-125.837568759918,206.21509552002));
#15917=CARTESIAN_POINT('',(-54.7999992370605,-125.837568759918,206.21509552002));
#15918=CARTESIAN_POINT('',(-54.7999992370605,-125.936486244202,206.074642181396));
#15919=CARTESIAN_POINT('',(-54.7999992370605,-125.936486244202,206.074642181396));
#15920=CARTESIAN_POINT('',(-54.7999992370605,-126.028392314911,205.92950630188));
#15921=CARTESIAN_POINT('',(-54.7999992370605,-126.028392314911,205.92950630188));
#15922=CARTESIAN_POINT('',(-54.7999992370605,-126.113066673279,205.780035972595));
#15923=CARTESIAN_POINT('',(-54.7999992370605,-126.113066673279,205.780035972595));
#15924=CARTESIAN_POINT('',(-54.7999992370605,-126.190304756165,205.626589775085));
#15925=CARTESIAN_POINT('',(-54.7999992370605,-126.190304756165,205.626589775085));
#15926=CARTESIAN_POINT('',(-54.7999992370605,-126.259920597076,205.469539642334));
#15927=CARTESIAN_POINT('',(-54.7999992370605,-126.259920597076,205.469539642334));
#15928=CARTESIAN_POINT('',(-54.7999992370605,-126.321746826172,205.309261322021));
#15929=CARTESIAN_POINT('',(-54.7999992370605,-126.321746826172,205.309261322021));
#15930=CARTESIAN_POINT('',(-54.7999992370605,-126.375633716583,205.146143913269));
#15931=CARTESIAN_POINT('',(-54.7999992370605,-126.375633716583,205.146143913269));
#15932=CARTESIAN_POINT('',(-54.7999992370605,-126.421451568604,204.980577468872));
#15933=CARTESIAN_POINT('',(-54.7999992370605,-126.421451568604,204.980577468872));
#15934=CARTESIAN_POINT('',(-54.7999992370605,-126.459090709686,204.812963485718));
#15935=CARTESIAN_POINT('',(-54.7999992370605,-126.459090709686,204.812963485718));
#15936=CARTESIAN_POINT('',(-54.7999992370605,-126.488460063934,204.643703460693));
#15937=CARTESIAN_POINT('',(-54.7999992370605,-126.488460063934,204.643703460693));
#15938=CARTESIAN_POINT('',(-54.7999992370605,-126.509489059448,204.473207473755));
#15939=CARTESIAN_POINT('',(-54.7999992370605,-126.509489059448,204.473207473755));
#15940=CARTESIAN_POINT('',(-54.7999992370605,-126.522126674652,204.30188369751));
#15941=CARTESIAN_POINT('',(-54.7999992370605,-126.522126674652,204.30188369751));
#15942=CARTESIAN_POINT('',(-54.7999992370605,-126.526342391968,204.130146980286));
#15943=CARTESIAN_POINT('',(-54.7999992370605,-126.526342391968,204.130146980286));
#15944=CARTESIAN_POINT('',(-54.7999992370605,-126.526342391968,190.930147171021));
#15945=CARTESIAN_POINT('',(-54.7999992370605,-126.526342391968,190.930147171021));
#15946=CARTESIAN_POINT('',(-54.7999992370605,-133.526342391968,190.930147171021));
#15947=CARTESIAN_POINT('',(-54.7999992370605,-133.526342391968,190.930147171021));
#15948=CARTESIAN_POINT('',(-54.7999992370605,-133.526342391968,189.930147171021));
#15949=CARTESIAN_POINT('',(-54.7999992370605,-133.526342391968,189.930147171021));
#15950=CARTESIAN_POINT('',(-54.7999992370605,-104.03600990281,189.930147171021));
#15951=CARTESIAN_POINT('',(-54.7999992370605,-133.526342391968,189.930147171021));
#15952=CARTESIAN_POINT('',(-54.7999992370605,-104.060952081111,190.930147171021));
#15953=CARTESIAN_POINT('',(-54.7999992370605,-104.296872985135,200.388860086015));
#15954=CARTESIAN_POINT('',(-54.7999992370605,-111.526342391968,190.930147171021));
#15955=CARTESIAN_POINT('',(-54.7999992370605,-111.526342391968,190.930147171021));
#15956=CARTESIAN_POINT('',(-54.7999992370605,-111.526342391968,204.130146980286));
#15957=CARTESIAN_POINT('',(-54.7999992370605,-111.526342391968,190.930147171021));
#15958=CARTESIAN_POINT('',(-54.7999992370605,-111.530558109283,204.30188369751));
#15959=CARTESIAN_POINT('',(-54.7999992370605,-111.530558109283,204.30188369751));
#15960=CARTESIAN_POINT('',(-54.7999992370605,-111.543195724487,204.473207473755));
#15961=CARTESIAN_POINT('',(-54.7999992370605,-111.543195724487,204.473207473755));
#15962=CARTESIAN_POINT('',(-54.7999992370605,-111.564224720001,204.643703460693));
#15963=CARTESIAN_POINT('',(-54.7999992370605,-111.564224720001,204.643703460693));
#15964=CARTESIAN_POINT('',(-54.7999992370605,-111.593594074249,204.812963485718));
#15965=CARTESIAN_POINT('',(-54.7999992370605,-111.593594074249,204.812963485718));
#15966=CARTESIAN_POINT('',(-54.7999992370605,-111.631233215332,204.980577468872));
#15967=CARTESIAN_POINT('',(-54.7999992370605,-111.631233215332,204.980577468872));
#15968=CARTESIAN_POINT('',(-54.7999992370605,-111.677051067352,205.146143913269));
#15969=CARTESIAN_POINT('',(-54.7999992370605,-111.677051067352,205.146143913269));
#15970=CARTESIAN_POINT('',(-54.7999992370605,-111.730937957764,205.309261322021));
#15971=CARTESIAN_POINT('',(-54.7999992370605,-111.730937957764,205.309261322021));
#15972=CARTESIAN_POINT('',(-54.7999992370605,-111.792764186859,205.469539642334));
#15973=CARTESIAN_POINT('',(-54.7999992370605,-111.792764186859,205.469539642334));
#15974=CARTESIAN_POINT('',(-54.7999992370605,-111.862380027771,205.626589775085));
#15975=CARTESIAN_POINT('',(-54.7999992370605,-111.862380027771,205.626589775085));
#15976=CARTESIAN_POINT('',(-54.7999992370605,-111.939618110657,205.780035972595));
#15977=CARTESIAN_POINT('',(-54.7999992370605,-111.939618110657,205.780035972595));
#15978=CARTESIAN_POINT('',(-54.7999992370605,-112.024292469025,205.92950630188));
#15979=CARTESIAN_POINT('',(-54.7999992370605,-112.024292469025,205.92950630188));
#15980=CARTESIAN_POINT('',(-54.7999992370605,-112.116198539734,206.074642181396));
#15981=CARTESIAN_POINT('',(-54.7999992370605,-112.116198539734,206.074642181396));
#15982=CARTESIAN_POINT('',(-54.7999992370605,-112.215116024017,206.21509552002));
#15983=CARTESIAN_POINT('',(-54.7999992370605,-112.215116024017,206.21509552002));
#15984=CARTESIAN_POINT('',(-54.7999992370605,-112.320806026459,206.350522994995));
#15985=CARTESIAN_POINT('',(-54.7999992370605,-112.320806026459,206.350522994995));
#15986=CARTESIAN_POINT('',(-54.7999992370605,-112.433013439178,206.480604171753));
#15987=CARTESIAN_POINT('',(-54.7999992370605,-112.433013439178,206.480604171753));
#15988=CARTESIAN_POINT('',(-54.7999992370605,-112.551468849182,206.605020523071));
#15989=CARTESIAN_POINT('',(-54.7999992370605,-112.551468849182,206.605020523071));
#15990=CARTESIAN_POINT('',(-54.7999992370605,-112.675886154175,206.723476409912));
#15991=CARTESIAN_POINT('',(-54.7999992370605,-112.675886154175,206.723476409912));
#15992=CARTESIAN_POINT('',(-54.7999992370605,-112.805965900421,206.835683822632));
#15993=CARTESIAN_POINT('',(-54.7999992370605,-112.805965900421,206.835683822632));
#15994=CARTESIAN_POINT('',(-54.7999992370605,-112.941394805908,206.941373825073));
#15995=CARTESIAN_POINT('',(-54.7999992370605,-112.941394805908,206.941373825073));
#15996=CARTESIAN_POINT('',(-54.7999992370605,-113.08184671402,207.04029083252));
#15997=CARTESIAN_POINT('',(-54.7999992370605,-113.08184671402,207.04029083252));
#15998=CARTESIAN_POINT('',(-54.7999992370605,-113.226982593536,207.132196426392));
#15999=CARTESIAN_POINT('',(-54.7999992370605,-113.226982593536,207.132196426392));
#16000=CARTESIAN_POINT('',(-54.7999992370605,-113.376453876495,207.216871261597));
#16001=CARTESIAN_POINT('',(-54.7999992370605,-113.376453876495,207.216871261597));
#16002=CARTESIAN_POINT('',(-54.7999992370605,-113.529899597168,207.294109344482));
#16003=CARTESIAN_POINT('',(-54.7999992370605,-113.529899597168,207.294109344482));
#16004=CARTESIAN_POINT('',(-54.7999992370605,-113.686950206757,207.363725662231));
#16005=CARTESIAN_POINT('',(-54.7999992370605,-113.686950206757,207.363725662231));
#16006=CARTESIAN_POINT('',(-54.7999992370605,-113.847228050232,207.425550460815));
#16007=CARTESIAN_POINT('',(-54.7999992370605,-113.847228050232,207.425550460815));
#16008=CARTESIAN_POINT('',(-54.7999992370605,-114.010345935822,207.479438781738));
#16009=CARTESIAN_POINT('',(-54.7999992370605,-114.010345935822,207.479438781738));
#16010=CARTESIAN_POINT('',(-54.7999992370605,-114.175911903381,207.525257110596));
#16011=CARTESIAN_POINT('',(-54.7999992370605,-114.175911903381,207.525257110596));
#16012=CARTESIAN_POINT('',(-54.7999992370605,-114.343526363373,207.562894821167));
#16013=CARTESIAN_POINT('',(-54.7999992370605,-114.343526363373,207.562894821167));
#16014=CARTESIAN_POINT('',(-54.7999992370605,-114.51278591156,207.592264175415));
#16015=CARTESIAN_POINT('',(-54.7999992370605,-114.51278591156,207.592264175415));
#16016=CARTESIAN_POINT('',(-54.7999992370605,-114.683282375336,207.61329460144));
#16017=CARTESIAN_POINT('',(-54.7999992370605,-114.683282375336,207.61329460144));
#16018=CARTESIAN_POINT('',(-54.7999992370605,-114.854605674744,207.625930786133));
#16019=CARTESIAN_POINT('',(-54.7999992370605,-114.854605674744,207.625930786133));
#16020=CARTESIAN_POINT('',(-54.7999992370605,-115.026342391968,207.63014793396));
#16021=CARTESIAN_POINT('Origin',(-56.2999992370605,-123.026342391968,207.63014793396));
#16022=CARTESIAN_POINT('',(-56.2999992370605,-115.026342391968,207.63014793396));
#16023=CARTESIAN_POINT('',(-55.5499992370605,-115.026342391968,207.63014793396));
#16024=CARTESIAN_POINT('',(-56.2999992370605,-123.026342391968,207.63014793396));
#16025=CARTESIAN_POINT('',(-56.2999992370605,-123.026342391968,207.63014793396));
#16026=CARTESIAN_POINT('',(-56.2999992370605,-123.026342391968,207.63014793396));
#16027=CARTESIAN_POINT('Origin',(-104.599998474121,-106.026342391968,207.63014793396));
#16028=CARTESIAN_POINT('',(-104.599998474121,-106.026342391968,207.63014793396));
#16029=CARTESIAN_POINT('',(-104.599998474121,-106.026342391968,207.63014793396));
#16030=CARTESIAN_POINT('',(-104.599998474121,-106.026342391968,193.430147171021));
#16031=CARTESIAN_POINT('',(-104.599998474121,-106.026342391968,193.430147171021));
#16032=CARTESIAN_POINT('',(-97.1333320140839,-106.026342391968,193.430147171021));
#16033=CARTESIAN_POINT('Origin',(-91.3333320617676,-129.526342391968,190.930147171021));
#16034=CARTESIAN_POINT('',(-73.0666656494141,-133.526342391968,190.930147171021));
#16035=CARTESIAN_POINT('',(-73.0666656494141,-133.526342391968,190.930147171021));
#16036=CARTESIAN_POINT('',(-56.2999992370605,-126.526342391968,190.930147171021));
#16037=CARTESIAN_POINT('',(-56.2999992370605,-126.526342391968,190.930147171021));
#16038=CARTESIAN_POINT('',(-56.2999992370605,-111.526342391968,190.930147171021));
#16039=CARTESIAN_POINT('',(-56.2999992370605,-126.526342391968,190.930147171021));
#16040=CARTESIAN_POINT('',(-56.2999992370605,-111.526342391968,190.930147171021));
#16041=CARTESIAN_POINT('',(-83.0333321094513,-104.060952081111,190.930147171021));
#16042=CARTESIAN_POINT('',(-74.733332157135,-108.526342391968,190.930147171021));
#16043=CARTESIAN_POINT('',(-74.733332157135,-108.526342391968,190.930147171021));
#16044=CARTESIAN_POINT('',(-74.733332157135,-104.060952081111,190.930147171021));
#16045=CARTESIAN_POINT('',(-74.733332157135,-108.526342391968,190.930147171021));
#16046=CARTESIAN_POINT('',(-83.0333321094513,-104.060952081111,190.930147171021));
#16047=CARTESIAN_POINT('',(-104.599998474121,-108.526342391968,190.930147171021));
#16048=CARTESIAN_POINT('',(-90.4999988079071,-108.526342391968,190.930147171021));
#16049=CARTESIAN_POINT('',(-104.599998474121,-104.060952081111,190.930147171021));
#16050=CARTESIAN_POINT('',(-104.599998474121,-108.526342391968,190.930147171021));
#16051=CARTESIAN_POINT('',(-109.599998474121,-104.060952081111,190.930147171021));
#16052=CARTESIAN_POINT('',(-83.0333321094513,-104.060952081111,190.930147171021));
#16053=CARTESIAN_POINT('',(-109.599998474121,-111.526342391968,190.930147171021));
#16054=CARTESIAN_POINT('',(-109.599998474121,-111.526342391968,190.930147171021));
#16055=CARTESIAN_POINT('',(-109.599998474121,-111.526342391968,190.930147171021));
#16056=CARTESIAN_POINT('',(-109.599998474121,-126.526342391968,190.930147171021));
#16057=CARTESIAN_POINT('',(-109.599998474121,-126.526342391968,190.930147171021));
#16058=CARTESIAN_POINT('',(-109.599998474121,-133.526342391968,190.930147171021));
#16059=CARTESIAN_POINT('',(-109.599998474121,-133.526342391968,190.930147171021));
#16060=CARTESIAN_POINT('',(-91.3333320617676,-133.526342391968,190.930147171021));
#16061=CARTESIAN_POINT('',(-109.599998474121,-133.526342391968,190.930147171021));
#16062=CARTESIAN_POINT('',(-91.3333320617676,-129.526342391968,190.930147171021));
#16063=CARTESIAN_POINT('',(-91.3333320617676,-133.526342391968,190.930147171021));
#16064=CARTESIAN_POINT('',(-73.0666656494141,-129.526342391968,190.930147171021));
#16065=CARTESIAN_POINT('',(-91.3333320617676,-129.526342391968,190.930147171021));
#16066=CARTESIAN_POINT('',(-73.0666656494141,-133.526342391968,190.930147171021));
#16067=CARTESIAN_POINT('Origin',(-54.7999992370605,-111.526342391968,204.130146980286));
#16068=CARTESIAN_POINT('',(-56.2999992370605,-111.526342391968,204.130146980286));
#16069=CARTESIAN_POINT('',(-56.2999992370605,-111.526342391968,204.130146980286));
#16070=CARTESIAN_POINT('',(-56.2999992370605,-111.526342391968,204.130146980286));
#16071=CARTESIAN_POINT('Origin',(-73.0666656494141,-132.026342391968,207.63014793396));
#16072=CARTESIAN_POINT('',(-91.3333320617676,-132.026342391968,207.63014793396));
#16073=CARTESIAN_POINT('',(-73.0666656494141,-132.026342391968,207.63014793396));
#16074=CARTESIAN_POINT('',(-91.3333320617676,-132.026342391968,207.63014793396));
#16075=CARTESIAN_POINT('',(-73.0666656494141,-132.026342391968,193.430147171021));
#16076=CARTESIAN_POINT('',(-73.0666656494141,-132.026342391968,193.430147171021));
#16077=CARTESIAN_POINT('',(-91.3333320617676,-132.026342391968,193.430147171021));
#16078=CARTESIAN_POINT('',(-91.3333320617676,-132.026342391968,193.430147171021));
#16079=CARTESIAN_POINT('',(-91.3333320617676,-132.026342391968,193.430147171021));
#16080=CARTESIAN_POINT('Origin',(-74.733332157135,-106.026342391968,207.63014793396));
#16081=CARTESIAN_POINT('',(-74.733332157135,-106.026342391968,207.63014793396));
#16082=CARTESIAN_POINT('',(-74.733332157135,-106.026342391968,207.63014793396));
#16083=CARTESIAN_POINT('',(-74.733332157135,-106.026342391968,193.430147171021));
#16084=CARTESIAN_POINT('',(-74.733332157135,-106.026342391968,193.430147171021));
#16085=CARTESIAN_POINT('',(-67.2666656970978,-106.026342391968,193.430147171021));
#16086=CARTESIAN_POINT('Origin',(-89.6666655540466,-106.026342391968,207.63014793396));
#16087=CARTESIAN_POINT('',(-104.599998474121,-109.526342391968,207.63014793396));
#16088=CARTESIAN_POINT('Origin',(-54.7999992370605,-111.526342391968,204.130146980286));
#16089=CARTESIAN_POINT('',(-56.2999992370605,-111.530558109283,204.30188369751));
#16090=CARTESIAN_POINT('',(-56.2999992370605,-111.530558109283,204.30188369751));
#16091=CARTESIAN_POINT('',(-56.2999992370605,-111.530558109283,204.30188369751));
#16092=CARTESIAN_POINT('Origin',(-54.7999992370605,-111.543195724487,204.473207473755));
#16093=CARTESIAN_POINT('',(-56.2999992370605,-111.543195724487,204.473207473755));
#16094=CARTESIAN_POINT('',(-56.2999992370605,-111.543195724487,204.473207473755));
#16095=CARTESIAN_POINT('',(-56.2999992370605,-111.543195724487,204.473207473755));
#16096=CARTESIAN_POINT('',(-56.2999992370605,-111.530558109283,204.30188369751));
#16097=CARTESIAN_POINT('Origin',(-54.7999992370605,-111.530558109283,204.30188369751));
#16098=CARTESIAN_POINT('Origin',(-54.7999992370605,-111.564224720001,204.643703460693));
#16099=CARTESIAN_POINT('',(-56.2999992370605,-111.564224720001,204.643703460693));
#16100=CARTESIAN_POINT('',(-56.2999992370605,-111.564224720001,204.643703460693));
#16101=CARTESIAN_POINT('',(-56.2999992370605,-111.564224720001,204.643703460693));
#16102=CARTESIAN_POINT('',(-56.2999992370605,-111.543195724487,204.473207473755));
#16103=CARTESIAN_POINT('Origin',(-54.7999992370605,-111.543195724487,204.473207473755));
#16104=CARTESIAN_POINT('Origin',(-54.7999992370605,-111.593594074249,204.812963485718));
#16105=CARTESIAN_POINT('',(-56.2999992370605,-111.593594074249,204.812963485718));
#16106=CARTESIAN_POINT('',(-56.2999992370605,-111.593594074249,204.812963485718));
#16107=CARTESIAN_POINT('',(-56.2999992370605,-111.593594074249,204.812963485718));
#16108=CARTESIAN_POINT('',(-56.2999992370605,-111.564224720001,204.643703460693));
#16109=CARTESIAN_POINT('Origin',(-54.7999992370605,-111.564224720001,204.643703460693));
#16110=CARTESIAN_POINT('Origin',(-54.7999992370605,-111.631233215332,204.980577468872));
#16111=CARTESIAN_POINT('',(-56.2999992370605,-111.631233215332,204.980577468872));
#16112=CARTESIAN_POINT('',(-56.2999992370605,-111.631233215332,204.980577468872));
#16113=CARTESIAN_POINT('',(-56.2999992370605,-111.631233215332,204.980577468872));
#16114=CARTESIAN_POINT('',(-56.2999992370605,-111.593594074249,204.812963485718));
#16115=CARTESIAN_POINT('Origin',(-54.7999992370605,-111.593594074249,204.812963485718));
#16116=CARTESIAN_POINT('Origin',(-54.7999992370605,-111.631233215332,204.980577468872));
#16117=CARTESIAN_POINT('',(-56.2999992370605,-111.677051067352,205.146143913269));
#16118=CARTESIAN_POINT('',(-56.2999992370605,-111.677051067352,205.146143913269));
#16119=CARTESIAN_POINT('',(-56.2999992370605,-111.677051067352,205.146143913269));
#16120=CARTESIAN_POINT('Origin',(-54.7999992370605,-111.730937957764,205.309261322021));
#16121=CARTESIAN_POINT('',(-56.2999992370605,-111.730937957764,205.309261322021));
#16122=CARTESIAN_POINT('',(-56.2999992370605,-111.730937957764,205.309261322021));
#16123=CARTESIAN_POINT('',(-56.2999992370605,-111.730937957764,205.309261322021));
#16124=CARTESIAN_POINT('',(-56.2999992370605,-111.677051067352,205.146143913269));
#16125=CARTESIAN_POINT('Origin',(-54.7999992370605,-111.631233215332,204.980577468872));
#16126=CARTESIAN_POINT('',(-56.2999992370605,-111.677051067352,205.146143913269));
#16127=CARTESIAN_POINT('Origin',(-54.7999992370605,-111.677051067352,205.146143913269));
#16128=CARTESIAN_POINT('Origin',(-54.7999992370605,-111.792764186859,205.469539642334));
#16129=CARTESIAN_POINT('',(-56.2999992370605,-111.792764186859,205.469539642334));
#16130=CARTESIAN_POINT('',(-56.2999992370605,-111.792764186859,205.469539642334));
#16131=CARTESIAN_POINT('',(-56.2999992370605,-111.792764186859,205.469539642334));
#16132=CARTESIAN_POINT('',(-56.2999992370605,-111.730937957764,205.309261322021));
#16133=CARTESIAN_POINT('Origin',(-54.7999992370605,-111.730937957764,205.309261322021));
#16134=CARTESIAN_POINT('Origin',(-54.7999992370605,-111.862380027771,205.626589775085));
#16135=CARTESIAN_POINT('',(-56.2999992370605,-111.862380027771,205.626589775085));
#16136=CARTESIAN_POINT('',(-56.2999992370605,-111.862380027771,205.626589775085));
#16137=CARTESIAN_POINT('',(-56.2999992370605,-111.862380027771,205.626589775085));
#16138=CARTESIAN_POINT('',(-56.2999992370605,-111.792764186859,205.469539642334));
#16139=CARTESIAN_POINT('Origin',(-54.7999992370605,-111.792764186859,205.469539642334));
#16140=CARTESIAN_POINT('Origin',(-54.7999992370605,-111.939618110657,205.780035972595));
#16141=CARTESIAN_POINT('',(-56.2999992370605,-111.939618110657,205.780035972595));
#16142=CARTESIAN_POINT('',(-56.2999992370605,-111.939618110657,205.780035972595));
#16143=CARTESIAN_POINT('',(-56.2999992370605,-111.939618110657,205.780035972595));
#16144=CARTESIAN_POINT('',(-56.2999992370605,-111.862380027771,205.626589775085));
#16145=CARTESIAN_POINT('Origin',(-54.7999992370605,-111.862380027771,205.626589775085));
#16146=CARTESIAN_POINT('Origin',(-54.7999992370605,-111.939618110657,205.780035972595));
#16147=CARTESIAN_POINT('',(-56.2999992370605,-112.024292469025,205.92950630188));
#16148=CARTESIAN_POINT('',(-56.2999992370605,-112.024292469025,205.92950630188));
#16149=CARTESIAN_POINT('',(-56.2999992370605,-112.024292469025,205.92950630188));
#16150=CARTESIAN_POINT('Origin',(-54.7999992370605,-112.024292469025,205.92950630188));
#16151=CARTESIAN_POINT('',(-56.2999992370605,-112.116198539734,206.074642181396));
#16152=CARTESIAN_POINT('',(-56.2999992370605,-112.116198539734,206.074642181396));
#16153=CARTESIAN_POINT('',(-56.2999992370605,-112.116198539734,206.074642181396));
#16154=CARTESIAN_POINT('',(-56.2999992370605,-112.024292469025,205.92950630188));
#16155=CARTESIAN_POINT('Origin',(-54.7999992370605,-111.939618110657,205.780035972595));
#16156=CARTESIAN_POINT('Origin',(-54.7999992370605,-112.024292469025,205.92950630188));
#16157=CARTESIAN_POINT('',(-56.2999992370605,-112.116198539734,206.074642181396));
#16158=CARTESIAN_POINT('Origin',(-54.7999992370605,-112.116198539734,206.074642181396));
#16159=CARTESIAN_POINT('',(-56.2999992370605,-112.116198539734,206.074642181396));
#16160=CARTESIAN_POINT('Origin',(-54.7999992370605,-112.215116024017,206.21509552002));
#16161=CARTESIAN_POINT('',(-56.2999992370605,-112.215116024017,206.21509552002));
#16162=CARTESIAN_POINT('',(-56.2999992370605,-112.215116024017,206.21509552002));
#16163=CARTESIAN_POINT('',(-56.2999992370605,-112.215116024017,206.21509552002));
#16164=CARTESIAN_POINT('Origin',(-54.7999992370605,-112.215116024017,206.21509552002));
#16165=CARTESIAN_POINT('',(-56.2999992370605,-112.215116024017,206.21509552002));
#16166=CARTESIAN_POINT('Origin',(-54.7999992370605,-112.320806026459,206.350522994995));
#16167=CARTESIAN_POINT('',(-56.2999992370605,-112.320806026459,206.350522994995));
#16168=CARTESIAN_POINT('',(-56.2999992370605,-112.320806026459,206.350522994995));
#16169=CARTESIAN_POINT('',(-56.2999992370605,-112.320806026459,206.350522994995));
#16170=CARTESIAN_POINT('Origin',(-54.7999992370605,-112.320806026459,206.350522994995));
#16171=CARTESIAN_POINT('',(-56.2999992370605,-112.433013439178,206.480604171753));
#16172=CARTESIAN_POINT('',(-56.2999992370605,-112.433013439178,206.480604171753));
#16173=CARTESIAN_POINT('',(-56.2999992370605,-112.433013439178,206.480604171753));
#16174=CARTESIAN_POINT('Origin',(-54.7999992370605,-112.320806026459,206.350522994995));
#16175=CARTESIAN_POINT('',(-56.2999992370605,-112.433013439178,206.480604171753));
#16176=CARTESIAN_POINT('Origin',(-54.7999992370605,-112.433013439178,206.480604171753));
#16177=CARTESIAN_POINT('',(-56.2999992370605,-112.433013439178,206.480604171753));
#16178=CARTESIAN_POINT('Origin',(-54.7999992370605,-112.551468849182,206.605020523071));
#16179=CARTESIAN_POINT('',(-56.2999992370605,-112.551468849182,206.605020523071));
#16180=CARTESIAN_POINT('',(-56.2999992370605,-112.551468849182,206.605020523071));
#16181=CARTESIAN_POINT('',(-56.2999992370605,-112.551468849182,206.605020523071));
#16182=CARTESIAN_POINT('Origin',(-54.7999992370605,-112.551468849182,206.605020523071));
#16183=CARTESIAN_POINT('',(-56.2999992370605,-112.551468849182,206.605020523071));
#16184=CARTESIAN_POINT('Origin',(-54.7999992370605,-112.675886154175,206.723476409912));
#16185=CARTESIAN_POINT('',(-56.2999992370605,-112.675886154175,206.723476409912));
#16186=CARTESIAN_POINT('',(-56.2999992370605,-112.675886154175,206.723476409912));
#16187=CARTESIAN_POINT('',(-56.2999992370605,-112.675886154175,206.723476409912));
#16188=CARTESIAN_POINT('Origin',(-54.7999992370605,-112.675886154175,206.723476409912));
#16189=CARTESIAN_POINT('',(-56.2999992370605,-112.675886154175,206.723476409912));
#16190=CARTESIAN_POINT('Origin',(-54.7999992370605,-112.805965900421,206.835683822632));
#16191=CARTESIAN_POINT('',(-56.2999992370605,-112.805965900421,206.835683822632));
#16192=CARTESIAN_POINT('',(-56.2999992370605,-112.805965900421,206.835683822632));
#16193=CARTESIAN_POINT('',(-56.2999992370605,-112.805965900421,206.835683822632));
#16194=CARTESIAN_POINT('Origin',(-54.7999992370605,-112.805965900421,206.835683822632));
#16195=CARTESIAN_POINT('',(-56.2999992370605,-112.805965900421,206.835683822632));
#16196=CARTESIAN_POINT('Origin',(-54.7999992370605,-112.941394805908,206.941373825073));
#16197=CARTESIAN_POINT('',(-56.2999992370605,-112.941394805908,206.941373825073));
#16198=CARTESIAN_POINT('',(-56.2999992370605,-112.941394805908,206.941373825073));
#16199=CARTESIAN_POINT('',(-56.2999992370605,-112.941394805908,206.941373825073));
#16200=CARTESIAN_POINT('Origin',(-54.7999992370605,-112.941394805908,206.941373825073));
#16201=CARTESIAN_POINT('',(-56.2999992370605,-113.08184671402,207.04029083252));
#16202=CARTESIAN_POINT('',(-56.2999992370605,-113.08184671402,207.04029083252));
#16203=CARTESIAN_POINT('',(-56.2999992370605,-113.08184671402,207.04029083252));
#16204=CARTESIAN_POINT('Origin',(-54.7999992370605,-112.941394805908,206.941373825073));
#16205=CARTESIAN_POINT('',(-56.2999992370605,-113.08184671402,207.04029083252));
#16206=CARTESIAN_POINT('Origin',(-54.7999992370605,-113.08184671402,207.04029083252));
#16207=CARTESIAN_POINT('',(-56.2999992370605,-113.08184671402,207.04029083252));
#16208=CARTESIAN_POINT('Origin',(-54.7999992370605,-113.226982593536,207.132196426392));
#16209=CARTESIAN_POINT('',(-56.2999992370605,-113.226982593536,207.132196426392));
#16210=CARTESIAN_POINT('',(-56.2999992370605,-113.226982593536,207.132196426392));
#16211=CARTESIAN_POINT('',(-56.2999992370605,-113.226982593536,207.132196426392));
#16212=CARTESIAN_POINT('Origin',(-54.7999992370605,-113.226982593536,207.132196426392));
#16213=CARTESIAN_POINT('',(-56.2999992370605,-113.226982593536,207.132196426392));
#16214=CARTESIAN_POINT('Origin',(-54.7999992370605,-113.376453876495,207.216871261597));
#16215=CARTESIAN_POINT('',(-56.2999992370605,-113.376453876495,207.216871261597));
#16216=CARTESIAN_POINT('',(-56.2999992370605,-113.376453876495,207.216871261597));
#16217=CARTESIAN_POINT('',(-56.2999992370605,-113.376453876495,207.216871261597));
#16218=CARTESIAN_POINT('Origin',(-54.7999992370605,-113.376453876495,207.216871261597));
#16219=CARTESIAN_POINT('',(-56.2999992370605,-113.376453876495,207.216871261597));
#16220=CARTESIAN_POINT('Origin',(-54.7999992370605,-113.529899597168,207.294109344482));
#16221=CARTESIAN_POINT('',(-56.2999992370605,-113.529899597168,207.294109344482));
#16222=CARTESIAN_POINT('',(-56.2999992370605,-113.529899597168,207.294109344482));
#16223=CARTESIAN_POINT('',(-56.2999992370605,-113.529899597168,207.294109344482));
#16224=CARTESIAN_POINT('Origin',(-54.7999992370605,-113.529899597168,207.294109344482));
#16225=CARTESIAN_POINT('',(-56.2999992370605,-113.686950206757,207.363725662231));
#16226=CARTESIAN_POINT('',(-56.2999992370605,-113.686950206757,207.363725662231));
#16227=CARTESIAN_POINT('',(-56.2999992370605,-113.686950206757,207.363725662231));
#16228=CARTESIAN_POINT('Origin',(-54.7999992370605,-113.847228050232,207.425550460815));
#16229=CARTESIAN_POINT('',(-56.2999992370605,-113.847228050232,207.425550460815));
#16230=CARTESIAN_POINT('',(-56.2999992370605,-113.847228050232,207.425550460815));
#16231=CARTESIAN_POINT('',(-56.2999992370605,-113.847228050232,207.425550460815));
#16232=CARTESIAN_POINT('',(-56.2999992370605,-113.686950206757,207.363725662231));
#16233=CARTESIAN_POINT('Origin',(-54.7999992370605,-113.529899597168,207.294109344482));
#16234=CARTESIAN_POINT('',(-56.2999992370605,-113.686950206757,207.363725662231));
#16235=CARTESIAN_POINT('Origin',(-54.7999992370605,-113.686950206757,207.363725662231));
#16236=CARTESIAN_POINT('Origin',(-54.7999992370605,-114.010345935822,207.479438781738));
#16237=CARTESIAN_POINT('',(-56.2999992370605,-114.010345935822,207.479438781738));
#16238=CARTESIAN_POINT('',(-56.2999992370605,-114.010345935822,207.479438781738));
#16239=CARTESIAN_POINT('',(-56.2999992370605,-114.010345935822,207.479438781738));
#16240=CARTESIAN_POINT('',(-56.2999992370605,-113.847228050232,207.425550460815));
#16241=CARTESIAN_POINT('Origin',(-54.7999992370605,-113.847228050232,207.425550460815));
#16242=CARTESIAN_POINT('Origin',(-54.7999992370605,-114.175911903381,207.525257110596));
#16243=CARTESIAN_POINT('',(-56.2999992370605,-114.175911903381,207.525257110596));
#16244=CARTESIAN_POINT('',(-56.2999992370605,-114.175911903381,207.525257110596));
#16245=CARTESIAN_POINT('',(-56.2999992370605,-114.175911903381,207.525257110596));
#16246=CARTESIAN_POINT('',(-56.2999992370605,-114.010345935822,207.479438781738));
#16247=CARTESIAN_POINT('Origin',(-54.7999992370605,-114.010345935822,207.479438781738));
#16248=CARTESIAN_POINT('Origin',(-54.7999992370605,-114.343526363373,207.562894821167));
#16249=CARTESIAN_POINT('',(-56.2999992370605,-114.343526363373,207.562894821167));
#16250=CARTESIAN_POINT('',(-56.2999992370605,-114.343526363373,207.562894821167));
#16251=CARTESIAN_POINT('',(-56.2999992370605,-114.343526363373,207.562894821167));
#16252=CARTESIAN_POINT('',(-56.2999992370605,-114.175911903381,207.525257110596));
#16253=CARTESIAN_POINT('Origin',(-54.7999992370605,-114.175911903381,207.525257110596));
#16254=CARTESIAN_POINT('Origin',(-54.7999992370605,-114.51278591156,207.592264175415));
#16255=CARTESIAN_POINT('',(-56.2999992370605,-114.51278591156,207.592264175415));
#16256=CARTESIAN_POINT('',(-56.2999992370605,-114.51278591156,207.592264175415));
#16257=CARTESIAN_POINT('',(-56.2999992370605,-114.51278591156,207.592264175415));
#16258=CARTESIAN_POINT('',(-56.2999992370605,-114.343526363373,207.562894821167));
#16259=CARTESIAN_POINT('Origin',(-54.7999992370605,-114.343526363373,207.562894821167));
#16260=CARTESIAN_POINT('Origin',(-54.7999992370605,-114.683282375336,207.61329460144));
#16261=CARTESIAN_POINT('',(-56.2999992370605,-114.683282375336,207.61329460144));
#16262=CARTESIAN_POINT('',(-56.2999992370605,-114.683282375336,207.61329460144));
#16263=CARTESIAN_POINT('',(-56.2999992370605,-114.683282375336,207.61329460144));
#16264=CARTESIAN_POINT('',(-56.2999992370605,-114.51278591156,207.592264175415));
#16265=CARTESIAN_POINT('Origin',(-54.7999992370605,-114.51278591156,207.592264175415));
#16266=CARTESIAN_POINT('Origin',(-54.7999992370605,-114.854605674744,207.625930786133));
#16267=CARTESIAN_POINT('',(-56.2999992370605,-114.854605674744,207.625930786133));
#16268=CARTESIAN_POINT('',(-56.2999992370605,-114.854605674744,207.625930786133));
#16269=CARTESIAN_POINT('',(-56.2999992370605,-114.854605674744,207.625930786133));
#16270=CARTESIAN_POINT('',(-56.2999992370605,-114.683282375336,207.61329460144));
#16271=CARTESIAN_POINT('Origin',(-54.7999992370605,-114.683282375336,207.61329460144));
#16272=CARTESIAN_POINT('Origin',(-54.7999992370605,-115.026342391968,207.63014793396));
#16273=CARTESIAN_POINT('',(-56.2999992370605,-115.026342391968,207.63014793396));
#16274=CARTESIAN_POINT('Origin',(-54.7999992370605,-123.026342391968,207.63014793396));
#16275=CARTESIAN_POINT('',(-56.2999992370605,-123.198079109192,207.625930786133));
#16276=CARTESIAN_POINT('',(-56.2999992370605,-123.198079109192,207.625930786133));
#16277=CARTESIAN_POINT('',(-56.2999992370605,-123.198079109192,207.625930786133));
#16278=CARTESIAN_POINT('Origin',(-54.7999992370605,-123.3694024086,207.61329460144));
#16279=CARTESIAN_POINT('',(-56.2999992370605,-123.3694024086,207.61329460144));
#16280=CARTESIAN_POINT('',(-56.2999992370605,-123.3694024086,207.61329460144));
#16281=CARTESIAN_POINT('',(-56.2999992370605,-123.3694024086,207.61329460144));
#16282=CARTESIAN_POINT('',(-56.2999992370605,-123.198079109192,207.625930786133));
#16283=CARTESIAN_POINT('Origin',(-54.7999992370605,-123.198079109192,207.625930786133));
#16284=CARTESIAN_POINT('Origin',(-54.7999992370605,-123.539898872375,207.592264175415));
#16285=CARTESIAN_POINT('',(-56.2999992370605,-123.539898872375,207.592264175415));
#16286=CARTESIAN_POINT('',(-56.2999992370605,-123.539898872375,207.592264175415));
#16287=CARTESIAN_POINT('',(-56.2999992370605,-123.539898872375,207.592264175415));
#16288=CARTESIAN_POINT('',(-56.2999992370605,-123.3694024086,207.61329460144));
#16289=CARTESIAN_POINT('Origin',(-54.7999992370605,-123.3694024086,207.61329460144));
#16290=CARTESIAN_POINT('Origin',(-54.7999992370605,-123.709158420563,207.562894821167));
#16291=CARTESIAN_POINT('',(-56.2999992370605,-123.709158420563,207.562894821167));
#16292=CARTESIAN_POINT('',(-56.2999992370605,-123.709158420563,207.562894821167));
#16293=CARTESIAN_POINT('',(-56.2999992370605,-123.709158420563,207.562894821167));
#16294=CARTESIAN_POINT('',(-56.2999992370605,-123.539898872375,207.592264175415));
#16295=CARTESIAN_POINT('Origin',(-54.7999992370605,-123.539898872375,207.592264175415));
#16296=CARTESIAN_POINT('Origin',(-54.7999992370605,-123.876772880554,207.525257110596));
#16297=CARTESIAN_POINT('',(-56.2999992370605,-123.876772880554,207.525257110596));
#16298=CARTESIAN_POINT('',(-56.2999992370605,-123.876772880554,207.525257110596));
#16299=CARTESIAN_POINT('',(-56.2999992370605,-123.876772880554,207.525257110596));
#16300=CARTESIAN_POINT('',(-56.2999992370605,-123.709158420563,207.562894821167));
#16301=CARTESIAN_POINT('Origin',(-54.7999992370605,-123.709158420563,207.562894821167));
#16302=CARTESIAN_POINT('Origin',(-54.7999992370605,-124.042338848114,207.479438781738));
#16303=CARTESIAN_POINT('',(-56.2999992370605,-124.042338848114,207.479438781738));
#16304=CARTESIAN_POINT('',(-56.2999992370605,-124.042338848114,207.479438781738));
#16305=CARTESIAN_POINT('',(-56.2999992370605,-124.042338848114,207.479438781738));
#16306=CARTESIAN_POINT('',(-56.2999992370605,-123.876772880554,207.525257110596));
#16307=CARTESIAN_POINT('Origin',(-54.7999992370605,-123.876772880554,207.525257110596));
#16308=CARTESIAN_POINT('Origin',(-54.7999992370605,-124.042338848114,207.479438781738));
#16309=CARTESIAN_POINT('',(-56.2999992370605,-124.205456733704,207.425550460815));
#16310=CARTESIAN_POINT('',(-56.2999992370605,-124.205456733704,207.425550460815));
#16311=CARTESIAN_POINT('',(-56.2999992370605,-124.205456733704,207.425550460815));
#16312=CARTESIAN_POINT('Origin',(-54.7999992370605,-124.205456733704,207.425550460815));
#16313=CARTESIAN_POINT('',(-56.2999992370605,-124.365734577179,207.363725662231));
#16314=CARTESIAN_POINT('',(-56.2999992370605,-124.365734577179,207.363725662231));
#16315=CARTESIAN_POINT('',(-56.2999992370605,-124.365734577179,207.363725662231));
#16316=CARTESIAN_POINT('',(-56.2999992370605,-124.205456733704,207.425550460815));
#16317=CARTESIAN_POINT('Origin',(-54.7999992370605,-124.042338848114,207.479438781738));
#16318=CARTESIAN_POINT('Origin',(-54.7999992370605,-124.522785186768,207.294109344482));
#16319=CARTESIAN_POINT('',(-56.2999992370605,-124.522785186768,207.294109344482));
#16320=CARTESIAN_POINT('',(-56.2999992370605,-124.522785186768,207.294109344482));
#16321=CARTESIAN_POINT('',(-56.2999992370605,-124.522785186768,207.294109344482));
#16322=CARTESIAN_POINT('',(-56.2999992370605,-124.365734577179,207.363725662231));
#16323=CARTESIAN_POINT('Origin',(-54.7999992370605,-124.205456733704,207.425550460815));
#16324=CARTESIAN_POINT('',(-56.2999992370605,-124.365734577179,207.363725662231));
#16325=CARTESIAN_POINT('Origin',(-54.7999992370605,-124.365734577179,207.363725662231));
#16326=CARTESIAN_POINT('Origin',(-54.7999992370605,-124.67623090744,207.216871261597));
#16327=CARTESIAN_POINT('',(-56.2999992370605,-124.67623090744,207.216871261597));
#16328=CARTESIAN_POINT('',(-56.2999992370605,-124.67623090744,207.216871261597));
#16329=CARTESIAN_POINT('',(-56.2999992370605,-124.67623090744,207.216871261597));
#16330=CARTESIAN_POINT('',(-56.2999992370605,-124.522785186768,207.294109344482));
#16331=CARTESIAN_POINT('Origin',(-54.7999992370605,-124.522785186768,207.294109344482));
#16332=CARTESIAN_POINT('Origin',(-54.7999992370605,-124.67623090744,207.216871261597));
#16333=CARTESIAN_POINT('',(-56.2999992370605,-124.825702190399,207.132196426392));
#16334=CARTESIAN_POINT('',(-56.2999992370605,-124.825702190399,207.132196426392));
#16335=CARTESIAN_POINT('',(-56.2999992370605,-124.825702190399,207.132196426392));
#16336=CARTESIAN_POINT('Origin',(-54.7999992370605,-124.970838069916,207.04029083252));
#16337=CARTESIAN_POINT('',(-56.2999992370605,-124.970838069916,207.04029083252));
#16338=CARTESIAN_POINT('',(-56.2999992370605,-124.970838069916,207.04029083252));
#16339=CARTESIAN_POINT('',(-56.2999992370605,-124.970838069916,207.04029083252));
#16340=CARTESIAN_POINT('',(-56.2999992370605,-124.825702190399,207.132196426392));
#16341=CARTESIAN_POINT('Origin',(-54.7999992370605,-124.67623090744,207.216871261597));
#16342=CARTESIAN_POINT('',(-56.2999992370605,-124.825702190399,207.132196426392));
#16343=CARTESIAN_POINT('Origin',(-54.7999992370605,-124.825702190399,207.132196426392));
#16344=CARTESIAN_POINT('Origin',(-54.7999992370605,-124.970838069916,207.04029083252));
#16345=CARTESIAN_POINT('',(-56.2999992370605,-124.970838069916,207.04029083252));
#16346=CARTESIAN_POINT('Origin',(-54.7999992370605,-125.111289978027,206.941373825073));
#16347=CARTESIAN_POINT('',(-56.2999992370605,-125.111289978027,206.941373825073));
#16348=CARTESIAN_POINT('',(-56.2999992370605,-125.111289978027,206.941373825073));
#16349=CARTESIAN_POINT('',(-56.2999992370605,-125.111289978027,206.941373825073));
#16350=CARTESIAN_POINT('Origin',(-54.7999992370605,-125.111289978027,206.941373825073));
#16351=CARTESIAN_POINT('',(-56.2999992370605,-125.246718883514,206.835683822632));
#16352=CARTESIAN_POINT('',(-56.2999992370605,-125.246718883514,206.835683822632));
#16353=CARTESIAN_POINT('',(-56.2999992370605,-125.246718883514,206.835683822632));
#16354=CARTESIAN_POINT('Origin',(-54.7999992370605,-125.111289978027,206.941373825073));
#16355=CARTESIAN_POINT('',(-56.2999992370605,-125.246718883514,206.835683822632));
#16356=CARTESIAN_POINT('Origin',(-54.7999992370605,-125.246718883514,206.835683822632));
#16357=CARTESIAN_POINT('',(-56.2999992370605,-125.246718883514,206.835683822632));
#16358=CARTESIAN_POINT('Origin',(-54.7999992370605,-125.376798629761,206.723476409912));
#16359=CARTESIAN_POINT('',(-56.2999992370605,-125.376798629761,206.723476409912));
#16360=CARTESIAN_POINT('',(-56.2999992370605,-125.376798629761,206.723476409912));
#16361=CARTESIAN_POINT('',(-56.2999992370605,-125.376798629761,206.723476409912));
#16362=CARTESIAN_POINT('Origin',(-54.7999992370605,-125.376798629761,206.723476409912));
#16363=CARTESIAN_POINT('',(-56.2999992370605,-125.501215934753,206.605020523071));
#16364=CARTESIAN_POINT('',(-56.2999992370605,-125.501215934753,206.605020523071));
#16365=CARTESIAN_POINT('',(-56.2999992370605,-125.501215934753,206.605020523071));
#16366=CARTESIAN_POINT('Origin',(-54.7999992370605,-125.376798629761,206.723476409912));
#16367=CARTESIAN_POINT('',(-56.2999992370605,-125.501215934753,206.605020523071));
#16368=CARTESIAN_POINT('Origin',(-54.7999992370605,-125.501215934753,206.605020523071));
#16369=CARTESIAN_POINT('',(-56.2999992370605,-125.619671344757,206.480604171753));
#16370=CARTESIAN_POINT('',(-56.2999992370605,-125.619671344757,206.480604171753));
#16371=CARTESIAN_POINT('',(-56.2999992370605,-125.619671344757,206.480604171753));
#16372=CARTESIAN_POINT('Origin',(-54.7999992370605,-125.501215934753,206.605020523071));
#16373=CARTESIAN_POINT('',(-56.2999992370605,-125.619671344757,206.480604171753));
#16374=CARTESIAN_POINT('Origin',(-54.7999992370605,-125.619671344757,206.480604171753));
#16375=CARTESIAN_POINT('',(-56.2999992370605,-125.619671344757,206.480604171753));
#16376=CARTESIAN_POINT('Origin',(-54.7999992370605,-125.731878757477,206.350522994995));
#16377=CARTESIAN_POINT('',(-56.2999992370605,-125.731878757477,206.350522994995));
#16378=CARTESIAN_POINT('',(-56.2999992370605,-125.731878757477,206.350522994995));
#16379=CARTESIAN_POINT('',(-56.2999992370605,-125.731878757477,206.350522994995));
#16380=CARTESIAN_POINT('Origin',(-54.7999992370605,-125.731878757477,206.350522994995));
#16381=CARTESIAN_POINT('',(-56.2999992370605,-125.837568759918,206.21509552002));
#16382=CARTESIAN_POINT('',(-56.2999992370605,-125.837568759918,206.21509552002));
#16383=CARTESIAN_POINT('',(-56.2999992370605,-125.837568759918,206.21509552002));
#16384=CARTESIAN_POINT('Origin',(-54.7999992370605,-125.731878757477,206.350522994995));
#16385=CARTESIAN_POINT('',(-56.2999992370605,-125.837568759918,206.21509552002));
#16386=CARTESIAN_POINT('Origin',(-54.7999992370605,-125.837568759918,206.21509552002));
#16387=CARTESIAN_POINT('',(-56.2999992370605,-125.837568759918,206.21509552002));
#16388=CARTESIAN_POINT('Origin',(-54.7999992370605,-125.936486244202,206.074642181396));
#16389=CARTESIAN_POINT('',(-56.2999992370605,-125.936486244202,206.074642181396));
#16390=CARTESIAN_POINT('',(-56.2999992370605,-125.936486244202,206.074642181396));
#16391=CARTESIAN_POINT('',(-56.2999992370605,-125.936486244202,206.074642181396));
#16392=CARTESIAN_POINT('Origin',(-54.7999992370605,-125.936486244202,206.074642181396));
#16393=CARTESIAN_POINT('',(-56.2999992370605,-125.936486244202,206.074642181396));
#16394=CARTESIAN_POINT('Origin',(-54.7999992370605,-126.028392314911,205.92950630188));
#16395=CARTESIAN_POINT('',(-56.2999992370605,-126.028392314911,205.92950630188));
#16396=CARTESIAN_POINT('',(-56.2999992370605,-126.028392314911,205.92950630188));
#16397=CARTESIAN_POINT('',(-56.2999992370605,-126.028392314911,205.92950630188));
#16398=CARTESIAN_POINT('Origin',(-54.7999992370605,-126.028392314911,205.92950630188));
#16399=CARTESIAN_POINT('',(-56.2999992370605,-126.113066673279,205.780035972595));
#16400=CARTESIAN_POINT('',(-56.2999992370605,-126.113066673279,205.780035972595));
#16401=CARTESIAN_POINT('',(-56.2999992370605,-126.113066673279,205.780035972595));
#16402=CARTESIAN_POINT('Origin',(-54.7999992370605,-126.028392314911,205.92950630188));
#16403=CARTESIAN_POINT('',(-56.2999992370605,-126.113066673279,205.780035972595));
#16404=CARTESIAN_POINT('Origin',(-54.7999992370605,-126.113066673279,205.780035972595));
#16405=CARTESIAN_POINT('',(-56.2999992370605,-126.113066673279,205.780035972595));
#16406=CARTESIAN_POINT('Origin',(-54.7999992370605,-126.190304756165,205.626589775085));
#16407=CARTESIAN_POINT('',(-56.2999992370605,-126.190304756165,205.626589775085));
#16408=CARTESIAN_POINT('',(-56.2999992370605,-126.190304756165,205.626589775085));
#16409=CARTESIAN_POINT('',(-56.2999992370605,-126.190304756165,205.626589775085));
#16410=CARTESIAN_POINT('Origin',(-54.7999992370605,-126.190304756165,205.626589775085));
#16411=CARTESIAN_POINT('',(-56.2999992370605,-126.190304756165,205.626589775085));
#16412=CARTESIAN_POINT('Origin',(-54.7999992370605,-126.259920597076,205.469539642334));
#16413=CARTESIAN_POINT('',(-56.2999992370605,-126.259920597076,205.469539642334));
#16414=CARTESIAN_POINT('',(-56.2999992370605,-126.259920597076,205.469539642334));
#16415=CARTESIAN_POINT('',(-56.2999992370605,-126.259920597076,205.469539642334));
#16416=CARTESIAN_POINT('Origin',(-54.7999992370605,-126.259920597076,205.469539642334));
#16417=CARTESIAN_POINT('',(-56.2999992370605,-126.259920597076,205.469539642334));
#16418=CARTESIAN_POINT('Origin',(-54.7999992370605,-126.321746826172,205.309261322021));
#16419=CARTESIAN_POINT('',(-56.2999992370605,-126.321746826172,205.309261322021));
#16420=CARTESIAN_POINT('',(-56.2999992370605,-126.321746826172,205.309261322021));
#16421=CARTESIAN_POINT('',(-56.2999992370605,-126.321746826172,205.309261322021));
#16422=CARTESIAN_POINT('Origin',(-54.7999992370605,-126.321746826172,205.309261322021));
#16423=CARTESIAN_POINT('',(-56.2999992370605,-126.375633716583,205.146143913269));
#16424=CARTESIAN_POINT('',(-56.2999992370605,-126.375633716583,205.146143913269));
#16425=CARTESIAN_POINT('',(-56.2999992370605,-126.375633716583,205.146143913269));
#16426=CARTESIAN_POINT('Origin',(-54.7999992370605,-126.421451568604,204.980577468872));
#16427=CARTESIAN_POINT('',(-56.2999992370605,-126.421451568604,204.980577468872));
#16428=CARTESIAN_POINT('',(-56.2999992370605,-126.421451568604,204.980577468872));
#16429=CARTESIAN_POINT('',(-56.2999992370605,-126.421451568604,204.980577468872));
#16430=CARTESIAN_POINT('',(-56.2999992370605,-126.375633716583,205.146143913269));
#16431=CARTESIAN_POINT('Origin',(-54.7999992370605,-126.321746826172,205.309261322021));
#16432=CARTESIAN_POINT('',(-56.2999992370605,-126.375633716583,205.146143913269));
#16433=CARTESIAN_POINT('Origin',(-54.7999992370605,-126.375633716583,205.146143913269));
#16434=CARTESIAN_POINT('Origin',(-54.7999992370605,-126.459090709686,204.812963485718));
#16435=CARTESIAN_POINT('',(-56.2999992370605,-126.459090709686,204.812963485718));
#16436=CARTESIAN_POINT('',(-56.2999992370605,-126.459090709686,204.812963485718));
#16437=CARTESIAN_POINT('',(-56.2999992370605,-126.459090709686,204.812963485718));
#16438=CARTESIAN_POINT('',(-56.2999992370605,-126.421451568604,204.980577468872));
#16439=CARTESIAN_POINT('Origin',(-54.7999992370605,-126.421451568604,204.980577468872));
#16440=CARTESIAN_POINT('Origin',(-54.7999992370605,-126.488460063934,204.643703460693));
#16441=CARTESIAN_POINT('',(-56.2999992370605,-126.488460063934,204.643703460693));
#16442=CARTESIAN_POINT('',(-56.2999992370605,-126.488460063934,204.643703460693));
#16443=CARTESIAN_POINT('',(-56.2999992370605,-126.488460063934,204.643703460693));
#16444=CARTESIAN_POINT('',(-56.2999992370605,-126.459090709686,204.812963485718));
#16445=CARTESIAN_POINT('Origin',(-54.7999992370605,-126.459090709686,204.812963485718));
#16446=CARTESIAN_POINT('Origin',(-54.7999992370605,-126.509489059448,204.473207473755));
#16447=CARTESIAN_POINT('',(-56.2999992370605,-126.509489059448,204.473207473755));
#16448=CARTESIAN_POINT('',(-56.2999992370605,-126.509489059448,204.473207473755));
#16449=CARTESIAN_POINT('',(-56.2999992370605,-126.509489059448,204.473207473755));
#16450=CARTESIAN_POINT('',(-56.2999992370605,-126.488460063934,204.643703460693));
#16451=CARTESIAN_POINT('Origin',(-54.7999992370605,-126.488460063934,204.643703460693));
#16452=CARTESIAN_POINT('Origin',(-54.7999992370605,-126.522126674652,204.30188369751));
#16453=CARTESIAN_POINT('',(-56.2999992370605,-126.522126674652,204.30188369751));
#16454=CARTESIAN_POINT('',(-56.2999992370605,-126.522126674652,204.30188369751));
#16455=CARTESIAN_POINT('',(-56.2999992370605,-126.522126674652,204.30188369751));
#16456=CARTESIAN_POINT('',(-56.2999992370605,-126.509489059448,204.473207473755));
#16457=CARTESIAN_POINT('Origin',(-54.7999992370605,-126.509489059448,204.473207473755));
#16458=CARTESIAN_POINT('Origin',(-54.7999992370605,-126.526342391968,204.130146980286));
#16459=CARTESIAN_POINT('',(-56.2999992370605,-126.526342391968,204.130146980286));
#16460=CARTESIAN_POINT('',(-56.2999992370605,-126.526342391968,204.130146980286));
#16461=CARTESIAN_POINT('',(-56.2999992370605,-126.526342391968,204.130146980286));
#16462=CARTESIAN_POINT('Origin',(-73.0666656494141,-128.526342391968,207.63014793396));
#16463=CARTESIAN_POINT('',(-91.3333320617676,-128.526342391968,207.63014793396));
#16464=CARTESIAN_POINT('',(-73.0666656494141,-130.955191612244,210.524738311768));
#16465=CARTESIAN_POINT('',(-91.3333320617676,-128.526342391968,207.63014793396));
#16466=CARTESIAN_POINT('',(-73.0666656494141,-128.526342391968,207.63014793396));
#16467=CARTESIAN_POINT('',(-73.0666656494141,-130.955191612244,210.524738311768));
#16468=CARTESIAN_POINT('',(-91.3333320617676,-128.526342391968,207.63014793396));
#16469=CARTESIAN_POINT('Origin',(-73.0666656494141,-130.955191612244,210.524738311768));
#16470=CARTESIAN_POINT('',(-91.3333320617676,-130.955191612244,210.524738311768));
#16471=CARTESIAN_POINT('',(-91.3333320617676,-130.955191612244,210.524738311768));
#16472=CARTESIAN_POINT('',(-91.3333320617676,-130.955191612244,210.524738311768));
#16473=CARTESIAN_POINT('Origin',(-73.0666656494141,-132.026342391968,207.63014793396));
#16474=CARTESIAN_POINT('',(-73.0666656494141,-132.026342391968,207.63014793396));
#16475=CARTESIAN_POINT('',(-91.3333320617676,-132.026342391968,207.63014793396));
#16476=CARTESIAN_POINT('Origin',(-91.3333320617676,-133.526342391968,209.588914871216));
#16477=CARTESIAN_POINT('',(-91.3333320617676,-133.526342391968,209.588914871216));
#16478=CARTESIAN_POINT('',(-91.3333320617676,-133.524532318115,209.661485671997));
#16479=CARTESIAN_POINT('',(-91.3333320617676,-133.526342391968,209.588914871216));
#16480=CARTESIAN_POINT('',(-73.0666656494141,-133.526342391968,209.588914871216));
#16481=CARTESIAN_POINT('',(-91.3333320617676,-133.526342391968,209.588914871216));
#16482=CARTESIAN_POINT('',(-73.0666656494141,-133.524532318115,209.661485671997));
#16483=CARTESIAN_POINT('',(-73.0666656494141,-133.526342391968,209.588914871216));
#16484=CARTESIAN_POINT('',(-91.3333320617676,-133.524532318115,209.661485671997));
#16485=CARTESIAN_POINT('Origin',(-91.3333320617676,-133.524532318115,209.661485671997));
#16486=CARTESIAN_POINT('',(-73.0666656494141,-133.519107818604,209.73387336731));
#16487=CARTESIAN_POINT('',(-73.0666656494141,-133.524532318115,209.661485671997));
#16488=CARTESIAN_POINT('',(-91.3333320617676,-133.524532318115,209.661485671997));
#16489=CARTESIAN_POINT('Origin',(-91.3333320617676,-133.524532318115,209.661485671997));
#16490=CARTESIAN_POINT('',(-91.3333320617676,-133.519107818604,209.73387336731));
#16491=CARTESIAN_POINT('',(-91.3333320617676,-133.519107818604,209.73387336731));
#16492=CARTESIAN_POINT('',(-91.3333320617676,-133.524532318115,209.661485671997));
#16493=CARTESIAN_POINT('Origin',(-91.3333320617676,-133.519107818604,209.73387336731));
#16494=CARTESIAN_POINT('',(-73.0666656494141,-133.510081291199,209.805902481079));
#16495=CARTESIAN_POINT('',(-73.0666656494141,-133.519107818604,209.73387336731));
#16496=CARTESIAN_POINT('',(-91.3333320617676,-133.519107818604,209.73387336731));
#16497=CARTESIAN_POINT('Origin',(-91.3333320617676,-133.519107818604,209.73387336731));
#16498=CARTESIAN_POINT('',(-91.3333320617676,-133.510081291199,209.805902481079));
#16499=CARTESIAN_POINT('',(-91.3333320617676,-133.510081291199,209.805902481079));
#16500=CARTESIAN_POINT('',(-91.3333320617676,-133.519107818604,209.73387336731));
#16501=CARTESIAN_POINT('Origin',(-91.3333320617676,-133.510081291199,209.805902481079));
#16502=CARTESIAN_POINT('',(-73.0666656494141,-133.497475624084,209.877391815186));
#16503=CARTESIAN_POINT('',(-73.0666656494141,-133.510081291199,209.805902481079));
#16504=CARTESIAN_POINT('',(-91.3333320617676,-133.510081291199,209.805902481079));
#16505=CARTESIAN_POINT('Origin',(-91.3333320617676,-133.510081291199,209.805902481079));
#16506=CARTESIAN_POINT('',(-91.3333320617676,-133.497475624084,209.877391815186));
#16507=CARTESIAN_POINT('',(-91.3333320617676,-133.497475624084,209.877391815186));
#16508=CARTESIAN_POINT('',(-91.3333320617676,-133.510081291199,209.805902481079));
#16509=CARTESIAN_POINT('Origin',(-91.3333320617676,-133.497475624084,209.877391815186));
#16510=CARTESIAN_POINT('',(-91.3333320617676,-133.481322288513,209.948163986206));
#16511=CARTESIAN_POINT('',(-91.3333320617676,-133.481322288513,209.948163986206));
#16512=CARTESIAN_POINT('',(-91.3333320617676,-133.497475624084,209.877391815186));
#16513=CARTESIAN_POINT('Origin',(-91.3333320617676,-133.481322288513,209.948163986206));
#16514=CARTESIAN_POINT('',(-73.0666656494141,-133.481322288513,209.948163986206));
#16515=CARTESIAN_POINT('',(-73.0666656494141,-133.497475624084,209.877391815186));
#16516=CARTESIAN_POINT('',(-91.3333320617676,-133.481322288513,209.948163986206));
#16517=CARTESIAN_POINT('Origin',(-91.3333320617676,-133.481322288513,209.948163986206));
#16518=CARTESIAN_POINT('',(-91.3333320617676,-133.461661338806,210.018043518066));
#16519=CARTESIAN_POINT('',(-91.3333320617676,-133.461661338806,210.018043518066));
#16520=CARTESIAN_POINT('',(-91.3333320617676,-133.481322288513,209.948163986206));
#16521=CARTESIAN_POINT('Origin',(-91.3333320617676,-133.461661338806,210.018043518066));
#16522=CARTESIAN_POINT('',(-73.0666656494141,-133.461661338806,210.018043518066));
#16523=CARTESIAN_POINT('',(-73.0666656494141,-133.481322288513,209.948163986206));
#16524=CARTESIAN_POINT('',(-91.3333320617676,-133.461661338806,210.018043518066));
#16525=CARTESIAN_POINT('Origin',(-91.3333320617676,-133.461661338806,210.018043518066));
#16526=CARTESIAN_POINT('',(-73.0666656494141,-133.438542366028,210.086854934692));
#16527=CARTESIAN_POINT('',(-73.0666656494141,-133.461661338806,210.018043518066));
#16528=CARTESIAN_POINT('',(-91.3333320617676,-133.461661338806,210.018043518066));
#16529=CARTESIAN_POINT('Origin',(-91.3333320617676,-133.461661338806,210.018043518066));
#16530=CARTESIAN_POINT('',(-91.3333320617676,-133.438542366028,210.086854934692));
#16531=CARTESIAN_POINT('',(-91.3333320617676,-133.438542366028,210.086854934692));
#16532=CARTESIAN_POINT('',(-91.3333320617676,-133.461661338806,210.018043518066));
#16533=CARTESIAN_POINT('Origin',(-91.3333320617676,-133.438542366028,210.086854934692));
#16534=CARTESIAN_POINT('',(-91.3333320617676,-133.412020683289,210.154430389404));
#16535=CARTESIAN_POINT('',(-91.3333320617676,-133.412020683289,210.154430389404));
#16536=CARTESIAN_POINT('',(-91.3333320617676,-133.438542366028,210.086854934692));
#16537=CARTESIAN_POINT('Origin',(-91.3333320617676,-133.412020683289,210.154430389404));
#16538=CARTESIAN_POINT('',(-73.0666656494141,-133.412020683289,210.154430389404));
#16539=CARTESIAN_POINT('',(-73.0666656494141,-133.438542366028,210.086854934692));
#16540=CARTESIAN_POINT('',(-91.3333320617676,-133.412020683289,210.154430389404));
#16541=CARTESIAN_POINT('Origin',(-91.3333320617676,-133.412020683289,210.154430389404));
#16542=CARTESIAN_POINT('',(-73.0666656494141,-133.382164955139,210.220598220825));
#16543=CARTESIAN_POINT('',(-73.0666656494141,-133.412020683289,210.154430389404));
#16544=CARTESIAN_POINT('',(-91.3333320617676,-133.412020683289,210.154430389404));
#16545=CARTESIAN_POINT('Origin',(-91.3333320617676,-133.412020683289,210.154430389404));
#16546=CARTESIAN_POINT('',(-91.3333320617676,-133.382164955139,210.220598220825));
#16547=CARTESIAN_POINT('',(-91.3333320617676,-133.382164955139,210.220598220825));
#16548=CARTESIAN_POINT('',(-91.3333320617676,-133.412020683289,210.154430389404));
#16549=CARTESIAN_POINT('Origin',(-91.3333320617676,-133.382164955139,210.220598220825));
#16550=CARTESIAN_POINT('',(-91.3333320617676,-133.349047660828,210.285196304321));
#16551=CARTESIAN_POINT('',(-91.3333320617676,-133.349047660828,210.285196304321));
#16552=CARTESIAN_POINT('',(-91.3333320617676,-133.382164955139,210.220598220825));
#16553=CARTESIAN_POINT('Origin',(-91.3333320617676,-133.349047660828,210.285196304321));
#16554=CARTESIAN_POINT('',(-73.0666656494141,-133.349047660828,210.285196304321));
#16555=CARTESIAN_POINT('',(-73.0666656494141,-133.382164955139,210.220598220825));
#16556=CARTESIAN_POINT('',(-91.3333320617676,-133.349047660828,210.285196304321));
#16557=CARTESIAN_POINT('Origin',(-91.3333320617676,-133.349047660828,210.285196304321));
#16558=CARTESIAN_POINT('',(-73.0666656494141,-133.31275177002,210.348062515259));
#16559=CARTESIAN_POINT('',(-73.0666656494141,-133.349047660828,210.285196304321));
#16560=CARTESIAN_POINT('',(-91.3333320617676,-133.349047660828,210.285196304321));
#16561=CARTESIAN_POINT('Origin',(-91.3333320617676,-133.349047660828,210.285196304321));
#16562=CARTESIAN_POINT('',(-91.3333320617676,-133.31275177002,210.348062515259));
#16563=CARTESIAN_POINT('',(-91.3333320617676,-133.31275177002,210.348062515259));
#16564=CARTESIAN_POINT('',(-91.3333320617676,-133.349047660828,210.285196304321));
#16565=CARTESIAN_POINT('Origin',(-91.3333320617676,-133.31275177002,210.348062515259));
#16566=CARTESIAN_POINT('',(-91.3333320617676,-133.273366928101,210.409042358398));
#16567=CARTESIAN_POINT('',(-91.3333320617676,-133.273366928101,210.409042358398));
#16568=CARTESIAN_POINT('',(-91.3333320617676,-133.31275177002,210.348062515259));
#16569=CARTESIAN_POINT('Origin',(-91.3333320617676,-133.273366928101,210.409042358398));
#16570=CARTESIAN_POINT('',(-73.0666656494141,-133.273366928101,210.409042358398));
#16571=CARTESIAN_POINT('',(-73.0666656494141,-133.31275177002,210.348062515259));
#16572=CARTESIAN_POINT('',(-91.3333320617676,-133.273366928101,210.409042358398));
#16573=CARTESIAN_POINT('Origin',(-91.3333320617676,-133.273366928101,210.409042358398));
#16574=CARTESIAN_POINT('',(-91.3333320617676,-133.230991363525,210.46798324585));
#16575=CARTESIAN_POINT('',(-91.3333320617676,-133.230991363525,210.46798324585));
#16576=CARTESIAN_POINT('',(-91.3333320617676,-133.273366928101,210.409042358398));
#16577=CARTESIAN_POINT('Origin',(-91.3333320617676,-133.230991363525,210.46798324585));
#16578=CARTESIAN_POINT('',(-73.0666656494141,-133.230991363525,210.46798324585));
#16579=CARTESIAN_POINT('',(-73.0666656494141,-133.273366928101,210.409042358398));
#16580=CARTESIAN_POINT('',(-91.3333320617676,-133.230991363525,210.46798324585));
#16581=CARTESIAN_POINT('Origin',(-91.3333320617676,-133.230991363525,210.46798324585));
#16582=CARTESIAN_POINT('',(-91.3333320617676,-133.185730934143,210.524738311768));
#16583=CARTESIAN_POINT('',(-91.3333320617676,-133.185730934143,210.524738311768));
#16584=CARTESIAN_POINT('',(-91.3333320617676,-133.230991363525,210.46798324585));
#16585=CARTESIAN_POINT('Origin',(-91.3333320617676,-133.185730934143,210.524738311768));
#16586=CARTESIAN_POINT('',(-73.0666656494141,-133.185730934143,210.524738311768));
#16587=CARTESIAN_POINT('',(-73.0666656494141,-133.230991363525,210.46798324585));
#16588=CARTESIAN_POINT('',(-91.3333320617676,-133.185730934143,210.524738311768));
#16589=CARTESIAN_POINT('Origin',(-91.3333320617676,-133.185730934143,210.524738311768));
#16590=CARTESIAN_POINT('',(-91.3333320617676,-133.137698173523,210.579166412354));
#16591=CARTESIAN_POINT('',(-91.3333320617676,-133.137698173523,210.579166412354));
#16592=CARTESIAN_POINT('',(-91.3333320617676,-133.185730934143,210.524738311768));
#16593=CARTESIAN_POINT('Origin',(-91.3333320617676,-133.137698173523,210.579166412354));
#16594=CARTESIAN_POINT('',(-73.0666656494141,-133.137698173523,210.579166412354));
#16595=CARTESIAN_POINT('',(-73.0666656494141,-133.185730934143,210.524738311768));
#16596=CARTESIAN_POINT('',(-91.3333320617676,-133.137698173523,210.579166412354));
#16597=CARTESIAN_POINT('Origin',(-91.3333320617676,-133.137698173523,210.579166412354));
#16598=CARTESIAN_POINT('',(-91.3333320617676,-133.08701133728,210.631132125854));
#16599=CARTESIAN_POINT('',(-91.3333320617676,-133.08701133728,210.631132125854));
#16600=CARTESIAN_POINT('',(-91.3333320617676,-133.137698173523,210.579166412354));
#16601=CARTESIAN_POINT('Origin',(-91.3333320617676,-133.08701133728,210.631132125854));
#16602=CARTESIAN_POINT('',(-73.0666656494141,-133.08701133728,210.631132125854));
#16603=CARTESIAN_POINT('',(-73.0666656494141,-133.137698173523,210.579166412354));
#16604=CARTESIAN_POINT('',(-91.3333320617676,-133.08701133728,210.631132125854));
#16605=CARTESIAN_POINT('Origin',(-91.3333320617676,-133.08701133728,210.631132125854));
#16606=CARTESIAN_POINT('',(-91.3333320617676,-133.033797264099,210.680507659912));
#16607=CARTESIAN_POINT('',(-91.3333320617676,-133.033797264099,210.680507659912));
#16608=CARTESIAN_POINT('',(-91.3333320617676,-133.08701133728,210.631132125854));
#16609=CARTESIAN_POINT('Origin',(-91.3333320617676,-133.033797264099,210.680507659912));
#16610=CARTESIAN_POINT('',(-73.0666656494141,-133.033797264099,210.680507659912));
#16611=CARTESIAN_POINT('',(-73.0666656494141,-133.08701133728,210.631132125854));
#16612=CARTESIAN_POINT('',(-91.3333320617676,-133.033797264099,210.680507659912));
#16613=CARTESIAN_POINT('Origin',(-91.3333320617676,-133.033797264099,210.680507659912));
#16614=CARTESIAN_POINT('',(-91.3333320617676,-132.978188514709,210.727169036865));
#16615=CARTESIAN_POINT('',(-91.3333320617676,-132.978188514709,210.727169036865));
#16616=CARTESIAN_POINT('',(-91.3333320617676,-133.033797264099,210.680507659912));
#16617=CARTESIAN_POINT('Origin',(-91.3333320617676,-132.978188514709,210.727169036865));
#16618=CARTESIAN_POINT('',(-73.0666656494141,-132.978188514709,210.727169036865));
#16619=CARTESIAN_POINT('',(-73.0666656494141,-133.033797264099,210.680507659912));
#16620=CARTESIAN_POINT('',(-91.3333320617676,-132.978188514709,210.727169036865));
#16621=CARTESIAN_POINT('Origin',(-91.3333320617676,-132.978188514709,210.727169036865));
#16622=CARTESIAN_POINT('',(-91.3333320617676,-132.920322418213,210.770999908447));
#16623=CARTESIAN_POINT('',(-91.3333320617676,-132.920322418213,210.770999908447));
#16624=CARTESIAN_POINT('',(-91.3333320617676,-132.978188514709,210.727169036865));
#16625=CARTESIAN_POINT('Origin',(-91.3333320617676,-132.920322418213,210.770999908447));
#16626=CARTESIAN_POINT('',(-73.0666656494141,-132.920322418213,210.770999908447));
#16627=CARTESIAN_POINT('',(-73.0666656494141,-132.978188514709,210.727169036865));
#16628=CARTESIAN_POINT('',(-91.3333320617676,-132.920322418213,210.770999908447));
#16629=CARTESIAN_POINT('Origin',(-91.3333320617676,-132.920322418213,210.770999908447));
#16630=CARTESIAN_POINT('',(-91.3333320617676,-132.860343933105,210.811893463135));
#16631=CARTESIAN_POINT('',(-91.3333320617676,-132.860343933105,210.811893463135));
#16632=CARTESIAN_POINT('',(-91.3333320617676,-132.920322418213,210.770999908447));
#16633=CARTESIAN_POINT('Origin',(-91.3333320617676,-132.860343933105,210.811893463135));
#16634=CARTESIAN_POINT('',(-73.0666656494141,-132.860343933105,210.811893463135));
#16635=CARTESIAN_POINT('',(-73.0666656494141,-132.920322418213,210.770999908447));
#16636=CARTESIAN_POINT('',(-91.3333320617676,-132.860343933105,210.811893463135));
#16637=CARTESIAN_POINT('Origin',(-91.3333320617676,-132.860343933105,210.811893463135));
#16638=CARTESIAN_POINT('',(-91.3333320617676,-132.798401832581,210.849744796753));
#16639=CARTESIAN_POINT('',(-91.3333320617676,-132.798401832581,210.849744796753));
#16640=CARTESIAN_POINT('',(-91.3333320617676,-132.860343933105,210.811893463135));
#16641=CARTESIAN_POINT('Origin',(-91.3333320617676,-132.798401832581,210.849744796753));
#16642=CARTESIAN_POINT('',(-73.0666656494141,-132.798401832581,210.849744796753));
#16643=CARTESIAN_POINT('',(-73.0666656494141,-132.860343933105,210.811893463135));
#16644=CARTESIAN_POINT('',(-91.3333320617676,-132.798401832581,210.849744796753));
#16645=CARTESIAN_POINT('Origin',(-91.3333320617676,-132.798401832581,210.849744796753));
#16646=CARTESIAN_POINT('',(-91.3333320617676,-132.734649658203,210.884462356567));
#16647=CARTESIAN_POINT('',(-91.3333320617676,-132.734649658203,210.884462356567));
#16648=CARTESIAN_POINT('',(-91.3333320617676,-132.798401832581,210.849744796753));
#16649=CARTESIAN_POINT('Origin',(-91.3333320617676,-132.734649658203,210.884462356567));
#16650=CARTESIAN_POINT('',(-73.0666656494141,-132.734649658203,210.884462356567));
#16651=CARTESIAN_POINT('',(-73.0666656494141,-132.798401832581,210.849744796753));
#16652=CARTESIAN_POINT('',(-91.3333320617676,-132.734649658203,210.884462356567));
#16653=CARTESIAN_POINT('Origin',(-91.3333320617676,-132.734649658203,210.884462356567));
#16654=CARTESIAN_POINT('',(-73.0666656494141,-132.669246673584,210.915958404541));
#16655=CARTESIAN_POINT('',(-73.0666656494141,-132.734649658203,210.884462356567));
#16656=CARTESIAN_POINT('',(-91.3333320617676,-132.734649658203,210.884462356567));
#16657=CARTESIAN_POINT('Origin',(-91.3333320617676,-132.734649658203,210.884462356567));
#16658=CARTESIAN_POINT('',(-91.3333320617676,-132.669246673584,210.915958404541));
#16659=CARTESIAN_POINT('',(-91.3333320617676,-132.669246673584,210.915958404541));
#16660=CARTESIAN_POINT('',(-91.3333320617676,-132.734649658203,210.884462356567));
#16661=CARTESIAN_POINT('Origin',(-91.3333320617676,-132.669246673584,210.915958404541));
#16662=CARTESIAN_POINT('',(-91.3333320617676,-132.602354049683,210.944156646729));
#16663=CARTESIAN_POINT('',(-91.3333320617676,-132.602354049683,210.944156646729));
#16664=CARTESIAN_POINT('',(-91.3333320617676,-132.669246673584,210.915958404541));
#16665=CARTESIAN_POINT('Origin',(-91.3333320617676,-132.602354049683,210.944156646729));
#16666=CARTESIAN_POINT('',(-73.0666656494141,-132.602354049683,210.944156646729));
#16667=CARTESIAN_POINT('',(-73.0666656494141,-132.669246673584,210.915958404541));
#16668=CARTESIAN_POINT('',(-91.3333320617676,-132.602354049683,210.944156646729));
#16669=CARTESIAN_POINT('Origin',(-91.3333320617676,-132.602354049683,210.944156646729));
#16670=CARTESIAN_POINT('',(-73.0666656494141,-132.534139633179,210.968984603882));
#16671=CARTESIAN_POINT('',(-73.0666656494141,-132.602354049683,210.944156646729));
#16672=CARTESIAN_POINT('',(-91.3333320617676,-132.602354049683,210.944156646729));
#16673=CARTESIAN_POINT('Origin',(-91.3333320617676,-132.602354049683,210.944156646729));
#16674=CARTESIAN_POINT('',(-91.3333320617676,-132.534139633179,210.968984603882));
#16675=CARTESIAN_POINT('',(-91.3333320617676,-132.534139633179,210.968984603882));
#16676=CARTESIAN_POINT('',(-91.3333320617676,-132.602354049683,210.944156646729));
#16677=CARTESIAN_POINT('Origin',(-91.3333320617676,-132.534139633179,210.968984603882));
#16678=CARTESIAN_POINT('',(-91.3333320617676,-132.464773178101,210.990381240845));
#16679=CARTESIAN_POINT('',(-91.3333320617676,-132.464773178101,210.990381240845));
#16680=CARTESIAN_POINT('',(-91.3333320617676,-132.534139633179,210.968984603882));
#16681=CARTESIAN_POINT('Origin',(-91.3333320617676,-132.464773178101,210.990381240845));
#16682=CARTESIAN_POINT('',(-73.0666656494141,-132.464773178101,210.990381240845));
#16683=CARTESIAN_POINT('',(-73.0666656494141,-132.534139633179,210.968984603882));
#16684=CARTESIAN_POINT('',(-91.3333320617676,-132.464773178101,210.990381240845));
#16685=CARTESIAN_POINT('Origin',(-91.3333320617676,-132.464773178101,210.990381240845));
#16686=CARTESIAN_POINT('',(-73.0666656494141,-132.394425392151,211.008293151855));
#16687=CARTESIAN_POINT('',(-73.0666656494141,-132.464773178101,210.990381240845));
#16688=CARTESIAN_POINT('',(-91.3333320617676,-132.464773178101,210.990381240845));
#16689=CARTESIAN_POINT('Origin',(-91.3333320617676,-132.323272705078,211.022678375244));
#16690=CARTESIAN_POINT('',(-73.0666656494141,-132.323272705078,211.022678375244));
#16691=CARTESIAN_POINT('',(-73.0666656494141,-132.394425392151,211.008293151855));
#16692=CARTESIAN_POINT('',(-91.3333320617676,-132.323272705078,211.022678375244));
#16693=CARTESIAN_POINT('',(-91.3333320617676,-132.323272705078,211.022678375244));
#16694=CARTESIAN_POINT('',(-91.3333320617676,-132.323272705078,211.022678375244));
#16695=CARTESIAN_POINT('Origin',(-91.3333320617676,-132.464773178101,210.990381240845));
#16696=CARTESIAN_POINT('',(-91.3333320617676,-132.394425392151,211.008293151855));
#16697=CARTESIAN_POINT('',(-91.3333320617676,-132.394425392151,211.008293151855));
#16698=CARTESIAN_POINT('',(-91.3333320617676,-132.464773178101,210.990381240845));
#16699=CARTESIAN_POINT('Origin',(-91.3333320617676,-132.394425392151,211.008293151855));
#16700=CARTESIAN_POINT('',(-91.3333320617676,-132.394425392151,211.008293151855));
#16701=CARTESIAN_POINT('Origin',(-91.3333320617676,-132.251491546631,211.033496856689));
#16702=CARTESIAN_POINT('',(-73.0666656494141,-132.251491546631,211.033496856689));
#16703=CARTESIAN_POINT('',(-73.0666656494141,-132.323272705078,211.022678375244));
#16704=CARTESIAN_POINT('',(-91.3333320617676,-132.251491546631,211.033496856689));
#16705=CARTESIAN_POINT('',(-91.3333320617676,-132.251491546631,211.033496856689));
#16706=CARTESIAN_POINT('',(-91.3333320617676,-132.251491546631,211.033496856689));
#16707=CARTESIAN_POINT('Origin',(-91.3333320617676,-132.323272705078,211.022678375244));
#16708=CARTESIAN_POINT('',(-91.3333320617676,-132.323272705078,211.022678375244));
#16709=CARTESIAN_POINT('Origin',(-91.3333320617676,-132.251491546631,211.033496856689));
#16710=CARTESIAN_POINT('',(-73.0666656494141,-132.179259300232,211.040725708008));
#16711=CARTESIAN_POINT('',(-73.0666656494141,-132.251491546631,211.033496856689));
#16712=CARTESIAN_POINT('',(-91.3333320617676,-132.251491546631,211.033496856689));
#16713=CARTESIAN_POINT('Origin',(-91.3333320617676,-132.106757164001,211.044343948364));
#16714=CARTESIAN_POINT('',(-73.0666656494141,-132.106757164001,211.044343948364));
#16715=CARTESIAN_POINT('',(-73.0666656494141,-132.179259300232,211.040725708008));
#16716=CARTESIAN_POINT('',(-91.3333320617676,-132.106757164001,211.044343948364));
#16717=CARTESIAN_POINT('',(-91.3333320617676,-132.106757164001,211.044343948364));
#16718=CARTESIAN_POINT('',(-91.3333320617676,-132.106757164001,211.044343948364));
#16719=CARTESIAN_POINT('Origin',(-91.3333320617676,-132.251491546631,211.033496856689));
#16720=CARTESIAN_POINT('',(-91.3333320617676,-132.179259300232,211.040725708008));
#16721=CARTESIAN_POINT('',(-91.3333320617676,-132.179259300232,211.040725708008));
#16722=CARTESIAN_POINT('',(-91.3333320617676,-132.251491546631,211.033496856689));
#16723=CARTESIAN_POINT('Origin',(-91.3333320617676,-132.179259300232,211.040725708008));
#16724=CARTESIAN_POINT('',(-91.3333320617676,-132.179259300232,211.040725708008));
#16725=CARTESIAN_POINT('Origin',(-91.3333320617676,-132.034165382385,211.044343948364));
#16726=CARTESIAN_POINT('',(-73.0666656494141,-132.034165382385,211.044343948364));
#16727=CARTESIAN_POINT('',(-73.0666656494141,-132.106757164001,211.044343948364));
#16728=CARTESIAN_POINT('',(-91.3333320617676,-132.034165382385,211.044343948364));
#16729=CARTESIAN_POINT('',(-91.3333320617676,-132.034165382385,211.044343948364));
#16730=CARTESIAN_POINT('',(-91.3333320617676,-132.034165382385,211.044343948364));
#16731=CARTESIAN_POINT('Origin',(-91.3333320617676,-132.106757164001,211.044343948364));
#16732=CARTESIAN_POINT('',(-91.3333320617676,-132.106757164001,211.044343948364));
#16733=CARTESIAN_POINT('Origin',(-91.3333320617676,-131.961663246155,211.040725708008));
#16734=CARTESIAN_POINT('',(-73.0666656494141,-131.961663246155,211.040725708008));
#16735=CARTESIAN_POINT('',(-73.0666656494141,-132.034165382385,211.044343948364));
#16736=CARTESIAN_POINT('',(-91.3333320617676,-131.961663246155,211.040725708008));
#16737=CARTESIAN_POINT('',(-91.3333320617676,-131.961663246155,211.040725708008));
#16738=CARTESIAN_POINT('',(-91.3333320617676,-131.961663246155,211.040725708008));
#16739=CARTESIAN_POINT('Origin',(-91.3333320617676,-132.034165382385,211.044343948364));
#16740=CARTESIAN_POINT('',(-91.3333320617676,-132.034165382385,211.044343948364));
#16741=CARTESIAN_POINT('Origin',(-91.3333320617676,-131.88943195343,211.033496856689));
#16742=CARTESIAN_POINT('',(-73.0666656494141,-131.88943195343,211.033496856689));
#16743=CARTESIAN_POINT('',(-73.0666656494141,-131.961663246155,211.040725708008));
#16744=CARTESIAN_POINT('',(-91.3333320617676,-131.88943195343,211.033496856689));
#16745=CARTESIAN_POINT('',(-91.3333320617676,-131.88943195343,211.033496856689));
#16746=CARTESIAN_POINT('',(-91.3333320617676,-131.88943195343,211.033496856689));
#16747=CARTESIAN_POINT('Origin',(-91.3333320617676,-131.961663246155,211.040725708008));
#16748=CARTESIAN_POINT('',(-91.3333320617676,-131.961663246155,211.040725708008));
#16749=CARTESIAN_POINT('Origin',(-91.3333320617676,-131.88943195343,211.033496856689));
#16750=CARTESIAN_POINT('',(-91.3333320617676,-131.817650794983,211.022678375244));
#16751=CARTESIAN_POINT('',(-91.3333320617676,-131.817650794983,211.022678375244));
#16752=CARTESIAN_POINT('',(-91.3333320617676,-131.88943195343,211.033496856689));
#16753=CARTESIAN_POINT('Origin',(-91.3333320617676,-131.817650794983,211.022678375244));
#16754=CARTESIAN_POINT('',(-73.0666656494141,-131.817650794983,211.022678375244));
#16755=CARTESIAN_POINT('',(-73.0666656494141,-131.88943195343,211.033496856689));
#16756=CARTESIAN_POINT('',(-91.3333320617676,-131.817650794983,211.022678375244));
#16757=CARTESIAN_POINT('Origin',(-91.3333320617676,-131.817650794983,211.022678375244));
#16758=CARTESIAN_POINT('',(-73.0666656494141,-131.746497154236,211.008293151855));
#16759=CARTESIAN_POINT('',(-73.0666656494141,-131.817650794983,211.022678375244));
#16760=CARTESIAN_POINT('',(-91.3333320617676,-131.817650794983,211.022678375244));
#16761=CARTESIAN_POINT('Origin',(-91.3333320617676,-131.817650794983,211.022678375244));
#16762=CARTESIAN_POINT('',(-91.3333320617676,-131.746497154236,211.008293151855));
#16763=CARTESIAN_POINT('',(-91.3333320617676,-131.746497154236,211.008293151855));
#16764=CARTESIAN_POINT('',(-91.3333320617676,-131.817650794983,211.022678375244));
#16765=CARTESIAN_POINT('Origin',(-91.3333320617676,-131.746497154236,211.008293151855));
#16766=CARTESIAN_POINT('',(-73.0666656494141,-131.67615032196,210.990381240845));
#16767=CARTESIAN_POINT('',(-73.0666656494141,-131.746497154236,211.008293151855));
#16768=CARTESIAN_POINT('',(-91.3333320617676,-131.746497154236,211.008293151855));
#16769=CARTESIAN_POINT('Origin',(-91.3333320617676,-131.746497154236,211.008293151855));
#16770=CARTESIAN_POINT('',(-91.3333320617676,-131.67615032196,210.990381240845));
#16771=CARTESIAN_POINT('',(-91.3333320617676,-131.67615032196,210.990381240845));
#16772=CARTESIAN_POINT('',(-91.3333320617676,-131.746497154236,211.008293151855));
#16773=CARTESIAN_POINT('Origin',(-91.3333320617676,-131.67615032196,210.990381240845));
#16774=CARTESIAN_POINT('',(-91.3333320617676,-131.606782913208,210.968984603882));
#16775=CARTESIAN_POINT('',(-91.3333320617676,-131.606782913208,210.968984603882));
#16776=CARTESIAN_POINT('',(-91.3333320617676,-131.67615032196,210.990381240845));
#16777=CARTESIAN_POINT('Origin',(-91.3333320617676,-131.606782913208,210.968984603882));
#16778=CARTESIAN_POINT('',(-73.0666656494141,-131.606782913208,210.968984603882));
#16779=CARTESIAN_POINT('',(-73.0666656494141,-131.67615032196,210.990381240845));
#16780=CARTESIAN_POINT('',(-91.3333320617676,-131.606782913208,210.968984603882));
#16781=CARTESIAN_POINT('Origin',(-91.3333320617676,-131.606782913208,210.968984603882));
#16782=CARTESIAN_POINT('',(-73.0666656494141,-131.538568496704,210.944156646729));
#16783=CARTESIAN_POINT('',(-73.0666656494141,-131.606782913208,210.968984603882));
#16784=CARTESIAN_POINT('',(-91.3333320617676,-131.606782913208,210.968984603882));
#16785=CARTESIAN_POINT('Origin',(-91.3333320617676,-131.606782913208,210.968984603882));
#16786=CARTESIAN_POINT('',(-91.3333320617676,-131.538568496704,210.944156646729));
#16787=CARTESIAN_POINT('',(-91.3333320617676,-131.538568496704,210.944156646729));
#16788=CARTESIAN_POINT('',(-91.3333320617676,-131.606782913208,210.968984603882));
#16789=CARTESIAN_POINT('Origin',(-91.3333320617676,-131.538568496704,210.944156646729));
#16790=CARTESIAN_POINT('',(-91.3333320617676,-131.471676826477,210.915958404541));
#16791=CARTESIAN_POINT('',(-91.3333320617676,-131.471676826477,210.915958404541));
#16792=CARTESIAN_POINT('',(-91.3333320617676,-131.538568496704,210.944156646729));
#16793=CARTESIAN_POINT('Origin',(-91.3333320617676,-131.471676826477,210.915958404541));
#16794=CARTESIAN_POINT('',(-73.0666656494141,-131.471676826477,210.915958404541));
#16795=CARTESIAN_POINT('',(-73.0666656494141,-131.538568496704,210.944156646729));
#16796=CARTESIAN_POINT('',(-91.3333320617676,-131.471676826477,210.915958404541));
#16797=CARTESIAN_POINT('Origin',(-91.3333320617676,-131.471676826477,210.915958404541));
#16798=CARTESIAN_POINT('',(-91.3333320617676,-131.406272888184,210.884462356567));
#16799=CARTESIAN_POINT('',(-91.3333320617676,-131.406272888184,210.884462356567));
#16800=CARTESIAN_POINT('',(-91.3333320617676,-131.471676826477,210.915958404541));
#16801=CARTESIAN_POINT('Origin',(-91.3333320617676,-131.406272888184,210.884462356567));
#16802=CARTESIAN_POINT('',(-73.0666656494141,-131.406272888184,210.884462356567));
#16803=CARTESIAN_POINT('',(-73.0666656494141,-131.471676826477,210.915958404541));
#16804=CARTESIAN_POINT('',(-91.3333320617676,-131.406272888184,210.884462356567));
#16805=CARTESIAN_POINT('Origin',(-91.3333320617676,-131.406272888184,210.884462356567));
#16806=CARTESIAN_POINT('',(-91.3333320617676,-131.342520713806,210.849744796753));
#16807=CARTESIAN_POINT('',(-91.3333320617676,-131.342520713806,210.849744796753));
#16808=CARTESIAN_POINT('',(-91.3333320617676,-131.406272888184,210.884462356567));
#16809=CARTESIAN_POINT('Origin',(-91.3333320617676,-131.342520713806,210.849744796753));
#16810=CARTESIAN_POINT('',(-73.0666656494141,-131.342520713806,210.849744796753));
#16811=CARTESIAN_POINT('',(-73.0666656494141,-131.406272888184,210.884462356567));
#16812=CARTESIAN_POINT('',(-91.3333320617676,-131.342520713806,210.849744796753));
#16813=CARTESIAN_POINT('Origin',(-91.3333320617676,-131.342520713806,210.849744796753));
#16814=CARTESIAN_POINT('',(-73.0666656494141,-131.280578613281,210.811893463135));
#16815=CARTESIAN_POINT('',(-73.0666656494141,-131.342520713806,210.849744796753));
#16816=CARTESIAN_POINT('',(-91.3333320617676,-131.342520713806,210.849744796753));
#16817=CARTESIAN_POINT('Origin',(-91.3333320617676,-131.342520713806,210.849744796753));
#16818=CARTESIAN_POINT('',(-91.3333320617676,-131.280578613281,210.811893463135));
#16819=CARTESIAN_POINT('',(-91.3333320617676,-131.280578613281,210.811893463135));
#16820=CARTESIAN_POINT('',(-91.3333320617676,-131.342520713806,210.849744796753));
#16821=CARTESIAN_POINT('Origin',(-91.3333320617676,-131.280578613281,210.811893463135));
#16822=CARTESIAN_POINT('',(-91.3333320617676,-131.220600128174,210.770999908447));
#16823=CARTESIAN_POINT('',(-91.3333320617676,-131.220600128174,210.770999908447));
#16824=CARTESIAN_POINT('',(-91.3333320617676,-131.280578613281,210.811893463135));
#16825=CARTESIAN_POINT('Origin',(-91.3333320617676,-131.220600128174,210.770999908447));
#16826=CARTESIAN_POINT('',(-73.0666656494141,-131.220600128174,210.770999908447));
#16827=CARTESIAN_POINT('',(-73.0666656494141,-131.280578613281,210.811893463135));
#16828=CARTESIAN_POINT('',(-91.3333320617676,-131.220600128174,210.770999908447));
#16829=CARTESIAN_POINT('Origin',(-91.3333320617676,-131.220600128174,210.770999908447));
#16830=CARTESIAN_POINT('',(-73.0666656494141,-131.162734985352,210.727169036865));
#16831=CARTESIAN_POINT('',(-73.0666656494141,-131.220600128174,210.770999908447));
#16832=CARTESIAN_POINT('',(-91.3333320617676,-131.220600128174,210.770999908447));
#16833=CARTESIAN_POINT('Origin',(-91.3333320617676,-131.220600128174,210.770999908447));
#16834=CARTESIAN_POINT('',(-91.3333320617676,-131.162734985352,210.727169036865));
#16835=CARTESIAN_POINT('',(-91.3333320617676,-131.162734985352,210.727169036865));
#16836=CARTESIAN_POINT('',(-91.3333320617676,-131.220600128174,210.770999908447));
#16837=CARTESIAN_POINT('Origin',(-91.3333320617676,-131.162734985352,210.727169036865));
#16838=CARTESIAN_POINT('',(-91.3333320617676,-131.107125282288,210.680507659912));
#16839=CARTESIAN_POINT('',(-91.3333320617676,-131.107125282288,210.680507659912));
#16840=CARTESIAN_POINT('',(-91.3333320617676,-131.162734985352,210.727169036865));
#16841=CARTESIAN_POINT('Origin',(-91.3333320617676,-131.107125282288,210.680507659912));
#16842=CARTESIAN_POINT('',(-73.0666656494141,-131.107125282288,210.680507659912));
#16843=CARTESIAN_POINT('',(-73.0666656494141,-131.162734985352,210.727169036865));
#16844=CARTESIAN_POINT('',(-91.3333320617676,-131.107125282288,210.680507659912));
#16845=CARTESIAN_POINT('Origin',(-91.3333320617676,-131.107125282288,210.680507659912));
#16846=CARTESIAN_POINT('',(-91.3333320617676,-131.053912162781,210.631132125854));
#16847=CARTESIAN_POINT('',(-91.3333320617676,-131.053912162781,210.631132125854));
#16848=CARTESIAN_POINT('',(-91.3333320617676,-131.107125282288,210.680507659912));
#16849=CARTESIAN_POINT('Origin',(-91.3333320617676,-131.053912162781,210.631132125854));
#16850=CARTESIAN_POINT('',(-73.0666656494141,-131.053912162781,210.631132125854));
#16851=CARTESIAN_POINT('',(-73.0666656494141,-131.107125282288,210.680507659912));
#16852=CARTESIAN_POINT('',(-91.3333320617676,-131.053912162781,210.631132125854));
#16853=CARTESIAN_POINT('Origin',(-91.3333320617676,-131.053912162781,210.631132125854));
#16854=CARTESIAN_POINT('',(-91.3333320617676,-131.003225326538,210.579166412354));
#16855=CARTESIAN_POINT('',(-91.3333320617676,-131.003225326538,210.579166412354));
#16856=CARTESIAN_POINT('',(-91.3333320617676,-131.053912162781,210.631132125854));
#16857=CARTESIAN_POINT('Origin',(-91.3333320617676,-131.003225326538,210.579166412354));
#16858=CARTESIAN_POINT('',(-73.0666656494141,-131.003225326538,210.579166412354));
#16859=CARTESIAN_POINT('',(-73.0666656494141,-131.053912162781,210.631132125854));
#16860=CARTESIAN_POINT('',(-91.3333320617676,-131.003225326538,210.579166412354));
#16861=CARTESIAN_POINT('Origin',(-91.3333320617676,-131.003225326538,210.579166412354));
#16862=CARTESIAN_POINT('',(-91.3333320617676,-130.955191612244,210.524738311768));
#16863=CARTESIAN_POINT('',(-91.3333320617676,-131.003225326538,210.579166412354));
#16864=CARTESIAN_POINT('Origin',(-91.3333320617676,-130.955191612244,210.524738311768));
#16865=CARTESIAN_POINT('',(-73.0666656494141,-131.003225326538,210.579166412354));
#16866=CARTESIAN_POINT('Origin',(-108.099998474121,-123.026342391968,207.63014793396));
#16867=CARTESIAN_POINT('',(-109.599998474121,-123.198079109192,207.625930786133));
#16868=CARTESIAN_POINT('',(-109.599998474121,-123.198079109192,207.625930786133));
#16869=CARTESIAN_POINT('',(-109.599998474121,-123.198079109192,207.625930786133));
#16870=CARTESIAN_POINT('Origin',(-108.099998474121,-123.3694024086,207.61329460144));
#16871=CARTESIAN_POINT('',(-109.599998474121,-123.3694024086,207.61329460144));
#16872=CARTESIAN_POINT('',(-109.599998474121,-123.3694024086,207.61329460144));
#16873=CARTESIAN_POINT('',(-109.599998474121,-123.3694024086,207.61329460144));
#16874=CARTESIAN_POINT('',(-109.599998474121,-123.198079109192,207.625930786133));
#16875=CARTESIAN_POINT('Origin',(-108.099998474121,-123.198079109192,207.625930786133));
#16876=CARTESIAN_POINT('Origin',(-108.099998474121,-123.539898872375,207.592264175415));
#16877=CARTESIAN_POINT('',(-109.599998474121,-123.539898872375,207.592264175415));
#16878=CARTESIAN_POINT('',(-109.599998474121,-123.539898872375,207.592264175415));
#16879=CARTESIAN_POINT('',(-109.599998474121,-123.539898872375,207.592264175415));
#16880=CARTESIAN_POINT('',(-109.599998474121,-123.3694024086,207.61329460144));
#16881=CARTESIAN_POINT('Origin',(-108.099998474121,-123.3694024086,207.61329460144));
#16882=CARTESIAN_POINT('Origin',(-108.099998474121,-123.709158420563,207.562894821167));
#16883=CARTESIAN_POINT('',(-109.599998474121,-123.709158420563,207.562894821167));
#16884=CARTESIAN_POINT('',(-109.599998474121,-123.709158420563,207.562894821167));
#16885=CARTESIAN_POINT('',(-109.599998474121,-123.709158420563,207.562894821167));
#16886=CARTESIAN_POINT('',(-109.599998474121,-123.539898872375,207.592264175415));
#16887=CARTESIAN_POINT('Origin',(-108.099998474121,-123.539898872375,207.592264175415));
#16888=CARTESIAN_POINT('Origin',(-108.099998474121,-123.876772880554,207.525257110596));
#16889=CARTESIAN_POINT('',(-109.599998474121,-123.876772880554,207.525257110596));
#16890=CARTESIAN_POINT('',(-109.599998474121,-123.876772880554,207.525257110596));
#16891=CARTESIAN_POINT('',(-109.599998474121,-123.876772880554,207.525257110596));
#16892=CARTESIAN_POINT('',(-109.599998474121,-123.709158420563,207.562894821167));
#16893=CARTESIAN_POINT('Origin',(-108.099998474121,-123.709158420563,207.562894821167));
#16894=CARTESIAN_POINT('Origin',(-108.099998474121,-124.042338848114,207.479438781738));
#16895=CARTESIAN_POINT('',(-109.599998474121,-124.042338848114,207.479438781738));
#16896=CARTESIAN_POINT('',(-109.599998474121,-124.042338848114,207.479438781738));
#16897=CARTESIAN_POINT('',(-109.599998474121,-124.042338848114,207.479438781738));
#16898=CARTESIAN_POINT('',(-109.599998474121,-123.876772880554,207.525257110596));
#16899=CARTESIAN_POINT('Origin',(-108.099998474121,-123.876772880554,207.525257110596));
#16900=CARTESIAN_POINT('Origin',(-108.099998474121,-124.042338848114,207.479438781738));
#16901=CARTESIAN_POINT('',(-109.599998474121,-124.205456733704,207.425550460815));
#16902=CARTESIAN_POINT('',(-109.599998474121,-124.205456733704,207.425550460815));
#16903=CARTESIAN_POINT('',(-109.599998474121,-124.205456733704,207.425550460815));
#16904=CARTESIAN_POINT('Origin',(-108.099998474121,-124.205456733704,207.425550460815));
#16905=CARTESIAN_POINT('',(-109.599998474121,-124.365734577179,207.363725662231));
#16906=CARTESIAN_POINT('',(-109.599998474121,-124.365734577179,207.363725662231));
#16907=CARTESIAN_POINT('',(-109.599998474121,-124.365734577179,207.363725662231));
#16908=CARTESIAN_POINT('',(-109.599998474121,-124.205456733704,207.425550460815));
#16909=CARTESIAN_POINT('Origin',(-108.099998474121,-124.042338848114,207.479438781738));
#16910=CARTESIAN_POINT('Origin',(-108.099998474121,-124.522785186768,207.294109344482));
#16911=CARTESIAN_POINT('',(-109.599998474121,-124.522785186768,207.294109344482));
#16912=CARTESIAN_POINT('',(-109.599998474121,-124.522785186768,207.294109344482));
#16913=CARTESIAN_POINT('',(-109.599998474121,-124.522785186768,207.294109344482));
#16914=CARTESIAN_POINT('',(-109.599998474121,-124.365734577179,207.363725662231));
#16915=CARTESIAN_POINT('Origin',(-108.099998474121,-124.205456733704,207.425550460815));
#16916=CARTESIAN_POINT('',(-109.599998474121,-124.365734577179,207.363725662231));
#16917=CARTESIAN_POINT('Origin',(-108.099998474121,-124.365734577179,207.363725662231));
#16918=CARTESIAN_POINT('Origin',(-108.099998474121,-124.67623090744,207.216871261597));
#16919=CARTESIAN_POINT('',(-109.599998474121,-124.67623090744,207.216871261597));
#16920=CARTESIAN_POINT('',(-109.599998474121,-124.67623090744,207.216871261597));
#16921=CARTESIAN_POINT('',(-109.599998474121,-124.67623090744,207.216871261597));
#16922=CARTESIAN_POINT('',(-109.599998474121,-124.522785186768,207.294109344482));
#16923=CARTESIAN_POINT('Origin',(-108.099998474121,-124.522785186768,207.294109344482));
#16924=CARTESIAN_POINT('Origin',(-108.099998474121,-124.67623090744,207.216871261597));
#16925=CARTESIAN_POINT('',(-109.599998474121,-124.825702190399,207.132196426392));
#16926=CARTESIAN_POINT('',(-109.599998474121,-124.825702190399,207.132196426392));
#16927=CARTESIAN_POINT('',(-109.599998474121,-124.825702190399,207.132196426392));
#16928=CARTESIAN_POINT('Origin',(-108.099998474121,-124.970838069916,207.04029083252));
#16929=CARTESIAN_POINT('',(-109.599998474121,-124.970838069916,207.04029083252));
#16930=CARTESIAN_POINT('',(-109.599998474121,-124.970838069916,207.04029083252));
#16931=CARTESIAN_POINT('',(-109.599998474121,-124.970838069916,207.04029083252));
#16932=CARTESIAN_POINT('',(-109.599998474121,-124.825702190399,207.132196426392));
#16933=CARTESIAN_POINT('Origin',(-108.099998474121,-124.67623090744,207.216871261597));
#16934=CARTESIAN_POINT('',(-109.599998474121,-124.825702190399,207.132196426392));
#16935=CARTESIAN_POINT('Origin',(-108.099998474121,-124.825702190399,207.132196426392));
#16936=CARTESIAN_POINT('Origin',(-108.099998474121,-124.970838069916,207.04029083252));
#16937=CARTESIAN_POINT('',(-109.599998474121,-124.970838069916,207.04029083252));
#16938=CARTESIAN_POINT('Origin',(-108.099998474121,-125.111289978027,206.941373825073));
#16939=CARTESIAN_POINT('',(-109.599998474121,-125.111289978027,206.941373825073));
#16940=CARTESIAN_POINT('',(-109.599998474121,-125.111289978027,206.941373825073));
#16941=CARTESIAN_POINT('',(-109.599998474121,-125.111289978027,206.941373825073));
#16942=CARTESIAN_POINT('Origin',(-108.099998474121,-125.111289978027,206.941373825073));
#16943=CARTESIAN_POINT('',(-109.599998474121,-125.246718883514,206.835683822632));
#16944=CARTESIAN_POINT('',(-109.599998474121,-125.246718883514,206.835683822632));
#16945=CARTESIAN_POINT('',(-109.599998474121,-125.246718883514,206.835683822632));
#16946=CARTESIAN_POINT('Origin',(-108.099998474121,-125.111289978027,206.941373825073));
#16947=CARTESIAN_POINT('',(-109.599998474121,-125.246718883514,206.835683822632));
#16948=CARTESIAN_POINT('Origin',(-108.099998474121,-125.246718883514,206.835683822632));
#16949=CARTESIAN_POINT('',(-109.599998474121,-125.246718883514,206.835683822632));
#16950=CARTESIAN_POINT('Origin',(-108.099998474121,-125.376798629761,206.723476409912));
#16951=CARTESIAN_POINT('',(-109.599998474121,-125.376798629761,206.723476409912));
#16952=CARTESIAN_POINT('',(-109.599998474121,-125.376798629761,206.723476409912));
#16953=CARTESIAN_POINT('',(-109.599998474121,-125.376798629761,206.723476409912));
#16954=CARTESIAN_POINT('Origin',(-108.099998474121,-125.376798629761,206.723476409912));
#16955=CARTESIAN_POINT('',(-109.599998474121,-125.501215934753,206.605020523071));
#16956=CARTESIAN_POINT('',(-109.599998474121,-125.501215934753,206.605020523071));
#16957=CARTESIAN_POINT('',(-109.599998474121,-125.501215934753,206.605020523071));
#16958=CARTESIAN_POINT('Origin',(-108.099998474121,-125.376798629761,206.723476409912));
#16959=CARTESIAN_POINT('',(-109.599998474121,-125.501215934753,206.605020523071));
#16960=CARTESIAN_POINT('Origin',(-108.099998474121,-125.501215934753,206.605020523071));
#16961=CARTESIAN_POINT('',(-109.599998474121,-125.619671344757,206.480604171753));
#16962=CARTESIAN_POINT('',(-109.599998474121,-125.619671344757,206.480604171753));
#16963=CARTESIAN_POINT('',(-109.599998474121,-125.619671344757,206.480604171753));
#16964=CARTESIAN_POINT('Origin',(-108.099998474121,-125.501215934753,206.605020523071));
#16965=CARTESIAN_POINT('',(-109.599998474121,-125.619671344757,206.480604171753));
#16966=CARTESIAN_POINT('Origin',(-108.099998474121,-125.619671344757,206.480604171753));
#16967=CARTESIAN_POINT('',(-109.599998474121,-125.619671344757,206.480604171753));
#16968=CARTESIAN_POINT('Origin',(-108.099998474121,-125.731878757477,206.350522994995));
#16969=CARTESIAN_POINT('',(-109.599998474121,-125.731878757477,206.350522994995));
#16970=CARTESIAN_POINT('',(-109.599998474121,-125.731878757477,206.350522994995));
#16971=CARTESIAN_POINT('',(-109.599998474121,-125.731878757477,206.350522994995));
#16972=CARTESIAN_POINT('Origin',(-108.099998474121,-125.731878757477,206.350522994995));
#16973=CARTESIAN_POINT('',(-109.599998474121,-125.837568759918,206.21509552002));
#16974=CARTESIAN_POINT('',(-109.599998474121,-125.837568759918,206.21509552002));
#16975=CARTESIAN_POINT('',(-109.599998474121,-125.837568759918,206.21509552002));
#16976=CARTESIAN_POINT('Origin',(-108.099998474121,-125.731878757477,206.350522994995));
#16977=CARTESIAN_POINT('',(-109.599998474121,-125.837568759918,206.21509552002));
#16978=CARTESIAN_POINT('Origin',(-108.099998474121,-125.837568759918,206.21509552002));
#16979=CARTESIAN_POINT('',(-109.599998474121,-125.837568759918,206.21509552002));
#16980=CARTESIAN_POINT('Origin',(-108.099998474121,-125.936486244202,206.074642181396));
#16981=CARTESIAN_POINT('',(-109.599998474121,-125.936486244202,206.074642181396));
#16982=CARTESIAN_POINT('',(-109.599998474121,-125.936486244202,206.074642181396));
#16983=CARTESIAN_POINT('',(-109.599998474121,-125.936486244202,206.074642181396));
#16984=CARTESIAN_POINT('Origin',(-108.099998474121,-125.936486244202,206.074642181396));
#16985=CARTESIAN_POINT('',(-109.599998474121,-125.936486244202,206.074642181396));
#16986=CARTESIAN_POINT('Origin',(-108.099998474121,-126.028392314911,205.92950630188));
#16987=CARTESIAN_POINT('',(-109.599998474121,-126.028392314911,205.92950630188));
#16988=CARTESIAN_POINT('',(-109.599998474121,-126.028392314911,205.92950630188));
#16989=CARTESIAN_POINT('',(-109.599998474121,-126.028392314911,205.92950630188));
#16990=CARTESIAN_POINT('Origin',(-108.099998474121,-126.028392314911,205.92950630188));
#16991=CARTESIAN_POINT('',(-109.599998474121,-126.113066673279,205.780035972595));
#16992=CARTESIAN_POINT('',(-109.599998474121,-126.113066673279,205.780035972595));
#16993=CARTESIAN_POINT('',(-109.599998474121,-126.113066673279,205.780035972595));
#16994=CARTESIAN_POINT('Origin',(-108.099998474121,-126.028392314911,205.92950630188));
#16995=CARTESIAN_POINT('',(-109.599998474121,-126.113066673279,205.780035972595));
#16996=CARTESIAN_POINT('Origin',(-108.099998474121,-126.113066673279,205.780035972595));
#16997=CARTESIAN_POINT('',(-109.599998474121,-126.113066673279,205.780035972595));
#16998=CARTESIAN_POINT('Origin',(-108.099998474121,-126.190304756165,205.626589775085));
#16999=CARTESIAN_POINT('',(-109.599998474121,-126.190304756165,205.626589775085));
#17000=CARTESIAN_POINT('',(-109.599998474121,-126.190304756165,205.626589775085));
#17001=CARTESIAN_POINT('',(-109.599998474121,-126.190304756165,205.626589775085));
#17002=CARTESIAN_POINT('Origin',(-108.099998474121,-126.190304756165,205.626589775085));
#17003=CARTESIAN_POINT('',(-109.599998474121,-126.190304756165,205.626589775085));
#17004=CARTESIAN_POINT('Origin',(-108.099998474121,-126.259920597076,205.469539642334));
#17005=CARTESIAN_POINT('',(-109.599998474121,-126.259920597076,205.469539642334));
#17006=CARTESIAN_POINT('',(-109.599998474121,-126.259920597076,205.469539642334));
#17007=CARTESIAN_POINT('',(-109.599998474121,-126.259920597076,205.469539642334));
#17008=CARTESIAN_POINT('Origin',(-108.099998474121,-126.259920597076,205.469539642334));
#17009=CARTESIAN_POINT('',(-109.599998474121,-126.259920597076,205.469539642334));
#17010=CARTESIAN_POINT('Origin',(-108.099998474121,-126.321746826172,205.309261322021));
#17011=CARTESIAN_POINT('',(-109.599998474121,-126.321746826172,205.309261322021));
#17012=CARTESIAN_POINT('',(-109.599998474121,-126.321746826172,205.309261322021));
#17013=CARTESIAN_POINT('',(-109.599998474121,-126.321746826172,205.309261322021));
#17014=CARTESIAN_POINT('Origin',(-108.099998474121,-126.321746826172,205.309261322021));
#17015=CARTESIAN_POINT('',(-109.599998474121,-126.375633716583,205.146143913269));
#17016=CARTESIAN_POINT('',(-109.599998474121,-126.375633716583,205.146143913269));
#17017=CARTESIAN_POINT('',(-109.599998474121,-126.375633716583,205.146143913269));
#17018=CARTESIAN_POINT('Origin',(-108.099998474121,-126.421451568604,204.980577468872));
#17019=CARTESIAN_POINT('',(-109.599998474121,-126.421451568604,204.980577468872));
#17020=CARTESIAN_POINT('',(-109.599998474121,-126.421451568604,204.980577468872));
#17021=CARTESIAN_POINT('',(-109.599998474121,-126.421451568604,204.980577468872));
#17022=CARTESIAN_POINT('',(-109.599998474121,-126.375633716583,205.146143913269));
#17023=CARTESIAN_POINT('Origin',(-108.099998474121,-126.321746826172,205.309261322021));
#17024=CARTESIAN_POINT('',(-109.599998474121,-126.375633716583,205.146143913269));
#17025=CARTESIAN_POINT('Origin',(-108.099998474121,-126.375633716583,205.146143913269));
#17026=CARTESIAN_POINT('Origin',(-108.099998474121,-126.459090709686,204.812963485718));
#17027=CARTESIAN_POINT('',(-109.599998474121,-126.459090709686,204.812963485718));
#17028=CARTESIAN_POINT('',(-109.599998474121,-126.459090709686,204.812963485718));
#17029=CARTESIAN_POINT('',(-109.599998474121,-126.459090709686,204.812963485718));
#17030=CARTESIAN_POINT('',(-109.599998474121,-126.421451568604,204.980577468872));
#17031=CARTESIAN_POINT('Origin',(-108.099998474121,-126.421451568604,204.980577468872));
#17032=CARTESIAN_POINT('Origin',(-108.099998474121,-126.488460063934,204.643703460693));
#17033=CARTESIAN_POINT('',(-109.599998474121,-126.488460063934,204.643703460693));
#17034=CARTESIAN_POINT('',(-109.599998474121,-126.488460063934,204.643703460693));
#17035=CARTESIAN_POINT('',(-109.599998474121,-126.488460063934,204.643703460693));
#17036=CARTESIAN_POINT('',(-109.599998474121,-126.459090709686,204.812963485718));
#17037=CARTESIAN_POINT('Origin',(-108.099998474121,-126.459090709686,204.812963485718));
#17038=CARTESIAN_POINT('Origin',(-108.099998474121,-126.509489059448,204.473207473755));
#17039=CARTESIAN_POINT('',(-109.599998474121,-126.509489059448,204.473207473755));
#17040=CARTESIAN_POINT('',(-109.599998474121,-126.509489059448,204.473207473755));
#17041=CARTESIAN_POINT('',(-109.599998474121,-126.509489059448,204.473207473755));
#17042=CARTESIAN_POINT('',(-109.599998474121,-126.488460063934,204.643703460693));
#17043=CARTESIAN_POINT('Origin',(-108.099998474121,-126.488460063934,204.643703460693));
#17044=CARTESIAN_POINT('Origin',(-108.099998474121,-126.522126674652,204.30188369751));
#17045=CARTESIAN_POINT('',(-109.599998474121,-126.522126674652,204.30188369751));
#17046=CARTESIAN_POINT('',(-109.599998474121,-126.522126674652,204.30188369751));
#17047=CARTESIAN_POINT('',(-109.599998474121,-126.522126674652,204.30188369751));
#17048=CARTESIAN_POINT('',(-109.599998474121,-126.509489059448,204.473207473755));
#17049=CARTESIAN_POINT('Origin',(-108.099998474121,-126.509489059448,204.473207473755));
#17050=CARTESIAN_POINT('Origin',(-108.099998474121,-126.526342391968,204.130146980286));
#17051=CARTESIAN_POINT('',(-109.599998474121,-126.526342391968,204.130146980286));
#17052=CARTESIAN_POINT('',(-109.599998474121,-126.526342391968,204.130146980286));
#17053=CARTESIAN_POINT('',(-109.599998474121,-126.526342391968,204.130146980286));
#17054=CARTESIAN_POINT('Origin',(-108.099998474121,-111.530558109283,204.30188369751));
#17055=CARTESIAN_POINT('',(-109.599998474121,-111.530558109283,204.30188369751));
#17056=CARTESIAN_POINT('',(-109.599998474121,-111.526342391968,204.130146980286));
#17057=CARTESIAN_POINT('',(-109.599998474121,-111.530558109283,204.30188369751));
#17058=CARTESIAN_POINT('',(-109.599998474121,-111.530558109283,204.30188369751));
#17059=CARTESIAN_POINT('',(-109.599998474121,-111.526342391968,204.130146980286));
#17060=CARTESIAN_POINT('Origin',(-108.099998474121,-111.526342391968,204.130146980286));
#17061=CARTESIAN_POINT('',(-109.599998474121,-111.526342391968,204.130146980286));
#17062=CARTESIAN_POINT('Origin',(-108.099998474121,-111.543195724487,204.473207473755));
#17063=CARTESIAN_POINT('',(-109.599998474121,-111.543195724487,204.473207473755));
#17064=CARTESIAN_POINT('',(-109.599998474121,-111.543195724487,204.473207473755));
#17065=CARTESIAN_POINT('',(-109.599998474121,-111.543195724487,204.473207473755));
#17066=CARTESIAN_POINT('',(-109.599998474121,-111.530558109283,204.30188369751));
#17067=CARTESIAN_POINT('Origin',(-108.099998474121,-111.530558109283,204.30188369751));
#17068=CARTESIAN_POINT('Origin',(-108.099998474121,-111.564224720001,204.643703460693));
#17069=CARTESIAN_POINT('',(-109.599998474121,-111.564224720001,204.643703460693));
#17070=CARTESIAN_POINT('',(-109.599998474121,-111.564224720001,204.643703460693));
#17071=CARTESIAN_POINT('',(-109.599998474121,-111.564224720001,204.643703460693));
#17072=CARTESIAN_POINT('',(-109.599998474121,-111.543195724487,204.473207473755));
#17073=CARTESIAN_POINT('Origin',(-108.099998474121,-111.543195724487,204.473207473755));
#17074=CARTESIAN_POINT('Origin',(-108.099998474121,-111.593594074249,204.812963485718));
#17075=CARTESIAN_POINT('',(-109.599998474121,-111.593594074249,204.812963485718));
#17076=CARTESIAN_POINT('',(-109.599998474121,-111.593594074249,204.812963485718));
#17077=CARTESIAN_POINT('',(-109.599998474121,-111.593594074249,204.812963485718));
#17078=CARTESIAN_POINT('',(-109.599998474121,-111.564224720001,204.643703460693));
#17079=CARTESIAN_POINT('Origin',(-108.099998474121,-111.564224720001,204.643703460693));
#17080=CARTESIAN_POINT('Origin',(-108.099998474121,-111.631233215332,204.980577468872));
#17081=CARTESIAN_POINT('',(-109.599998474121,-111.631233215332,204.980577468872));
#17082=CARTESIAN_POINT('',(-109.599998474121,-111.631233215332,204.980577468872));
#17083=CARTESIAN_POINT('',(-109.599998474121,-111.631233215332,204.980577468872));
#17084=CARTESIAN_POINT('',(-109.599998474121,-111.593594074249,204.812963485718));
#17085=CARTESIAN_POINT('Origin',(-108.099998474121,-111.593594074249,204.812963485718));
#17086=CARTESIAN_POINT('Origin',(-108.099998474121,-111.631233215332,204.980577468872));
#17087=CARTESIAN_POINT('',(-109.599998474121,-111.677051067352,205.146143913269));
#17088=CARTESIAN_POINT('',(-109.599998474121,-111.677051067352,205.146143913269));
#17089=CARTESIAN_POINT('',(-109.599998474121,-111.677051067352,205.146143913269));
#17090=CARTESIAN_POINT('Origin',(-108.099998474121,-111.730937957764,205.309261322021));
#17091=CARTESIAN_POINT('',(-109.599998474121,-111.730937957764,205.309261322021));
#17092=CARTESIAN_POINT('',(-109.599998474121,-111.730937957764,205.309261322021));
#17093=CARTESIAN_POINT('',(-109.599998474121,-111.730937957764,205.309261322021));
#17094=CARTESIAN_POINT('',(-109.599998474121,-111.677051067352,205.146143913269));
#17095=CARTESIAN_POINT('Origin',(-108.099998474121,-111.631233215332,204.980577468872));
#17096=CARTESIAN_POINT('',(-109.599998474121,-111.677051067352,205.146143913269));
#17097=CARTESIAN_POINT('Origin',(-108.099998474121,-111.677051067352,205.146143913269));
#17098=CARTESIAN_POINT('Origin',(-108.099998474121,-111.792764186859,205.469539642334));
#17099=CARTESIAN_POINT('',(-109.599998474121,-111.792764186859,205.469539642334));
#17100=CARTESIAN_POINT('',(-109.599998474121,-111.792764186859,205.469539642334));
#17101=CARTESIAN_POINT('',(-109.599998474121,-111.792764186859,205.469539642334));
#17102=CARTESIAN_POINT('',(-109.599998474121,-111.730937957764,205.309261322021));
#17103=CARTESIAN_POINT('Origin',(-108.099998474121,-111.730937957764,205.309261322021));
#17104=CARTESIAN_POINT('Origin',(-108.099998474121,-111.862380027771,205.626589775085));
#17105=CARTESIAN_POINT('',(-109.599998474121,-111.862380027771,205.626589775085));
#17106=CARTESIAN_POINT('',(-109.599998474121,-111.862380027771,205.626589775085));
#17107=CARTESIAN_POINT('',(-109.599998474121,-111.862380027771,205.626589775085));
#17108=CARTESIAN_POINT('',(-109.599998474121,-111.792764186859,205.469539642334));
#17109=CARTESIAN_POINT('Origin',(-108.099998474121,-111.792764186859,205.469539642334));
#17110=CARTESIAN_POINT('Origin',(-108.099998474121,-111.939618110657,205.780035972595));
#17111=CARTESIAN_POINT('',(-109.599998474121,-111.939618110657,205.780035972595));
#17112=CARTESIAN_POINT('',(-109.599998474121,-111.939618110657,205.780035972595));
#17113=CARTESIAN_POINT('',(-109.599998474121,-111.939618110657,205.780035972595));
#17114=CARTESIAN_POINT('',(-109.599998474121,-111.862380027771,205.626589775085));
#17115=CARTESIAN_POINT('Origin',(-108.099998474121,-111.862380027771,205.626589775085));
#17116=CARTESIAN_POINT('Origin',(-108.099998474121,-111.939618110657,205.780035972595));
#17117=CARTESIAN_POINT('',(-109.599998474121,-112.024292469025,205.92950630188));
#17118=CARTESIAN_POINT('',(-109.599998474121,-112.024292469025,205.92950630188));
#17119=CARTESIAN_POINT('',(-109.599998474121,-112.024292469025,205.92950630188));
#17120=CARTESIAN_POINT('Origin',(-108.099998474121,-112.024292469025,205.92950630188));
#17121=CARTESIAN_POINT('',(-109.599998474121,-112.116198539734,206.074642181396));
#17122=CARTESIAN_POINT('',(-109.599998474121,-112.116198539734,206.074642181396));
#17123=CARTESIAN_POINT('',(-109.599998474121,-112.116198539734,206.074642181396));
#17124=CARTESIAN_POINT('',(-109.599998474121,-112.024292469025,205.92950630188));
#17125=CARTESIAN_POINT('Origin',(-108.099998474121,-111.939618110657,205.780035972595));
#17126=CARTESIAN_POINT('Origin',(-108.099998474121,-112.024292469025,205.92950630188));
#17127=CARTESIAN_POINT('',(-109.599998474121,-112.116198539734,206.074642181396));
#17128=CARTESIAN_POINT('Origin',(-108.099998474121,-112.116198539734,206.074642181396));
#17129=CARTESIAN_POINT('',(-109.599998474121,-112.116198539734,206.074642181396));
#17130=CARTESIAN_POINT('Origin',(-108.099998474121,-112.215116024017,206.21509552002));
#17131=CARTESIAN_POINT('',(-109.599998474121,-112.215116024017,206.21509552002));
#17132=CARTESIAN_POINT('',(-109.599998474121,-112.215116024017,206.21509552002));
#17133=CARTESIAN_POINT('',(-109.599998474121,-112.215116024017,206.21509552002));
#17134=CARTESIAN_POINT('Origin',(-108.099998474121,-112.215116024017,206.21509552002));
#17135=CARTESIAN_POINT('',(-109.599998474121,-112.215116024017,206.21509552002));
#17136=CARTESIAN_POINT('Origin',(-108.099998474121,-112.320806026459,206.350522994995));
#17137=CARTESIAN_POINT('',(-109.599998474121,-112.320806026459,206.350522994995));
#17138=CARTESIAN_POINT('',(-109.599998474121,-112.320806026459,206.350522994995));
#17139=CARTESIAN_POINT('',(-109.599998474121,-112.320806026459,206.350522994995));
#17140=CARTESIAN_POINT('Origin',(-108.099998474121,-112.320806026459,206.350522994995));
#17141=CARTESIAN_POINT('',(-109.599998474121,-112.433013439178,206.480604171753));
#17142=CARTESIAN_POINT('',(-109.599998474121,-112.433013439178,206.480604171753));
#17143=CARTESIAN_POINT('',(-109.599998474121,-112.433013439178,206.480604171753));
#17144=CARTESIAN_POINT('Origin',(-108.099998474121,-112.320806026459,206.350522994995));
#17145=CARTESIAN_POINT('',(-109.599998474121,-112.433013439178,206.480604171753));
#17146=CARTESIAN_POINT('Origin',(-108.099998474121,-112.433013439178,206.480604171753));
#17147=CARTESIAN_POINT('',(-109.599998474121,-112.433013439178,206.480604171753));
#17148=CARTESIAN_POINT('Origin',(-108.099998474121,-112.551468849182,206.605020523071));
#17149=CARTESIAN_POINT('',(-109.599998474121,-112.551468849182,206.605020523071));
#17150=CARTESIAN_POINT('',(-109.599998474121,-112.551468849182,206.605020523071));
#17151=CARTESIAN_POINT('',(-109.599998474121,-112.551468849182,206.605020523071));
#17152=CARTESIAN_POINT('Origin',(-108.099998474121,-112.551468849182,206.605020523071));
#17153=CARTESIAN_POINT('',(-109.599998474121,-112.551468849182,206.605020523071));
#17154=CARTESIAN_POINT('Origin',(-108.099998474121,-112.675886154175,206.723476409912));
#17155=CARTESIAN_POINT('',(-109.599998474121,-112.675886154175,206.723476409912));
#17156=CARTESIAN_POINT('',(-109.599998474121,-112.675886154175,206.723476409912));
#17157=CARTESIAN_POINT('',(-109.599998474121,-112.675886154175,206.723476409912));
#17158=CARTESIAN_POINT('Origin',(-108.099998474121,-112.675886154175,206.723476409912));
#17159=CARTESIAN_POINT('',(-109.599998474121,-112.675886154175,206.723476409912));
#17160=CARTESIAN_POINT('Origin',(-108.099998474121,-112.805965900421,206.835683822632));
#17161=CARTESIAN_POINT('',(-109.599998474121,-112.805965900421,206.835683822632));
#17162=CARTESIAN_POINT('',(-109.599998474121,-112.805965900421,206.835683822632));
#17163=CARTESIAN_POINT('',(-109.599998474121,-112.805965900421,206.835683822632));
#17164=CARTESIAN_POINT('Origin',(-108.099998474121,-112.805965900421,206.835683822632));
#17165=CARTESIAN_POINT('',(-109.599998474121,-112.805965900421,206.835683822632));
#17166=CARTESIAN_POINT('Origin',(-108.099998474121,-112.941394805908,206.941373825073));
#17167=CARTESIAN_POINT('',(-109.599998474121,-112.941394805908,206.941373825073));
#17168=CARTESIAN_POINT('',(-109.599998474121,-112.941394805908,206.941373825073));
#17169=CARTESIAN_POINT('',(-109.599998474121,-112.941394805908,206.941373825073));
#17170=CARTESIAN_POINT('Origin',(-108.099998474121,-112.941394805908,206.941373825073));
#17171=CARTESIAN_POINT('',(-109.599998474121,-113.08184671402,207.04029083252));
#17172=CARTESIAN_POINT('',(-109.599998474121,-113.08184671402,207.04029083252));
#17173=CARTESIAN_POINT('',(-109.599998474121,-113.08184671402,207.04029083252));
#17174=CARTESIAN_POINT('Origin',(-108.099998474121,-112.941394805908,206.941373825073));
#17175=CARTESIAN_POINT('',(-109.599998474121,-113.08184671402,207.04029083252));
#17176=CARTESIAN_POINT('Origin',(-108.099998474121,-113.08184671402,207.04029083252));
#17177=CARTESIAN_POINT('',(-109.599998474121,-113.08184671402,207.04029083252));
#17178=CARTESIAN_POINT('Origin',(-108.099998474121,-113.226982593536,207.132196426392));
#17179=CARTESIAN_POINT('',(-109.599998474121,-113.226982593536,207.132196426392));
#17180=CARTESIAN_POINT('',(-109.599998474121,-113.226982593536,207.132196426392));
#17181=CARTESIAN_POINT('',(-109.599998474121,-113.226982593536,207.132196426392));
#17182=CARTESIAN_POINT('Origin',(-108.099998474121,-113.226982593536,207.132196426392));
#17183=CARTESIAN_POINT('',(-109.599998474121,-113.226982593536,207.132196426392));
#17184=CARTESIAN_POINT('Origin',(-108.099998474121,-113.376453876495,207.216871261597));
#17185=CARTESIAN_POINT('',(-109.599998474121,-113.376453876495,207.216871261597));
#17186=CARTESIAN_POINT('',(-109.599998474121,-113.376453876495,207.216871261597));
#17187=CARTESIAN_POINT('',(-109.599998474121,-113.376453876495,207.216871261597));
#17188=CARTESIAN_POINT('Origin',(-108.099998474121,-113.376453876495,207.216871261597));
#17189=CARTESIAN_POINT('',(-109.599998474121,-113.376453876495,207.216871261597));
#17190=CARTESIAN_POINT('Origin',(-108.099998474121,-113.529899597168,207.294109344482));
#17191=CARTESIAN_POINT('',(-109.599998474121,-113.529899597168,207.294109344482));
#17192=CARTESIAN_POINT('',(-109.599998474121,-113.529899597168,207.294109344482));
#17193=CARTESIAN_POINT('',(-109.599998474121,-113.529899597168,207.294109344482));
#17194=CARTESIAN_POINT('Origin',(-108.099998474121,-113.529899597168,207.294109344482));
#17195=CARTESIAN_POINT('',(-109.599998474121,-113.686950206757,207.363725662231));
#17196=CARTESIAN_POINT('',(-109.599998474121,-113.686950206757,207.363725662231));
#17197=CARTESIAN_POINT('',(-109.599998474121,-113.686950206757,207.363725662231));
#17198=CARTESIAN_POINT('Origin',(-108.099998474121,-113.847228050232,207.425550460815));
#17199=CARTESIAN_POINT('',(-109.599998474121,-113.847228050232,207.425550460815));
#17200=CARTESIAN_POINT('',(-109.599998474121,-113.847228050232,207.425550460815));
#17201=CARTESIAN_POINT('',(-109.599998474121,-113.847228050232,207.425550460815));
#17202=CARTESIAN_POINT('',(-109.599998474121,-113.686950206757,207.363725662231));
#17203=CARTESIAN_POINT('Origin',(-108.099998474121,-113.529899597168,207.294109344482));
#17204=CARTESIAN_POINT('',(-109.599998474121,-113.686950206757,207.363725662231));
#17205=CARTESIAN_POINT('Origin',(-108.099998474121,-113.686950206757,207.363725662231));
#17206=CARTESIAN_POINT('Origin',(-108.099998474121,-114.010345935822,207.479438781738));
#17207=CARTESIAN_POINT('',(-109.599998474121,-114.010345935822,207.479438781738));
#17208=CARTESIAN_POINT('',(-109.599998474121,-114.010345935822,207.479438781738));
#17209=CARTESIAN_POINT('',(-109.599998474121,-114.010345935822,207.479438781738));
#17210=CARTESIAN_POINT('',(-109.599998474121,-113.847228050232,207.425550460815));
#17211=CARTESIAN_POINT('Origin',(-108.099998474121,-113.847228050232,207.425550460815));
#17212=CARTESIAN_POINT('Origin',(-108.099998474121,-114.175911903381,207.525257110596));
#17213=CARTESIAN_POINT('',(-109.599998474121,-114.175911903381,207.525257110596));
#17214=CARTESIAN_POINT('',(-109.599998474121,-114.175911903381,207.525257110596));
#17215=CARTESIAN_POINT('',(-109.599998474121,-114.175911903381,207.525257110596));
#17216=CARTESIAN_POINT('',(-109.599998474121,-114.010345935822,207.479438781738));
#17217=CARTESIAN_POINT('Origin',(-108.099998474121,-114.010345935822,207.479438781738));
#17218=CARTESIAN_POINT('Origin',(-108.099998474121,-114.343526363373,207.562894821167));
#17219=CARTESIAN_POINT('',(-109.599998474121,-114.343526363373,207.562894821167));
#17220=CARTESIAN_POINT('',(-109.599998474121,-114.343526363373,207.562894821167));
#17221=CARTESIAN_POINT('',(-109.599998474121,-114.343526363373,207.562894821167));
#17222=CARTESIAN_POINT('',(-109.599998474121,-114.175911903381,207.525257110596));
#17223=CARTESIAN_POINT('Origin',(-108.099998474121,-114.175911903381,207.525257110596));
#17224=CARTESIAN_POINT('Origin',(-108.099998474121,-114.51278591156,207.592264175415));
#17225=CARTESIAN_POINT('',(-109.599998474121,-114.51278591156,207.592264175415));
#17226=CARTESIAN_POINT('',(-109.599998474121,-114.51278591156,207.592264175415));
#17227=CARTESIAN_POINT('',(-109.599998474121,-114.51278591156,207.592264175415));
#17228=CARTESIAN_POINT('',(-109.599998474121,-114.343526363373,207.562894821167));
#17229=CARTESIAN_POINT('Origin',(-108.099998474121,-114.343526363373,207.562894821167));
#17230=CARTESIAN_POINT('Origin',(-108.099998474121,-114.683282375336,207.61329460144));
#17231=CARTESIAN_POINT('',(-109.599998474121,-114.683282375336,207.61329460144));
#17232=CARTESIAN_POINT('',(-109.599998474121,-114.683282375336,207.61329460144));
#17233=CARTESIAN_POINT('',(-109.599998474121,-114.683282375336,207.61329460144));
#17234=CARTESIAN_POINT('',(-109.599998474121,-114.51278591156,207.592264175415));
#17235=CARTESIAN_POINT('Origin',(-108.099998474121,-114.51278591156,207.592264175415));
#17236=CARTESIAN_POINT('Origin',(-108.099998474121,-114.854605674744,207.625930786133));
#17237=CARTESIAN_POINT('',(-109.599998474121,-114.854605674744,207.625930786133));
#17238=CARTESIAN_POINT('',(-109.599998474121,-114.854605674744,207.625930786133));
#17239=CARTESIAN_POINT('',(-109.599998474121,-114.854605674744,207.625930786133));
#17240=CARTESIAN_POINT('',(-109.599998474121,-114.683282375336,207.61329460144));
#17241=CARTESIAN_POINT('Origin',(-108.099998474121,-114.683282375336,207.61329460144));
#17242=CARTESIAN_POINT('Origin',(-108.099998474121,-115.026342391968,207.63014793396));
#17243=CARTESIAN_POINT('',(-109.599998474121,-115.026342391968,207.63014793396));
#17244=CARTESIAN_POINT('Origin',(-104.599998474121,-107.097493171692,210.524738311768));
#17245=CARTESIAN_POINT('',(-104.599998474121,-107.049459457397,210.579166412354));
#17246=CARTESIAN_POINT('',(-104.599998474121,-107.097493171692,210.524738311768));
#17247=CARTESIAN_POINT('',(-104.599998474121,-107.049459457397,210.579166412354));
#17248=CARTESIAN_POINT('Origin',(-104.599998474121,-107.049459457397,210.579166412354));
#17249=CARTESIAN_POINT('',(-104.599998474121,-106.998772621155,210.631132125854));
#17250=CARTESIAN_POINT('',(-104.599998474121,-106.998772621155,210.631132125854));
#17251=CARTESIAN_POINT('',(-104.599998474121,-107.049459457397,210.579166412354));
#17252=CARTESIAN_POINT('Origin',(-104.599998474121,-106.998772621155,210.631132125854));
#17253=CARTESIAN_POINT('',(-104.599998474121,-106.998772621155,210.631132125854));
#17254=CARTESIAN_POINT('Origin',(-104.599998474121,-106.998772621155,210.631132125854));
#17255=CARTESIAN_POINT('',(-104.599998474121,-106.998772621155,210.631132125854));
#17256=CARTESIAN_POINT('Origin',(-104.599998474121,-106.998772621155,210.631132125854));
#17257=CARTESIAN_POINT('',(-104.599998474121,-106.945559501648,210.680507659912));
#17258=CARTESIAN_POINT('',(-104.599998474121,-106.945559501648,210.680507659912));
#17259=CARTESIAN_POINT('',(-104.599998474121,-106.998772621155,210.631132125854));
#17260=CARTESIAN_POINT('Origin',(-104.599998474121,-106.945559501648,210.680507659912));
#17261=CARTESIAN_POINT('',(-104.599998474121,-106.889949798584,210.727169036865));
#17262=CARTESIAN_POINT('',(-104.599998474121,-106.889949798584,210.727169036865));
#17263=CARTESIAN_POINT('',(-104.599998474121,-106.945559501648,210.680507659912));
#17264=CARTESIAN_POINT('Origin',(-104.599998474121,-106.889949798584,210.727169036865));
#17265=CARTESIAN_POINT('',(-104.599998474121,-106.889949798584,210.727169036865));
#17266=CARTESIAN_POINT('Origin',(-104.599998474121,-106.889949798584,210.727169036865));
#17267=CARTESIAN_POINT('',(-104.599998474121,-106.889949798584,210.727169036865));
#17268=CARTESIAN_POINT('Origin',(-104.599998474121,-106.889949798584,210.727169036865));
#17269=CARTESIAN_POINT('',(-104.599998474121,-106.832084655762,210.770999908447));
#17270=CARTESIAN_POINT('',(-104.599998474121,-106.832084655762,210.770999908447));
#17271=CARTESIAN_POINT('',(-104.599998474121,-106.889949798584,210.727169036865));
#17272=CARTESIAN_POINT('Origin',(-104.599998474121,-106.832084655762,210.770999908447));
#17273=CARTESIAN_POINT('',(-104.599998474121,-106.772106170654,210.811893463135));
#17274=CARTESIAN_POINT('',(-104.599998474121,-106.772106170654,210.811893463135));
#17275=CARTESIAN_POINT('',(-104.599998474121,-106.832084655762,210.770999908447));
#17276=CARTESIAN_POINT('Origin',(-104.599998474121,-106.772106170654,210.811893463135));
#17277=CARTESIAN_POINT('',(-104.599998474121,-106.772106170654,210.811893463135));
#17278=CARTESIAN_POINT('Origin',(-104.599998474121,-106.772106170654,210.811893463135));
#17279=CARTESIAN_POINT('',(-104.599998474121,-106.710164070129,210.849744796753));
#17280=CARTESIAN_POINT('',(-104.599998474121,-106.710164070129,210.849744796753));
#17281=CARTESIAN_POINT('',(-104.599998474121,-106.772106170654,210.811893463135));
#17282=CARTESIAN_POINT('Origin',(-104.599998474121,-106.710164070129,210.849744796753));
#17283=CARTESIAN_POINT('',(-104.599998474121,-106.710164070129,210.849744796753));
#17284=CARTESIAN_POINT('Origin',(-104.599998474121,-106.710164070129,210.849744796753));
#17285=CARTESIAN_POINT('',(-104.599998474121,-106.710164070129,210.849744796753));
#17286=CARTESIAN_POINT('Origin',(-104.599998474121,-106.710164070129,210.849744796753));
#17287=CARTESIAN_POINT('',(-104.599998474121,-106.646411895752,210.884462356567));
#17288=CARTESIAN_POINT('',(-104.599998474121,-106.646411895752,210.884462356567));
#17289=CARTESIAN_POINT('',(-104.599998474121,-106.710164070129,210.849744796753));
#17290=CARTESIAN_POINT('Origin',(-104.599998474121,-106.646411895752,210.884462356567));
#17291=CARTESIAN_POINT('',(-104.599998474121,-106.581007957458,210.915958404541));
#17292=CARTESIAN_POINT('',(-104.599998474121,-106.581007957458,210.915958404541));
#17293=CARTESIAN_POINT('',(-104.599998474121,-106.646411895752,210.884462356567));
#17294=CARTESIAN_POINT('Origin',(-104.599998474121,-106.581007957458,210.915958404541));
#17295=CARTESIAN_POINT('',(-104.599998474121,-106.581007957458,210.915958404541));
#17296=CARTESIAN_POINT('Origin',(-104.599998474121,-106.581007957458,210.915958404541));
#17297=CARTESIAN_POINT('',(-104.599998474121,-106.514116287231,210.944156646729));
#17298=CARTESIAN_POINT('',(-104.599998474121,-106.514116287231,210.944156646729));
#17299=CARTESIAN_POINT('',(-104.599998474121,-106.581007957458,210.915958404541));
#17300=CARTESIAN_POINT('Origin',(-104.599998474121,-106.514116287231,210.944156646729));
#17301=CARTESIAN_POINT('',(-104.599998474121,-106.514116287231,210.944156646729));
#17302=CARTESIAN_POINT('Origin',(-104.599998474121,-106.514116287231,210.944156646729));
#17303=CARTESIAN_POINT('',(-104.599998474121,-106.445901870728,210.968984603882));
#17304=CARTESIAN_POINT('',(-104.599998474121,-106.445901870728,210.968984603882));
#17305=CARTESIAN_POINT('',(-104.599998474121,-106.514116287231,210.944156646729));
#17306=CARTESIAN_POINT('Origin',(-104.599998474121,-106.445901870728,210.968984603882));
#17307=CARTESIAN_POINT('',(-104.599998474121,-106.445901870728,210.968984603882));
#17308=CARTESIAN_POINT('Origin',(-104.599998474121,-106.445901870728,210.968984603882));
#17309=CARTESIAN_POINT('',(-104.599998474121,-106.445901870728,210.968984603882));
#17310=CARTESIAN_POINT('Origin',(-104.599998474121,-106.445901870728,210.968984603882));
#17311=CARTESIAN_POINT('',(-104.599998474121,-106.376534461975,210.990381240845));
#17312=CARTESIAN_POINT('',(-104.599998474121,-106.376534461975,210.990381240845));
#17313=CARTESIAN_POINT('',(-104.599998474121,-106.445901870728,210.968984603882));
#17314=CARTESIAN_POINT('Origin',(-104.599998474121,-106.376534461975,210.990381240845));
#17315=CARTESIAN_POINT('',(-104.599998474121,-106.3061876297,211.008293151855));
#17316=CARTESIAN_POINT('',(-104.599998474121,-106.3061876297,211.008293151855));
#17317=CARTESIAN_POINT('',(-104.599998474121,-106.376534461975,210.990381240845));
#17318=CARTESIAN_POINT('Origin',(-104.599998474121,-106.3061876297,211.008293151855));
#17319=CARTESIAN_POINT('',(-104.599998474121,-106.3061876297,211.008293151855));
#17320=CARTESIAN_POINT('Origin',(-104.599998474121,-106.3061876297,211.008293151855));
#17321=CARTESIAN_POINT('',(-104.599998474121,-106.235033988953,211.022678375244));
#17322=CARTESIAN_POINT('',(-104.599998474121,-106.235033988953,211.022678375244));
#17323=CARTESIAN_POINT('',(-104.599998474121,-106.3061876297,211.008293151855));
#17324=CARTESIAN_POINT('Origin',(-104.599998474121,-106.235033988953,211.022678375244));
#17325=CARTESIAN_POINT('',(-104.599998474121,-106.235033988953,211.022678375244));
#17326=CARTESIAN_POINT('Origin',(-104.599998474121,-106.235033988953,211.022678375244));
#17327=CARTESIAN_POINT('',(-104.599998474121,-106.163252830505,211.033496856689));
#17328=CARTESIAN_POINT('',(-104.599998474121,-106.163252830505,211.033496856689));
#17329=CARTESIAN_POINT('',(-104.599998474121,-106.235033988953,211.022678375244));
#17330=CARTESIAN_POINT('Origin',(-104.599998474121,-106.163252830505,211.033496856689));
#17331=CARTESIAN_POINT('',(-104.599998474121,-106.163252830505,211.033496856689));
#17332=CARTESIAN_POINT('Origin',(-104.599998474121,-106.163252830505,211.033496856689));
#17333=CARTESIAN_POINT('',(-104.599998474121,-106.091021537781,211.040725708008));
#17334=CARTESIAN_POINT('',(-104.599998474121,-106.091021537781,211.040725708008));
#17335=CARTESIAN_POINT('',(-104.599998474121,-106.163252830505,211.033496856689));
#17336=CARTESIAN_POINT('Origin',(-104.599998474121,-106.091021537781,211.040725708008));
#17337=CARTESIAN_POINT('',(-104.599998474121,-106.091021537781,211.040725708008));
#17338=CARTESIAN_POINT('Origin',(-104.599998474121,-106.091021537781,211.040725708008));
#17339=CARTESIAN_POINT('',(-104.599998474121,-106.091021537781,211.040725708008));
#17340=CARTESIAN_POINT('Origin',(-104.599998474121,-106.091021537781,211.040725708008));
#17341=CARTESIAN_POINT('',(-104.599998474121,-106.01851940155,211.044343948364));
#17342=CARTESIAN_POINT('',(-104.599998474121,-106.01851940155,211.044343948364));
#17343=CARTESIAN_POINT('',(-104.599998474121,-106.091021537781,211.040725708008));
#17344=CARTESIAN_POINT('Origin',(-104.599998474121,-106.01851940155,211.044343948364));
#17345=CARTESIAN_POINT('',(-104.599998474121,-106.01851940155,211.044343948364));
#17346=CARTESIAN_POINT('Origin',(-104.599998474121,-106.01851940155,211.044343948364));
#17347=CARTESIAN_POINT('',(-104.599998474121,-105.945927619934,211.044343948364));
#17348=CARTESIAN_POINT('',(-104.599998474121,-105.945927619934,211.044343948364));
#17349=CARTESIAN_POINT('',(-104.599998474121,-106.01851940155,211.044343948364));
#17350=CARTESIAN_POINT('Origin',(-104.599998474121,-105.945927619934,211.044343948364));
#17351=CARTESIAN_POINT('',(-104.599998474121,-105.873425483704,211.040725708008));
#17352=CARTESIAN_POINT('',(-104.599998474121,-105.873425483704,211.040725708008));
#17353=CARTESIAN_POINT('',(-104.599998474121,-105.945927619934,211.044343948364));
#17354=CARTESIAN_POINT('Origin',(-104.599998474121,-105.873425483704,211.040725708008));
#17355=CARTESIAN_POINT('',(-104.599998474121,-105.873425483704,211.040725708008));
#17356=CARTESIAN_POINT('Origin',(-104.599998474121,-105.873425483704,211.040725708008));
#17357=CARTESIAN_POINT('',(-104.599998474121,-105.801193237305,211.033496856689));
#17358=CARTESIAN_POINT('',(-104.599998474121,-105.801193237305,211.033496856689));
#17359=CARTESIAN_POINT('',(-104.599998474121,-105.873425483704,211.040725708008));
#17360=CARTESIAN_POINT('Origin',(-104.599998474121,-105.801193237305,211.033496856689));
#17361=CARTESIAN_POINT('',(-104.599998474121,-105.801193237305,211.033496856689));
#17362=CARTESIAN_POINT('Origin',(-104.599998474121,-105.801193237305,211.033496856689));
#17363=CARTESIAN_POINT('',(-104.599998474121,-105.801193237305,211.033496856689));
#17364=CARTESIAN_POINT('Origin',(-104.599998474121,-105.801193237305,211.033496856689));
#17365=CARTESIAN_POINT('',(-104.599998474121,-105.729412078857,211.022678375244));
#17366=CARTESIAN_POINT('',(-104.599998474121,-105.729412078857,211.022678375244));
#17367=CARTESIAN_POINT('',(-104.599998474121,-105.801193237305,211.033496856689));
#17368=CARTESIAN_POINT('Origin',(-104.599998474121,-105.729412078857,211.022678375244));
#17369=CARTESIAN_POINT('',(-104.599998474121,-105.658259391785,211.008293151855));
#17370=CARTESIAN_POINT('',(-104.599998474121,-105.658259391785,211.008293151855));
#17371=CARTESIAN_POINT('',(-104.599998474121,-105.729412078857,211.022678375244));
#17372=CARTESIAN_POINT('Origin',(-104.599998474121,-105.658259391785,211.008293151855));
#17373=CARTESIAN_POINT('',(-104.599998474121,-105.658259391785,211.008293151855));
#17374=CARTESIAN_POINT('Origin',(-104.599998474121,-105.658259391785,211.008293151855));
#17375=CARTESIAN_POINT('',(-104.599998474121,-105.587911605835,210.990381240845));
#17376=CARTESIAN_POINT('',(-104.599998474121,-105.587911605835,210.990381240845));
#17377=CARTESIAN_POINT('',(-104.599998474121,-105.658259391785,211.008293151855));
#17378=CARTESIAN_POINT('Origin',(-104.599998474121,-105.587911605835,210.990381240845));
#17379=CARTESIAN_POINT('',(-104.599998474121,-105.587911605835,210.990381240845));
#17380=CARTESIAN_POINT('Origin',(-104.599998474121,-105.587911605835,210.990381240845));
#17381=CARTESIAN_POINT('',(-104.599998474121,-105.587911605835,210.990381240845));
#17382=CARTESIAN_POINT('Origin',(-104.599998474121,-105.587911605835,210.990381240845));
#17383=CARTESIAN_POINT('',(-104.599998474121,-105.518545150757,210.968984603882));
#17384=CARTESIAN_POINT('',(-104.599998474121,-105.518545150757,210.968984603882));
#17385=CARTESIAN_POINT('',(-104.599998474121,-105.587911605835,210.990381240845));
#17386=CARTESIAN_POINT('Origin',(-104.599998474121,-105.518545150757,210.968984603882));
#17387=CARTESIAN_POINT('',(-104.599998474121,-105.450330734253,210.944156646729));
#17388=CARTESIAN_POINT('',(-104.599998474121,-105.450330734253,210.944156646729));
#17389=CARTESIAN_POINT('',(-104.599998474121,-105.518545150757,210.968984603882));
#17390=CARTESIAN_POINT('Origin',(-104.599998474121,-105.450330734253,210.944156646729));
#17391=CARTESIAN_POINT('',(-104.599998474121,-105.450330734253,210.944156646729));
#17392=CARTESIAN_POINT('Origin',(-104.599998474121,-105.383438110352,210.915958404541));
#17393=CARTESIAN_POINT('',(-104.599998474121,-105.383438110352,210.915958404541));
#17394=CARTESIAN_POINT('',(-104.599998474121,-105.383438110352,210.915958404541));
#17395=CARTESIAN_POINT('',(-104.599998474121,-105.383438110352,210.915958404541));
#17396=CARTESIAN_POINT('Origin',(-104.599998474121,-105.450330734253,210.944156646729));
#17397=CARTESIAN_POINT('',(-104.599998474121,-105.450330734253,210.944156646729));
#17398=CARTESIAN_POINT('Origin',(-104.599998474121,-105.318035125732,210.884462356567));
#17399=CARTESIAN_POINT('',(-104.599998474121,-105.318035125732,210.884462356567));
#17400=CARTESIAN_POINT('',(-104.599998474121,-105.318035125732,210.884462356567));
#17401=CARTESIAN_POINT('',(-104.599998474121,-105.318035125732,210.884462356567));
#17402=CARTESIAN_POINT('Origin',(-104.599998474121,-105.383438110352,210.915958404541));
#17403=CARTESIAN_POINT('',(-104.599998474121,-105.383438110352,210.915958404541));
#17404=CARTESIAN_POINT('Origin',(-104.599998474121,-105.254282951355,210.849744796753));
#17405=CARTESIAN_POINT('',(-104.599998474121,-105.254282951355,210.849744796753));
#17406=CARTESIAN_POINT('',(-104.599998474121,-105.254282951355,210.849744796753));
#17407=CARTESIAN_POINT('',(-104.599998474121,-105.254282951355,210.849744796753));
#17408=CARTESIAN_POINT('Origin',(-104.599998474121,-105.318035125732,210.884462356567));
#17409=CARTESIAN_POINT('',(-104.599998474121,-105.318035125732,210.884462356567));
#17410=CARTESIAN_POINT('Origin',(-104.599998474121,-105.19234085083,210.811893463135));
#17411=CARTESIAN_POINT('',(-104.599998474121,-105.19234085083,210.811893463135));
#17412=CARTESIAN_POINT('',(-104.599998474121,-105.19234085083,210.811893463135));
#17413=CARTESIAN_POINT('',(-104.599998474121,-105.19234085083,210.811893463135));
#17414=CARTESIAN_POINT('Origin',(-104.599998474121,-105.254282951355,210.849744796753));
#17415=CARTESIAN_POINT('',(-104.599998474121,-105.254282951355,210.849744796753));
#17416=CARTESIAN_POINT('Origin',(-104.599998474121,-105.132362365723,210.770999908447));
#17417=CARTESIAN_POINT('',(-104.599998474121,-105.132362365723,210.770999908447));
#17418=CARTESIAN_POINT('',(-104.599998474121,-105.132362365723,210.770999908447));
#17419=CARTESIAN_POINT('',(-104.599998474121,-105.132362365723,210.770999908447));
#17420=CARTESIAN_POINT('Origin',(-104.599998474121,-105.19234085083,210.811893463135));
#17421=CARTESIAN_POINT('',(-104.599998474121,-105.19234085083,210.811893463135));
#17422=CARTESIAN_POINT('Origin',(-104.599998474121,-105.074496269226,210.727169036865));
#17423=CARTESIAN_POINT('',(-104.599998474121,-105.074496269226,210.727169036865));
#17424=CARTESIAN_POINT('',(-104.599998474121,-105.074496269226,210.727169036865));
#17425=CARTESIAN_POINT('',(-104.599998474121,-105.074496269226,210.727169036865));
#17426=CARTESIAN_POINT('Origin',(-104.599998474121,-105.132362365723,210.770999908447));
#17427=CARTESIAN_POINT('',(-104.599998474121,-105.132362365723,210.770999908447));
#17428=CARTESIAN_POINT('Origin',(-104.599998474121,-105.074496269226,210.727169036865));
#17429=CARTESIAN_POINT('',(-104.599998474121,-105.074496269226,210.727169036865));
#17430=CARTESIAN_POINT('Origin',(-104.599998474121,-105.018887519836,210.680507659912));
#17431=CARTESIAN_POINT('',(-104.599998474121,-105.018887519836,210.680507659912));
#17432=CARTESIAN_POINT('',(-104.599998474121,-105.018887519836,210.680507659912));
#17433=CARTESIAN_POINT('',(-104.599998474121,-105.018887519836,210.680507659912));
#17434=CARTESIAN_POINT('Origin',(-104.599998474121,-105.074496269226,210.727169036865));
#17435=CARTESIAN_POINT('',(-104.599998474121,-105.074496269226,210.727169036865));
#17436=CARTESIAN_POINT('Origin',(-104.599998474121,-105.018887519836,210.680507659912));
#17437=CARTESIAN_POINT('',(-104.599998474121,-104.965673446655,210.631132125854));
#17438=CARTESIAN_POINT('',(-104.599998474121,-104.965673446655,210.631132125854));
#17439=CARTESIAN_POINT('',(-104.599998474121,-105.018887519836,210.680507659912));
#17440=CARTESIAN_POINT('Origin',(-104.599998474121,-104.914986610413,210.579166412354));
#17441=CARTESIAN_POINT('',(-104.599998474121,-104.914986610413,210.579166412354));
#17442=CARTESIAN_POINT('',(-104.599998474121,-104.914986610413,210.579166412354));
#17443=CARTESIAN_POINT('',(-104.599998474121,-104.914986610413,210.579166412354));
#17444=CARTESIAN_POINT('Origin',(-104.599998474121,-104.965673446655,210.631132125854));
#17445=CARTESIAN_POINT('',(-104.599998474121,-104.965673446655,210.631132125854));
#17446=CARTESIAN_POINT('Origin',(-104.599998474121,-104.914986610413,210.579166412354));
#17447=CARTESIAN_POINT('',(-104.599998474121,-104.866953849792,210.524738311768));
#17448=CARTESIAN_POINT('',(-104.599998474121,-104.866953849792,210.524738311768));
#17449=CARTESIAN_POINT('',(-104.599998474121,-104.914986610413,210.579166412354));
#17450=CARTESIAN_POINT('Origin',(-104.599998474121,-104.866953849792,210.524738311768));
#17451=CARTESIAN_POINT('',(-104.599998474121,-104.866953849792,210.524738311768));
#17452=CARTESIAN_POINT('Origin',(-104.599998474121,-104.866953849792,210.524738311768));
#17453=CARTESIAN_POINT('',(-104.599998474121,-104.866953849792,210.524738311768));
#17454=CARTESIAN_POINT('Origin',(-104.599998474121,-104.866953849792,210.524738311768));
#17455=CARTESIAN_POINT('',(-104.599998474121,-104.82169342041,210.46798324585));
#17456=CARTESIAN_POINT('',(-104.599998474121,-104.82169342041,210.46798324585));
#17457=CARTESIAN_POINT('',(-104.599998474121,-104.866953849792,210.524738311768));
#17458=CARTESIAN_POINT('Origin',(-104.599998474121,-104.82169342041,210.46798324585));
#17459=CARTESIAN_POINT('',(-104.599998474121,-104.779317855835,210.409042358398));
#17460=CARTESIAN_POINT('',(-104.599998474121,-104.779317855835,210.409042358398));
#17461=CARTESIAN_POINT('',(-104.599998474121,-104.82169342041,210.46798324585));
#17462=CARTESIAN_POINT('Origin',(-104.599998474121,-104.779317855835,210.409042358398));
#17463=CARTESIAN_POINT('',(-104.599998474121,-104.779317855835,210.409042358398));
#17464=CARTESIAN_POINT('Origin',(-104.599998474121,-104.779317855835,210.409042358398));
#17465=CARTESIAN_POINT('',(-104.599998474121,-104.779317855835,210.409042358398));
#17466=CARTESIAN_POINT('Origin',(-104.599998474121,-104.779317855835,210.409042358398));
#17467=CARTESIAN_POINT('',(-104.599998474121,-104.739933013916,210.348062515259));
#17468=CARTESIAN_POINT('',(-104.599998474121,-104.739933013916,210.348062515259));
#17469=CARTESIAN_POINT('',(-104.599998474121,-104.779317855835,210.409042358398));
#17470=CARTESIAN_POINT('Origin',(-104.599998474121,-104.739933013916,210.348062515259));
#17471=CARTESIAN_POINT('',(-104.599998474121,-104.703637123108,210.285196304321));
#17472=CARTESIAN_POINT('',(-104.599998474121,-104.703637123108,210.285196304321));
#17473=CARTESIAN_POINT('',(-104.599998474121,-104.739933013916,210.348062515259));
#17474=CARTESIAN_POINT('Origin',(-104.599998474121,-104.703637123108,210.285196304321));
#17475=CARTESIAN_POINT('',(-104.599998474121,-104.703637123108,210.285196304321));
#17476=CARTESIAN_POINT('Origin',(-104.599998474121,-104.703637123108,210.285196304321));
#17477=CARTESIAN_POINT('',(-104.599998474121,-104.670519828796,210.220598220825));
#17478=CARTESIAN_POINT('',(-104.599998474121,-104.670519828796,210.220598220825));
#17479=CARTESIAN_POINT('',(-104.599998474121,-104.703637123108,210.285196304321));
#17480=CARTESIAN_POINT('Origin',(-104.599998474121,-104.670519828796,210.220598220825));
#17481=CARTESIAN_POINT('',(-104.599998474121,-104.670519828796,210.220598220825));
#17482=CARTESIAN_POINT('Origin',(-104.599998474121,-104.670519828796,210.220598220825));
#17483=CARTESIAN_POINT('',(-104.599998474121,-104.640664100647,210.154430389404));
#17484=CARTESIAN_POINT('',(-104.599998474121,-104.640664100647,210.154430389404));
#17485=CARTESIAN_POINT('',(-104.599998474121,-104.670519828796,210.220598220825));
#17486=CARTESIAN_POINT('Origin',(-104.599998474121,-104.640664100647,210.154430389404));
#17487=CARTESIAN_POINT('',(-104.599998474121,-104.640664100647,210.154430389404));
#17488=CARTESIAN_POINT('Origin',(-104.599998474121,-104.640664100647,210.154430389404));
#17489=CARTESIAN_POINT('',(-104.599998474121,-104.640664100647,210.154430389404));
#17490=CARTESIAN_POINT('Origin',(-104.599998474121,-104.640664100647,210.154430389404));
#17491=CARTESIAN_POINT('',(-104.599998474121,-104.614142417908,210.086854934692));
#17492=CARTESIAN_POINT('',(-104.599998474121,-104.614142417908,210.086854934692));
#17493=CARTESIAN_POINT('',(-104.599998474121,-104.640664100647,210.154430389404));
#17494=CARTESIAN_POINT('Origin',(-104.599998474121,-104.614142417908,210.086854934692));
#17495=CARTESIAN_POINT('',(-104.599998474121,-104.591023445129,210.018043518066));
#17496=CARTESIAN_POINT('',(-104.599998474121,-104.591023445129,210.018043518066));
#17497=CARTESIAN_POINT('',(-104.599998474121,-104.614142417908,210.086854934692));
#17498=CARTESIAN_POINT('Origin',(-104.599998474121,-104.591023445129,210.018043518066));
#17499=CARTESIAN_POINT('',(-104.599998474121,-104.591023445129,210.018043518066));
#17500=CARTESIAN_POINT('Origin',(-104.599998474121,-104.591023445129,210.018043518066));
#17501=CARTESIAN_POINT('',(-104.599998474121,-104.571362495422,209.948163986206));
#17502=CARTESIAN_POINT('',(-104.599998474121,-104.571362495422,209.948163986206));
#17503=CARTESIAN_POINT('',(-104.599998474121,-104.591023445129,210.018043518066));
#17504=CARTESIAN_POINT('Origin',(-104.599998474121,-104.571362495422,209.948163986206));
#17505=CARTESIAN_POINT('',(-104.599998474121,-104.571362495422,209.948163986206));
#17506=CARTESIAN_POINT('Origin',(-104.599998474121,-104.571362495422,209.948163986206));
#17507=CARTESIAN_POINT('',(-104.599998474121,-104.555209159851,209.877391815186));
#17508=CARTESIAN_POINT('',(-104.599998474121,-104.555209159851,209.877391815186));
#17509=CARTESIAN_POINT('',(-104.599998474121,-104.571362495422,209.948163986206));
#17510=CARTESIAN_POINT('Origin',(-104.599998474121,-104.555209159851,209.877391815186));
#17511=CARTESIAN_POINT('',(-104.599998474121,-104.555209159851,209.877391815186));
#17512=CARTESIAN_POINT('Origin',(-104.599998474121,-104.555209159851,209.877391815186));
#17513=CARTESIAN_POINT('',(-104.599998474121,-104.542603492737,209.805902481079));
#17514=CARTESIAN_POINT('',(-104.599998474121,-104.542603492737,209.805902481079));
#17515=CARTESIAN_POINT('',(-104.599998474121,-104.555209159851,209.877391815186));
#17516=CARTESIAN_POINT('Origin',(-104.599998474121,-104.542603492737,209.805902481079));
#17517=CARTESIAN_POINT('',(-104.599998474121,-104.542603492737,209.805902481079));
#17518=CARTESIAN_POINT('Origin',(-104.599998474121,-104.542603492737,209.805902481079));
#17519=CARTESIAN_POINT('',(-104.599998474121,-104.533576965332,209.73387336731));
#17520=CARTESIAN_POINT('',(-104.599998474121,-104.533576965332,209.73387336731));
#17521=CARTESIAN_POINT('',(-104.599998474121,-104.542603492737,209.805902481079));
#17522=CARTESIAN_POINT('Origin',(-104.599998474121,-104.533576965332,209.73387336731));
#17523=CARTESIAN_POINT('',(-104.599998474121,-104.533576965332,209.73387336731));
#17524=CARTESIAN_POINT('Origin',(-104.599998474121,-104.533576965332,209.73387336731));
#17525=CARTESIAN_POINT('',(-104.599998474121,-104.533576965332,209.73387336731));
#17526=CARTESIAN_POINT('Origin',(-104.599998474121,-104.533576965332,209.73387336731));
#17527=CARTESIAN_POINT('',(-104.599998474121,-104.52815246582,209.661485671997));
#17528=CARTESIAN_POINT('',(-104.599998474121,-104.52815246582,209.661485671997));
#17529=CARTESIAN_POINT('',(-104.599998474121,-104.533576965332,209.73387336731));
#17530=CARTESIAN_POINT('Origin',(-74.733332157135,-104.52815246582,209.661485671997));
#17531=CARTESIAN_POINT('',(-74.733332157135,-104.52815246582,209.661485671997));
#17532=CARTESIAN_POINT('',(-74.733332157135,-104.52815246582,209.661485671997));
#17533=CARTESIAN_POINT('',(-74.733332157135,-104.52815246582,209.661485671997));
#17534=CARTESIAN_POINT('',(-109.599998474121,-104.03600990281,189.930147171021));
#17535=CARTESIAN_POINT('',(-64.7666656970978,-104.03600990281,189.930147171021));
#17536=CARTESIAN_POINT('',(-109.599998474121,-104.282233610415,199.801927599856));
#17537=CARTESIAN_POINT('',(-104.599998474121,-104.52815246582,209.661485671997));
#17538=CARTESIAN_POINT('Origin',(-54.7999992370605,-133.526342391968,189.930147171021));
#17539=CARTESIAN_POINT('',(-109.599998474121,-133.526342391968,189.930147171021));
#17540=CARTESIAN_POINT('',(-109.599998474121,-133.526342391968,189.930147171021));
#17541=CARTESIAN_POINT('',(-109.599998474121,-119.026342391968,189.930147171021));
#17542=CARTESIAN_POINT('Origin',(-109.599998474121,-126.526342391968,204.130146980286));
#17543=CARTESIAN_POINT('',(-109.599998474121,-126.526342391968,190.930147171021));
#17544=CARTESIAN_POINT('Origin',(-109.599998474121,-111.526342391968,204.130146980286));
#17545=CARTESIAN_POINT('',(-109.599998474121,-111.526342391968,190.930147171021));
#17546=CARTESIAN_POINT('Origin',(-104.599998474121,-106.026342391968,193.430147171021));
#17547=CARTESIAN_POINT('',(-104.599998474121,-108.403673171997,190.933158516884));
#17548=CARTESIAN_POINT('',(-104.599998474121,-108.526342391968,190.930147171021));
#17549=CARTESIAN_POINT('',(-104.599998474121,-108.281299591064,190.942185401916));
#17550=CARTESIAN_POINT('',(-104.599998474121,-108.403673171997,190.933158516884));
#17551=CARTESIAN_POINT('',(-104.599998474121,-108.159516334534,190.957205891609));
#17552=CARTESIAN_POINT('',(-104.599998474121,-108.281299591064,190.942185401916));
#17553=CARTESIAN_POINT('',(-104.599998474121,-108.03861618042,190.978183984756));
#17554=CARTESIAN_POINT('',(-104.599998474121,-108.159516334534,190.957205891609));
#17555=CARTESIAN_POINT('',(-104.599998474121,-107.918891906738,191.00506901741));
#17556=CARTESIAN_POINT('',(-104.599998474121,-108.03861618042,190.978183984756));
#17557=CARTESIAN_POINT('',(-104.599998474121,-107.800630569458,191.037796378136));
#17558=CARTESIAN_POINT('',(-104.599998474121,-107.918891906738,191.00506901741));
#17559=CARTESIAN_POINT('',(-104.599998474121,-107.6841173172,191.076287031174));
#17560=CARTESIAN_POINT('',(-104.599998474121,-107.800630569458,191.037796378136));
#17561=CARTESIAN_POINT('',(-104.599998474121,-107.569633483887,191.120448350906));
#17562=CARTESIAN_POINT('',(-104.599998474121,-107.6841173172,191.076287031174));
#17563=CARTESIAN_POINT('',(-104.599998474121,-107.457454681396,191.170173883438));
#17564=CARTESIAN_POINT('',(-104.599998474121,-107.569633483887,191.120448350906));
#17565=CARTESIAN_POINT('',(-104.599998474121,-107.347850799561,191.225344061852));
#17566=CARTESIAN_POINT('',(-104.599998474121,-107.457454681396,191.170173883438));
#17567=CARTESIAN_POINT('',(-104.599998474121,-107.241086006165,191.285825610161));
#17568=CARTESIAN_POINT('',(-104.599998474121,-107.347850799561,191.225344061852));
#17569=CARTESIAN_POINT('',(-104.599998474121,-107.1374168396,191.351473093033));
#17570=CARTESIAN_POINT('',(-104.599998474121,-107.241086006165,191.285825610161));
#17571=CARTESIAN_POINT('',(-104.599998474121,-107.037094116211,191.42212831974));
#17572=CARTESIAN_POINT('',(-104.599998474121,-107.1374168396,191.351473093033));
#17573=CARTESIAN_POINT('',(-104.599998474121,-106.940359115601,191.497621059418));
#17574=CARTESIAN_POINT('',(-104.599998474121,-107.037094116211,191.42212831974));
#17575=CARTESIAN_POINT('',(-104.599998474121,-106.847444534302,191.577769398689));
#17576=CARTESIAN_POINT('',(-104.599998474121,-106.940359115601,191.497621059418));
#17577=CARTESIAN_POINT('',(-104.599998474121,-106.758575439453,191.662380218506));
#17578=CARTESIAN_POINT('',(-104.599998474121,-106.847444534302,191.577769398689));
#17579=CARTESIAN_POINT('',(-104.599998474121,-106.673964500427,191.751249790192));
#17580=CARTESIAN_POINT('',(-104.599998474121,-106.758575439453,191.662380218506));
#17581=CARTESIAN_POINT('',(-104.599998474121,-106.593815803528,191.844164013863));
#17582=CARTESIAN_POINT('',(-104.599998474121,-106.673964500427,191.751249790192));
#17583=CARTESIAN_POINT('',(-104.599998474121,-106.518323898315,191.940898895264));
#17584=CARTESIAN_POINT('',(-104.599998474121,-106.593815803528,191.844164013863));
#17585=CARTESIAN_POINT('',(-104.599998474121,-106.447668075562,192.041221618652));
#17586=CARTESIAN_POINT('',(-104.599998474121,-106.518323898315,191.940898895264));
#17587=CARTESIAN_POINT('',(-104.599998474121,-106.382020950317,192.14489030838));
#17588=CARTESIAN_POINT('',(-104.599998474121,-106.447668075562,192.041221618652));
#17589=CARTESIAN_POINT('',(-104.599998474121,-106.321538925171,192.251655340195));
#17590=CARTESIAN_POINT('',(-104.599998474121,-106.382020950317,192.14489030838));
#17591=CARTESIAN_POINT('',(-104.599998474121,-106.266368865967,192.361259460449));
#17592=CARTESIAN_POINT('',(-104.599998474121,-106.321538925171,192.251655340195));
#17593=CARTESIAN_POINT('',(-104.599998474121,-106.216643333435,192.473438501358));
#17594=CARTESIAN_POINT('',(-104.599998474121,-106.266368865967,192.361259460449));
#17595=CARTESIAN_POINT('',(-104.599998474121,-106.17248249054,192.58792257309));
#17596=CARTESIAN_POINT('',(-104.599998474121,-106.216643333435,192.473438501358));
#17597=CARTESIAN_POINT('',(-104.599998474121,-106.133991241455,192.704435586929));
#17598=CARTESIAN_POINT('',(-104.599998474121,-106.17248249054,192.58792257309));
#17599=CARTESIAN_POINT('',(-104.599998474121,-106.101263999939,192.822696685791));
#17600=CARTESIAN_POINT('',(-104.599998474121,-106.133991241455,192.704435586929));
#17601=CARTESIAN_POINT('',(-104.599998474121,-106.074378967285,192.94242143631));
#17602=CARTESIAN_POINT('',(-104.599998474121,-106.101263999939,192.822696685791));
#17603=CARTESIAN_POINT('',(-104.599998474121,-106.053400993347,193.063320875168));
#17604=CARTESIAN_POINT('',(-104.599998474121,-106.074378967285,192.94242143631));
#17605=CARTESIAN_POINT('',(-104.599998474121,-106.038380622864,193.185104370117));
#17606=CARTESIAN_POINT('',(-104.599998474121,-106.053400993347,193.063320875168));
#17607=CARTESIAN_POINT('',(-104.599998474121,-106.029354095459,193.30747795105));
#17608=CARTESIAN_POINT('',(-104.599998474121,-106.038380622864,193.185104370117));
#17609=CARTESIAN_POINT('',(-104.599998474121,-106.029354095459,193.30747795105));
#17610=CARTESIAN_POINT('Origin',(-89.6666655540466,-106.026342391968,193.430147171021));
#17611=CARTESIAN_POINT('',(-104.599998474121,-106.029354095459,193.30747795105));
#17612=CARTESIAN_POINT('Origin',(-89.6666655540466,-106.038380622864,193.185104370117));
#17613=CARTESIAN_POINT('',(-104.599998474121,-106.038380622864,193.185104370117));
#17614=CARTESIAN_POINT('',(-104.599998474121,-106.029354095459,193.30747795105));
#17615=CARTESIAN_POINT('Origin',(-89.6666655540466,-106.029354095459,193.30747795105));
#17616=CARTESIAN_POINT('Origin',(-89.6666655540466,-106.053400993347,193.063320875168));
#17617=CARTESIAN_POINT('',(-104.599998474121,-106.053400993347,193.063320875168));
#17618=CARTESIAN_POINT('',(-104.599998474121,-106.038380622864,193.185104370117));
#17619=CARTESIAN_POINT('Origin',(-89.6666655540466,-106.038380622864,193.185104370117));
#17620=CARTESIAN_POINT('Origin',(-89.6666655540466,-106.074378967285,192.94242143631));
#17621=CARTESIAN_POINT('',(-104.599998474121,-106.074378967285,192.94242143631));
#17622=CARTESIAN_POINT('',(-104.599998474121,-106.053400993347,193.063320875168));
#17623=CARTESIAN_POINT('Origin',(-89.6666655540466,-106.053400993347,193.063320875168));
#17624=CARTESIAN_POINT('Origin',(-89.6666655540466,-106.101263999939,192.822696685791));
#17625=CARTESIAN_POINT('',(-104.599998474121,-106.101263999939,192.822696685791));
#17626=CARTESIAN_POINT('',(-104.599998474121,-106.074378967285,192.94242143631));
#17627=CARTESIAN_POINT('Origin',(-89.6666655540466,-106.074378967285,192.94242143631));
#17628=CARTESIAN_POINT('Origin',(-89.6666655540466,-106.101263999939,192.822696685791));
#17629=CARTESIAN_POINT('',(-104.599998474121,-106.133991241455,192.704435586929));
#17630=CARTESIAN_POINT('Origin',(-89.6666655540466,-106.17248249054,192.58792257309));
#17631=CARTESIAN_POINT('',(-104.599998474121,-106.17248249054,192.58792257309));
#17632=CARTESIAN_POINT('',(-104.599998474121,-106.133991241455,192.704435586929));
#17633=CARTESIAN_POINT('Origin',(-89.6666655540466,-106.133991241455,192.704435586929));
#17634=CARTESIAN_POINT('',(-104.599998474121,-106.133991241455,192.704435586929));
#17635=CARTESIAN_POINT('Origin',(-89.6666655540466,-106.101263999939,192.822696685791));
#17636=CARTESIAN_POINT('Origin',(-89.6666655540466,-106.17248249054,192.58792257309));
#17637=CARTESIAN_POINT('',(-104.599998474121,-106.216643333435,192.473438501358));
#17638=CARTESIAN_POINT('Origin',(-89.6666655540466,-106.266368865967,192.361259460449));
#17639=CARTESIAN_POINT('',(-104.599998474121,-106.266368865967,192.361259460449));
#17640=CARTESIAN_POINT('',(-104.599998474121,-106.216643333435,192.473438501358));
#17641=CARTESIAN_POINT('Origin',(-89.6666655540466,-106.216643333435,192.473438501358));
#17642=CARTESIAN_POINT('',(-104.599998474121,-106.216643333435,192.473438501358));
#17643=CARTESIAN_POINT('Origin',(-89.6666655540466,-106.17248249054,192.58792257309));
#17644=CARTESIAN_POINT('Origin',(-89.6666655540466,-106.321538925171,192.251655340195));
#17645=CARTESIAN_POINT('',(-104.599998474121,-106.321538925171,192.251655340195));
#17646=CARTESIAN_POINT('',(-104.599998474121,-106.266368865967,192.361259460449));
#17647=CARTESIAN_POINT('Origin',(-89.6666655540466,-106.266368865967,192.361259460449));
#17648=CARTESIAN_POINT('Origin',(-89.6666655540466,-106.321538925171,192.251655340195));
#17649=CARTESIAN_POINT('',(-104.599998474121,-106.382020950317,192.14489030838));
#17650=CARTESIAN_POINT('Origin',(-89.6666655540466,-106.447668075562,192.041221618652));
#17651=CARTESIAN_POINT('',(-104.599998474121,-106.447668075562,192.041221618652));
#17652=CARTESIAN_POINT('',(-104.599998474121,-106.382020950317,192.14489030838));
#17653=CARTESIAN_POINT('Origin',(-89.6666655540466,-106.382020950317,192.14489030838));
#17654=CARTESIAN_POINT('',(-104.599998474121,-106.382020950317,192.14489030838));
#17655=CARTESIAN_POINT('Origin',(-89.6666655540466,-106.321538925171,192.251655340195));
#17656=CARTESIAN_POINT('Origin',(-89.6666655540466,-106.447668075562,192.041221618652));
#17657=CARTESIAN_POINT('',(-104.599998474121,-106.518323898315,191.940898895264));
#17658=CARTESIAN_POINT('Origin',(-89.6666655540466,-106.518323898315,191.940898895264));
#17659=CARTESIAN_POINT('',(-104.599998474121,-106.593815803528,191.844164013863));
#17660=CARTESIAN_POINT('',(-104.599998474121,-106.518323898315,191.940898895264));
#17661=CARTESIAN_POINT('Origin',(-89.6666655540466,-106.447668075562,192.041221618652));
#17662=CARTESIAN_POINT('Origin',(-89.6666655540466,-106.518323898315,191.940898895264));
#17663=CARTESIAN_POINT('',(-104.599998474121,-106.593815803528,191.844164013863));
#17664=CARTESIAN_POINT('Origin',(-89.6666655540466,-106.593815803528,191.844164013863));
#17665=CARTESIAN_POINT('',(-104.599998474121,-106.673964500427,191.751249790192));
#17666=CARTESIAN_POINT('Origin',(-89.6666655540466,-106.593815803528,191.844164013863));
#17667=CARTESIAN_POINT('',(-104.599998474121,-106.673964500427,191.751249790192));
#17668=CARTESIAN_POINT('Origin',(-89.6666655540466,-106.673964500427,191.751249790192));
#17669=CARTESIAN_POINT('',(-104.599998474121,-106.758575439453,191.662380218506));
#17670=CARTESIAN_POINT('Origin',(-89.6666655540466,-106.673964500427,191.751249790192));
#17671=CARTESIAN_POINT('',(-104.599998474121,-106.758575439453,191.662380218506));
#17672=CARTESIAN_POINT('Origin',(-89.6666655540466,-106.758575439453,191.662380218506));
#17673=CARTESIAN_POINT('',(-104.599998474121,-106.847444534302,191.577769398689));
#17674=CARTESIAN_POINT('Origin',(-89.6666655540466,-106.758575439453,191.662380218506));
#17675=CARTESIAN_POINT('',(-104.599998474121,-106.847444534302,191.577769398689));
#17676=CARTESIAN_POINT('Origin',(-89.6666655540466,-106.847444534302,191.577769398689));
#17677=CARTESIAN_POINT('',(-104.599998474121,-106.940359115601,191.497621059418));
#17678=CARTESIAN_POINT('Origin',(-89.6666655540466,-106.847444534302,191.577769398689));
#17679=CARTESIAN_POINT('',(-104.599998474121,-106.940359115601,191.497621059418));
#17680=CARTESIAN_POINT('Origin',(-89.6666655540466,-106.940359115601,191.497621059418));
#17681=CARTESIAN_POINT('',(-104.599998474121,-107.037094116211,191.42212831974));
#17682=CARTESIAN_POINT('Origin',(-89.6666655540466,-106.940359115601,191.497621059418));
#17683=CARTESIAN_POINT('',(-104.599998474121,-107.037094116211,191.42212831974));
#17684=CARTESIAN_POINT('Origin',(-89.6666655540466,-107.037094116211,191.42212831974));
#17685=CARTESIAN_POINT('',(-104.599998474121,-107.1374168396,191.351473093033));
#17686=CARTESIAN_POINT('Origin',(-89.6666655540466,-107.1374168396,191.351473093033));
#17687=CARTESIAN_POINT('',(-104.599998474121,-107.1374168396,191.351473093033));
#17688=CARTESIAN_POINT('',(-104.599998474121,-107.1374168396,191.351473093033));
#17689=CARTESIAN_POINT('Origin',(-89.6666655540466,-107.037094116211,191.42212831974));
#17690=CARTESIAN_POINT('Origin',(-89.6666655540466,-107.241086006165,191.285825610161));
#17691=CARTESIAN_POINT('',(-104.599998474121,-107.241086006165,191.285825610161));
#17692=CARTESIAN_POINT('Origin',(-89.6666655540466,-107.241086006165,191.285825610161));
#17693=CARTESIAN_POINT('',(-104.599998474121,-107.347850799561,191.225344061852));
#17694=CARTESIAN_POINT('Origin',(-89.6666655540466,-107.241086006165,191.285825610161));
#17695=CARTESIAN_POINT('',(-104.599998474121,-107.347850799561,191.225344061852));
#17696=CARTESIAN_POINT('Origin',(-89.6666655540466,-107.347850799561,191.225344061852));
#17697=CARTESIAN_POINT('',(-104.599998474121,-107.457454681396,191.170173883438));
#17698=CARTESIAN_POINT('Origin',(-89.6666655540466,-107.347850799561,191.225344061852));
#17699=CARTESIAN_POINT('',(-104.599998474121,-107.457454681396,191.170173883438));
#17700=CARTESIAN_POINT('Origin',(-89.6666655540466,-107.457454681396,191.170173883438));
#17701=CARTESIAN_POINT('',(-104.599998474121,-107.569633483887,191.120448350906));
#17702=CARTESIAN_POINT('Origin',(-89.6666655540466,-107.569633483887,191.120448350906));
#17703=CARTESIAN_POINT('',(-104.599998474121,-107.6841173172,191.076287031174));
#17704=CARTESIAN_POINT('',(-104.599998474121,-107.569633483887,191.120448350906));
#17705=CARTESIAN_POINT('Origin',(-89.6666655540466,-107.457454681396,191.170173883438));
#17706=CARTESIAN_POINT('Origin',(-89.6666655540466,-107.6841173172,191.076287031174));
#17707=CARTESIAN_POINT('',(-104.599998474121,-107.800630569458,191.037796378136));
#17708=CARTESIAN_POINT('',(-104.599998474121,-107.6841173172,191.076287031174));
#17709=CARTESIAN_POINT('Origin',(-89.6666655540466,-107.569633483887,191.120448350906));
#17710=CARTESIAN_POINT('Origin',(-89.6666655540466,-107.800630569458,191.037796378136));
#17711=CARTESIAN_POINT('',(-104.599998474121,-107.918891906738,191.00506901741));
#17712=CARTESIAN_POINT('',(-104.599998474121,-107.800630569458,191.037796378136));
#17713=CARTESIAN_POINT('Origin',(-89.6666655540466,-107.6841173172,191.076287031174));
#17714=CARTESIAN_POINT('Origin',(-89.6666655540466,-107.918891906738,191.00506901741));
#17715=CARTESIAN_POINT('',(-104.599998474121,-108.03861618042,190.978183984756));
#17716=CARTESIAN_POINT('',(-104.599998474121,-107.918891906738,191.00506901741));
#17717=CARTESIAN_POINT('Origin',(-89.6666655540466,-107.800630569458,191.037796378136));
#17718=CARTESIAN_POINT('Origin',(-89.6666655540466,-108.03861618042,190.978183984756));
#17719=CARTESIAN_POINT('',(-104.599998474121,-108.159516334534,190.957205891609));
#17720=CARTESIAN_POINT('',(-104.599998474121,-108.03861618042,190.978183984756));
#17721=CARTESIAN_POINT('Origin',(-89.6666655540466,-107.918891906738,191.00506901741));
#17722=CARTESIAN_POINT('Origin',(-89.6666655540466,-108.159516334534,190.957205891609));
#17723=CARTESIAN_POINT('',(-104.599998474121,-108.281299591064,190.942185401916));
#17724=CARTESIAN_POINT('',(-104.599998474121,-108.159516334534,190.957205891609));
#17725=CARTESIAN_POINT('Origin',(-89.6666655540466,-108.03861618042,190.978183984756));
#17726=CARTESIAN_POINT('Origin',(-89.6666655540466,-108.281299591064,190.942185401916));
#17727=CARTESIAN_POINT('',(-104.599998474121,-108.403673171997,190.933158516884));
#17728=CARTESIAN_POINT('',(-104.599998474121,-108.281299591064,190.942185401916));
#17729=CARTESIAN_POINT('Origin',(-89.6666655540466,-108.159516334534,190.957205891609));
#17730=CARTESIAN_POINT('Origin',(-89.6666655540466,-108.281299591064,190.942185401916));
#17731=CARTESIAN_POINT('',(-104.599998474121,-108.403673171997,190.933158516884));
#17732=CARTESIAN_POINT('Origin',(-89.6666655540466,-108.403673171997,190.933158516884));
#17733=CARTESIAN_POINT('Origin',(-56.2999992370605,-126.526342391968,204.130146980286));
#17734=CARTESIAN_POINT('',(-56.2999992370605,-126.526342391968,190.930147171021));
#17735=CARTESIAN_POINT('Origin',(-54.7999992370605,-126.526342391968,204.130146980286));
#17736=CARTESIAN_POINT('Origin',(-73.0666656494141,-132.026342391968,193.430147171021));
#17737=CARTESIAN_POINT('',(-73.0666656494141,-129.649011611938,190.933158516884));
#17738=CARTESIAN_POINT('',(-73.0666656494141,-129.649011611938,190.933158516884));
#17739=CARTESIAN_POINT('',(-73.0666656494141,-129.771385192871,190.942185401916));
#17740=CARTESIAN_POINT('',(-73.0666656494141,-129.771385192871,190.942185401916));
#17741=CARTESIAN_POINT('',(-73.0666656494141,-129.893168449402,190.957205891609));
#17742=CARTESIAN_POINT('',(-73.0666656494141,-129.893168449402,190.957205891609));
#17743=CARTESIAN_POINT('',(-73.0666656494141,-130.014068603516,190.978183984756));
#17744=CARTESIAN_POINT('',(-73.0666656494141,-130.014068603516,190.978183984756));
#17745=CARTESIAN_POINT('',(-73.0666656494141,-130.133792877197,191.00506901741));
#17746=CARTESIAN_POINT('',(-73.0666656494141,-130.133792877197,191.00506901741));
#17747=CARTESIAN_POINT('',(-73.0666656494141,-130.252054214478,191.037796378136));
#17748=CARTESIAN_POINT('',(-73.0666656494141,-130.252054214478,191.037796378136));
#17749=CARTESIAN_POINT('',(-73.0666656494141,-130.368567466736,191.076287031174));
#17750=CARTESIAN_POINT('',(-73.0666656494141,-130.368567466736,191.076287031174));
#17751=CARTESIAN_POINT('',(-73.0666656494141,-130.483051300049,191.120448350906));
#17752=CARTESIAN_POINT('',(-73.0666656494141,-130.483051300049,191.120448350906));
#17753=CARTESIAN_POINT('',(-73.0666656494141,-130.595230102539,191.170173883438));
#17754=CARTESIAN_POINT('',(-73.0666656494141,-130.595230102539,191.170173883438));
#17755=CARTESIAN_POINT('',(-73.0666656494141,-130.704833984375,191.225344061852));
#17756=CARTESIAN_POINT('',(-73.0666656494141,-130.704833984375,191.225344061852));
#17757=CARTESIAN_POINT('',(-73.0666656494141,-130.811598777771,191.285825610161));
#17758=CARTESIAN_POINT('',(-73.0666656494141,-130.811598777771,191.285825610161));
#17759=CARTESIAN_POINT('',(-73.0666656494141,-130.915267944336,191.351473093033));
#17760=CARTESIAN_POINT('',(-73.0666656494141,-130.915267944336,191.351473093033));
#17761=CARTESIAN_POINT('',(-73.0666656494141,-131.015590667725,191.42212831974));
#17762=CARTESIAN_POINT('',(-73.0666656494141,-131.015590667725,191.42212831974));
#17763=CARTESIAN_POINT('',(-73.0666656494141,-131.112325668335,191.497621059418));
#17764=CARTESIAN_POINT('',(-73.0666656494141,-131.112325668335,191.497621059418));
#17765=CARTESIAN_POINT('',(-73.0666656494141,-131.205240249634,191.577769398689));
#17766=CARTESIAN_POINT('',(-73.0666656494141,-131.205240249634,191.577769398689));
#17767=CARTESIAN_POINT('',(-73.0666656494141,-131.294109344482,191.662380218506));
#17768=CARTESIAN_POINT('',(-73.0666656494141,-131.294109344482,191.662380218506));
#17769=CARTESIAN_POINT('',(-73.0666656494141,-131.378720283508,191.751249790192));
#17770=CARTESIAN_POINT('',(-73.0666656494141,-131.378720283508,191.751249790192));
#17771=CARTESIAN_POINT('',(-73.0666656494141,-131.458868980408,191.844164013863));
#17772=CARTESIAN_POINT('',(-73.0666656494141,-131.458868980408,191.844164013863));
#17773=CARTESIAN_POINT('',(-73.0666656494141,-131.53436088562,191.940898895264));
#17774=CARTESIAN_POINT('',(-73.0666656494141,-131.53436088562,191.940898895264));
#17775=CARTESIAN_POINT('',(-73.0666656494141,-131.605016708374,192.041221618652));
#17776=CARTESIAN_POINT('',(-73.0666656494141,-131.605016708374,192.041221618652));
#17777=CARTESIAN_POINT('',(-73.0666656494141,-131.670663833618,192.14489030838));
#17778=CARTESIAN_POINT('',(-73.0666656494141,-131.670663833618,192.14489030838));
#17779=CARTESIAN_POINT('',(-73.0666656494141,-131.731145858765,192.251655340195));
#17780=CARTESIAN_POINT('',(-73.0666656494141,-131.731145858765,192.251655340195));
#17781=CARTESIAN_POINT('',(-73.0666656494141,-131.786315917969,192.361259460449));
#17782=CARTESIAN_POINT('',(-73.0666656494141,-131.786315917969,192.361259460449));
#17783=CARTESIAN_POINT('',(-73.0666656494141,-131.8360414505,192.473438501358));
#17784=CARTESIAN_POINT('',(-73.0666656494141,-131.8360414505,192.473438501358));
#17785=CARTESIAN_POINT('',(-73.0666656494141,-131.880202293396,192.58792257309));
#17786=CARTESIAN_POINT('',(-73.0666656494141,-131.880202293396,192.58792257309));
#17787=CARTESIAN_POINT('',(-73.0666656494141,-131.91869354248,192.704435586929));
#17788=CARTESIAN_POINT('',(-73.0666656494141,-131.91869354248,192.704435586929));
#17789=CARTESIAN_POINT('',(-73.0666656494141,-131.951420783997,192.822696685791));
#17790=CARTESIAN_POINT('',(-73.0666656494141,-131.951420783997,192.822696685791));
#17791=CARTESIAN_POINT('',(-73.0666656494141,-131.97830581665,192.94242143631));
#17792=CARTESIAN_POINT('',(-73.0666656494141,-131.97830581665,192.94242143631));
#17793=CARTESIAN_POINT('',(-73.0666656494141,-131.999283790588,193.063320875168));
#17794=CARTESIAN_POINT('',(-73.0666656494141,-131.999283790588,193.063320875168));
#17795=CARTESIAN_POINT('',(-73.0666656494141,-132.014304161072,193.185104370117));
#17796=CARTESIAN_POINT('',(-73.0666656494141,-132.014304161072,193.185104370117));
#17797=CARTESIAN_POINT('',(-73.0666656494141,-132.023330688477,193.30747795105));
#17798=CARTESIAN_POINT('',(-73.0666656494141,-132.023330688477,193.30747795105));
#17799=CARTESIAN_POINT('',(-73.0666656494141,-132.026342391968,193.430147171021));
#17800=CARTESIAN_POINT('',(-73.0666656494141,-133.526342391968,201.509531021118));
#17801=CARTESIAN_POINT('Origin',(-73.0666656494141,-129.649011611938,190.933158516884));
#17802=CARTESIAN_POINT('',(-91.3333320617676,-129.649011611938,190.933158516884));
#17803=CARTESIAN_POINT('',(-91.3333320617676,-129.649011611938,190.933158516884));
#17804=CARTESIAN_POINT('',(-91.3333320617676,-129.649011611938,190.933158516884));
#17805=CARTESIAN_POINT('',(-91.3333320617676,-129.526342391968,190.930147171021));
#17806=CARTESIAN_POINT('Origin',(-73.0666656494141,-129.526342391968,190.930147171021));
#17807=CARTESIAN_POINT('Origin',(-73.0666656494141,-129.771385192871,190.942185401916));
#17808=CARTESIAN_POINT('',(-91.3333320617676,-129.771385192871,190.942185401916));
#17809=CARTESIAN_POINT('',(-91.3333320617676,-129.771385192871,190.942185401916));
#17810=CARTESIAN_POINT('',(-91.3333320617676,-129.771385192871,190.942185401916));
#17811=CARTESIAN_POINT('',(-91.3333320617676,-129.649011611938,190.933158516884));
#17812=CARTESIAN_POINT('Origin',(-73.0666656494141,-129.649011611938,190.933158516884));
#17813=CARTESIAN_POINT('Origin',(-73.0666656494141,-129.893168449402,190.957205891609));
#17814=CARTESIAN_POINT('',(-91.3333320617676,-129.893168449402,190.957205891609));
#17815=CARTESIAN_POINT('',(-91.3333320617676,-129.893168449402,190.957205891609));
#17816=CARTESIAN_POINT('',(-91.3333320617676,-129.893168449402,190.957205891609));
#17817=CARTESIAN_POINT('',(-91.3333320617676,-129.771385192871,190.942185401916));
#17818=CARTESIAN_POINT('Origin',(-73.0666656494141,-129.771385192871,190.942185401916));
#17819=CARTESIAN_POINT('Origin',(-73.0666656494141,-130.014068603516,190.978183984756));
#17820=CARTESIAN_POINT('',(-91.3333320617676,-130.014068603516,190.978183984756));
#17821=CARTESIAN_POINT('',(-91.3333320617676,-130.014068603516,190.978183984756));
#17822=CARTESIAN_POINT('',(-91.3333320617676,-130.014068603516,190.978183984756));
#17823=CARTESIAN_POINT('',(-91.3333320617676,-129.893168449402,190.957205891609));
#17824=CARTESIAN_POINT('Origin',(-73.0666656494141,-129.893168449402,190.957205891609));
#17825=CARTESIAN_POINT('Origin',(-73.0666656494141,-130.133792877197,191.00506901741));
#17826=CARTESIAN_POINT('',(-91.3333320617676,-130.133792877197,191.00506901741));
#17827=CARTESIAN_POINT('',(-91.3333320617676,-130.133792877197,191.00506901741));
#17828=CARTESIAN_POINT('',(-91.3333320617676,-130.133792877197,191.00506901741));
#17829=CARTESIAN_POINT('',(-91.3333320617676,-130.014068603516,190.978183984756));
#17830=CARTESIAN_POINT('Origin',(-73.0666656494141,-130.014068603516,190.978183984756));
#17831=CARTESIAN_POINT('Origin',(-73.0666656494141,-130.252054214478,191.037796378136));
#17832=CARTESIAN_POINT('',(-91.3333320617676,-130.252054214478,191.037796378136));
#17833=CARTESIAN_POINT('',(-91.3333320617676,-130.252054214478,191.037796378136));
#17834=CARTESIAN_POINT('',(-91.3333320617676,-130.252054214478,191.037796378136));
#17835=CARTESIAN_POINT('',(-91.3333320617676,-130.133792877197,191.00506901741));
#17836=CARTESIAN_POINT('Origin',(-73.0666656494141,-130.133792877197,191.00506901741));
#17837=CARTESIAN_POINT('Origin',(-73.0666656494141,-130.368567466736,191.076287031174));
#17838=CARTESIAN_POINT('',(-91.3333320617676,-130.368567466736,191.076287031174));
#17839=CARTESIAN_POINT('',(-91.3333320617676,-130.368567466736,191.076287031174));
#17840=CARTESIAN_POINT('',(-91.3333320617676,-130.368567466736,191.076287031174));
#17841=CARTESIAN_POINT('',(-91.3333320617676,-130.252054214478,191.037796378136));
#17842=CARTESIAN_POINT('Origin',(-73.0666656494141,-130.252054214478,191.037796378136));
#17843=CARTESIAN_POINT('Origin',(-73.0666656494141,-130.483051300049,191.120448350906));
#17844=CARTESIAN_POINT('',(-91.3333320617676,-130.483051300049,191.120448350906));
#17845=CARTESIAN_POINT('',(-91.3333320617676,-130.483051300049,191.120448350906));
#17846=CARTESIAN_POINT('',(-91.3333320617676,-130.483051300049,191.120448350906));
#17847=CARTESIAN_POINT('',(-91.3333320617676,-130.368567466736,191.076287031174));
#17848=CARTESIAN_POINT('Origin',(-73.0666656494141,-130.368567466736,191.076287031174));
#17849=CARTESIAN_POINT('Origin',(-73.0666656494141,-130.595230102539,191.170173883438));
#17850=CARTESIAN_POINT('',(-91.3333320617676,-130.595230102539,191.170173883438));
#17851=CARTESIAN_POINT('',(-91.3333320617676,-130.595230102539,191.170173883438));
#17852=CARTESIAN_POINT('',(-91.3333320617676,-130.595230102539,191.170173883438));
#17853=CARTESIAN_POINT('',(-91.3333320617676,-130.483051300049,191.120448350906));
#17854=CARTESIAN_POINT('Origin',(-73.0666656494141,-130.483051300049,191.120448350906));
#17855=CARTESIAN_POINT('Origin',(-73.0666656494141,-130.704833984375,191.225344061852));
#17856=CARTESIAN_POINT('',(-91.3333320617676,-130.704833984375,191.225344061852));
#17857=CARTESIAN_POINT('',(-91.3333320617676,-130.704833984375,191.225344061852));
#17858=CARTESIAN_POINT('',(-91.3333320617676,-130.704833984375,191.225344061852));
#17859=CARTESIAN_POINT('',(-91.3333320617676,-130.595230102539,191.170173883438));
#17860=CARTESIAN_POINT('Origin',(-73.0666656494141,-130.595230102539,191.170173883438));
#17861=CARTESIAN_POINT('Origin',(-73.0666656494141,-130.704833984375,191.225344061852));
#17862=CARTESIAN_POINT('',(-91.3333320617676,-130.704833984375,191.225344061852));
#17863=CARTESIAN_POINT('Origin',(-73.0666656494141,-130.811598777771,191.285825610161));
#17864=CARTESIAN_POINT('',(-91.3333320617676,-130.811598777771,191.285825610161));
#17865=CARTESIAN_POINT('',(-91.3333320617676,-130.811598777771,191.285825610161));
#17866=CARTESIAN_POINT('',(-91.3333320617676,-130.811598777771,191.285825610161));
#17867=CARTESIAN_POINT('Origin',(-73.0666656494141,-130.915267944336,191.351473093033));
#17868=CARTESIAN_POINT('',(-91.3333320617676,-130.915267944336,191.351473093033));
#17869=CARTESIAN_POINT('',(-91.3333320617676,-130.915267944336,191.351473093033));
#17870=CARTESIAN_POINT('',(-91.3333320617676,-130.915267944336,191.351473093033));
#17871=CARTESIAN_POINT('',(-91.3333320617676,-130.811598777771,191.285825610161));
#17872=CARTESIAN_POINT('Origin',(-73.0666656494141,-130.811598777771,191.285825610161));
#17873=CARTESIAN_POINT('Origin',(-73.0666656494141,-130.915267944336,191.351473093033));
#17874=CARTESIAN_POINT('',(-91.3333320617676,-131.015590667725,191.42212831974));
#17875=CARTESIAN_POINT('',(-91.3333320617676,-131.015590667725,191.42212831974));
#17876=CARTESIAN_POINT('',(-91.3333320617676,-131.015590667725,191.42212831974));
#17877=CARTESIAN_POINT('Origin',(-73.0666656494141,-131.112325668335,191.497621059418));
#17878=CARTESIAN_POINT('',(-91.3333320617676,-131.112325668335,191.497621059418));
#17879=CARTESIAN_POINT('',(-91.3333320617676,-131.112325668335,191.497621059418));
#17880=CARTESIAN_POINT('',(-91.3333320617676,-131.112325668335,191.497621059418));
#17881=CARTESIAN_POINT('',(-91.3333320617676,-131.015590667725,191.42212831974));
#17882=CARTESIAN_POINT('Origin',(-73.0666656494141,-131.015590667725,191.42212831974));
#17883=CARTESIAN_POINT('',(-91.3333320617676,-131.015590667725,191.42212831974));
#17884=CARTESIAN_POINT('Origin',(-73.0666656494141,-130.915267944336,191.351473093033));
#17885=CARTESIAN_POINT('Origin',(-73.0666656494141,-131.112325668335,191.497621059418));
#17886=CARTESIAN_POINT('',(-91.3333320617676,-131.112325668335,191.497621059418));
#17887=CARTESIAN_POINT('Origin',(-73.0666656494141,-131.205240249634,191.577769398689));
#17888=CARTESIAN_POINT('',(-91.3333320617676,-131.205240249634,191.577769398689));
#17889=CARTESIAN_POINT('',(-91.3333320617676,-131.205240249634,191.577769398689));
#17890=CARTESIAN_POINT('',(-91.3333320617676,-131.205240249634,191.577769398689));
#17891=CARTESIAN_POINT('Origin',(-73.0666656494141,-131.205240249634,191.577769398689));
#17892=CARTESIAN_POINT('',(-91.3333320617676,-131.205240249634,191.577769398689));
#17893=CARTESIAN_POINT('Origin',(-73.0666656494141,-131.294109344482,191.662380218506));
#17894=CARTESIAN_POINT('',(-91.3333320617676,-131.294109344482,191.662380218506));
#17895=CARTESIAN_POINT('',(-91.3333320617676,-131.294109344482,191.662380218506));
#17896=CARTESIAN_POINT('',(-91.3333320617676,-131.294109344482,191.662380218506));
#17897=CARTESIAN_POINT('Origin',(-73.0666656494141,-131.294109344482,191.662380218506));
#17898=CARTESIAN_POINT('',(-91.3333320617676,-131.294109344482,191.662380218506));
#17899=CARTESIAN_POINT('Origin',(-73.0666656494141,-131.378720283508,191.751249790192));
#17900=CARTESIAN_POINT('',(-91.3333320617676,-131.378720283508,191.751249790192));
#17901=CARTESIAN_POINT('',(-91.3333320617676,-131.378720283508,191.751249790192));
#17902=CARTESIAN_POINT('',(-91.3333320617676,-131.378720283508,191.751249790192));
#17903=CARTESIAN_POINT('Origin',(-73.0666656494141,-131.378720283508,191.751249790192));
#17904=CARTESIAN_POINT('',(-91.3333320617676,-131.378720283508,191.751249790192));
#17905=CARTESIAN_POINT('Origin',(-73.0666656494141,-131.458868980408,191.844164013863));
#17906=CARTESIAN_POINT('',(-91.3333320617676,-131.458868980408,191.844164013863));
#17907=CARTESIAN_POINT('',(-91.3333320617676,-131.458868980408,191.844164013863));
#17908=CARTESIAN_POINT('',(-91.3333320617676,-131.458868980408,191.844164013863));
#17909=CARTESIAN_POINT('Origin',(-73.0666656494141,-131.458868980408,191.844164013863));
#17910=CARTESIAN_POINT('',(-91.3333320617676,-131.458868980408,191.844164013863));
#17911=CARTESIAN_POINT('Origin',(-73.0666656494141,-131.53436088562,191.940898895264));
#17912=CARTESIAN_POINT('',(-91.3333320617676,-131.53436088562,191.940898895264));
#17913=CARTESIAN_POINT('',(-91.3333320617676,-131.53436088562,191.940898895264));
#17914=CARTESIAN_POINT('',(-91.3333320617676,-131.53436088562,191.940898895264));
#17915=CARTESIAN_POINT('Origin',(-73.0666656494141,-131.53436088562,191.940898895264));
#17916=CARTESIAN_POINT('',(-91.3333320617676,-131.53436088562,191.940898895264));
#17917=CARTESIAN_POINT('Origin',(-73.0666656494141,-131.605016708374,192.041221618652));
#17918=CARTESIAN_POINT('',(-91.3333320617676,-131.605016708374,192.041221618652));
#17919=CARTESIAN_POINT('',(-91.3333320617676,-131.605016708374,192.041221618652));
#17920=CARTESIAN_POINT('',(-91.3333320617676,-131.605016708374,192.041221618652));
#17921=CARTESIAN_POINT('Origin',(-73.0666656494141,-131.605016708374,192.041221618652));
#17922=CARTESIAN_POINT('',(-91.3333320617676,-131.605016708374,192.041221618652));
#17923=CARTESIAN_POINT('Origin',(-73.0666656494141,-131.670663833618,192.14489030838));
#17924=CARTESIAN_POINT('',(-91.3333320617676,-131.670663833618,192.14489030838));
#17925=CARTESIAN_POINT('',(-91.3333320617676,-131.670663833618,192.14489030838));
#17926=CARTESIAN_POINT('',(-91.3333320617676,-131.670663833618,192.14489030838));
#17927=CARTESIAN_POINT('Origin',(-73.0666656494141,-131.670663833618,192.14489030838));
#17928=CARTESIAN_POINT('',(-91.3333320617676,-131.670663833618,192.14489030838));
#17929=CARTESIAN_POINT('Origin',(-73.0666656494141,-131.731145858765,192.251655340195));
#17930=CARTESIAN_POINT('',(-91.3333320617676,-131.731145858765,192.251655340195));
#17931=CARTESIAN_POINT('',(-91.3333320617676,-131.731145858765,192.251655340195));
#17932=CARTESIAN_POINT('',(-91.3333320617676,-131.731145858765,192.251655340195));
#17933=CARTESIAN_POINT('Origin',(-73.0666656494141,-131.731145858765,192.251655340195));
#17934=CARTESIAN_POINT('',(-91.3333320617676,-131.731145858765,192.251655340195));
#17935=CARTESIAN_POINT('Origin',(-73.0666656494141,-131.786315917969,192.361259460449));
#17936=CARTESIAN_POINT('',(-91.3333320617676,-131.786315917969,192.361259460449));
#17937=CARTESIAN_POINT('',(-91.3333320617676,-131.786315917969,192.361259460449));
#17938=CARTESIAN_POINT('',(-91.3333320617676,-131.786315917969,192.361259460449));
#17939=CARTESIAN_POINT('Origin',(-73.0666656494141,-131.786315917969,192.361259460449));
#17940=CARTESIAN_POINT('',(-91.3333320617676,-131.786315917969,192.361259460449));
#17941=CARTESIAN_POINT('Origin',(-73.0666656494141,-131.8360414505,192.473438501358));
#17942=CARTESIAN_POINT('',(-91.3333320617676,-131.8360414505,192.473438501358));
#17943=CARTESIAN_POINT('',(-91.3333320617676,-131.8360414505,192.473438501358));
#17944=CARTESIAN_POINT('',(-91.3333320617676,-131.8360414505,192.473438501358));
#17945=CARTESIAN_POINT('Origin',(-73.0666656494141,-131.8360414505,192.473438501358));
#17946=CARTESIAN_POINT('',(-91.3333320617676,-131.8360414505,192.473438501358));
#17947=CARTESIAN_POINT('Origin',(-73.0666656494141,-131.880202293396,192.58792257309));
#17948=CARTESIAN_POINT('',(-91.3333320617676,-131.880202293396,192.58792257309));
#17949=CARTESIAN_POINT('',(-91.3333320617676,-131.880202293396,192.58792257309));
#17950=CARTESIAN_POINT('',(-91.3333320617676,-131.880202293396,192.58792257309));
#17951=CARTESIAN_POINT('Origin',(-73.0666656494141,-131.91869354248,192.704435586929));
#17952=CARTESIAN_POINT('',(-91.3333320617676,-131.91869354248,192.704435586929));
#17953=CARTESIAN_POINT('',(-91.3333320617676,-131.91869354248,192.704435586929));
#17954=CARTESIAN_POINT('',(-91.3333320617676,-131.91869354248,192.704435586929));
#17955=CARTESIAN_POINT('',(-91.3333320617676,-131.880202293396,192.58792257309));
#17956=CARTESIAN_POINT('Origin',(-73.0666656494141,-131.880202293396,192.58792257309));
#17957=CARTESIAN_POINT('Origin',(-73.0666656494141,-131.951420783997,192.822696685791));
#17958=CARTESIAN_POINT('',(-91.3333320617676,-131.951420783997,192.822696685791));
#17959=CARTESIAN_POINT('',(-91.3333320617676,-131.951420783997,192.822696685791));
#17960=CARTESIAN_POINT('',(-91.3333320617676,-131.951420783997,192.822696685791));
#17961=CARTESIAN_POINT('',(-91.3333320617676,-131.91869354248,192.704435586929));
#17962=CARTESIAN_POINT('Origin',(-73.0666656494141,-131.91869354248,192.704435586929));
#17963=CARTESIAN_POINT('Origin',(-73.0666656494141,-131.97830581665,192.94242143631));
#17964=CARTESIAN_POINT('',(-91.3333320617676,-131.97830581665,192.94242143631));
#17965=CARTESIAN_POINT('',(-91.3333320617676,-131.97830581665,192.94242143631));
#17966=CARTESIAN_POINT('',(-91.3333320617676,-131.97830581665,192.94242143631));
#17967=CARTESIAN_POINT('',(-91.3333320617676,-131.951420783997,192.822696685791));
#17968=CARTESIAN_POINT('Origin',(-73.0666656494141,-131.951420783997,192.822696685791));
#17969=CARTESIAN_POINT('Origin',(-73.0666656494141,-131.999283790588,193.063320875168));
#17970=CARTESIAN_POINT('',(-91.3333320617676,-131.999283790588,193.063320875168));
#17971=CARTESIAN_POINT('',(-91.3333320617676,-131.999283790588,193.063320875168));
#17972=CARTESIAN_POINT('',(-91.3333320617676,-131.999283790588,193.063320875168));
#17973=CARTESIAN_POINT('',(-91.3333320617676,-131.97830581665,192.94242143631));
#17974=CARTESIAN_POINT('Origin',(-73.0666656494141,-131.97830581665,192.94242143631));
#17975=CARTESIAN_POINT('Origin',(-73.0666656494141,-132.014304161072,193.185104370117));
#17976=CARTESIAN_POINT('',(-91.3333320617676,-132.014304161072,193.185104370117));
#17977=CARTESIAN_POINT('',(-91.3333320617676,-132.014304161072,193.185104370117));
#17978=CARTESIAN_POINT('',(-91.3333320617676,-132.014304161072,193.185104370117));
#17979=CARTESIAN_POINT('',(-91.3333320617676,-131.999283790588,193.063320875168));
#17980=CARTESIAN_POINT('Origin',(-73.0666656494141,-131.999283790588,193.063320875168));
#17981=CARTESIAN_POINT('Origin',(-73.0666656494141,-132.023330688477,193.30747795105));
#17982=CARTESIAN_POINT('',(-91.3333320617676,-132.023330688477,193.30747795105));
#17983=CARTESIAN_POINT('',(-91.3333320617676,-132.023330688477,193.30747795105));
#17984=CARTESIAN_POINT('',(-91.3333320617676,-132.023330688477,193.30747795105));
#17985=CARTESIAN_POINT('',(-91.3333320617676,-132.014304161072,193.185104370117));
#17986=CARTESIAN_POINT('Origin',(-73.0666656494141,-132.014304161072,193.185104370117));
#17987=CARTESIAN_POINT('Origin',(-73.0666656494141,-132.023330688477,193.30747795105));
#17988=CARTESIAN_POINT('',(-91.3333320617676,-132.023330688477,193.30747795105));
#17989=CARTESIAN_POINT('Origin',(-73.0666656494141,-132.026342391968,193.430147171021));
#17990=CARTESIAN_POINT('',(-91.3333320617676,-132.026342391968,193.430147171021));
#17991=CARTESIAN_POINT('Origin',(-91.3333320617676,-132.026342391968,207.63014793396));
#17992=CARTESIAN_POINT('',(-91.3333320617676,-133.526342391968,190.930147171021));
#17993=CARTESIAN_POINT('Origin',(-91.3333320617676,-133.526342391968,209.588914871216));
#17994=CARTESIAN_POINT('',(-109.599998474121,-133.526342391968,189.930147171021));
#17995=CARTESIAN_POINT('Origin',(-109.599998474121,-104.526342391968,189.930147171021));
#17996=CARTESIAN_POINT('Origin',(-74.733332157135,-107.097493171692,210.524738311768));
#17997=CARTESIAN_POINT('',(-74.733332157135,-107.049459457397,210.579166412354));
#17998=CARTESIAN_POINT('',(-74.733332157135,-107.097493171692,210.524738311768));
#17999=CARTESIAN_POINT('',(-74.733332157135,-107.049459457397,210.579166412354));
#18000=CARTESIAN_POINT('Origin',(-74.733332157135,-107.049459457397,210.579166412354));
#18001=CARTESIAN_POINT('',(-74.733332157135,-106.998772621155,210.631132125854));
#18002=CARTESIAN_POINT('',(-74.733332157135,-106.998772621155,210.631132125854));
#18003=CARTESIAN_POINT('',(-74.733332157135,-107.049459457397,210.579166412354));
#18004=CARTESIAN_POINT('Origin',(-74.733332157135,-106.998772621155,210.631132125854));
#18005=CARTESIAN_POINT('',(-74.733332157135,-106.998772621155,210.631132125854));
#18006=CARTESIAN_POINT('Origin',(-74.733332157135,-106.998772621155,210.631132125854));
#18007=CARTESIAN_POINT('',(-74.733332157135,-106.998772621155,210.631132125854));
#18008=CARTESIAN_POINT('Origin',(-74.733332157135,-106.998772621155,210.631132125854));
#18009=CARTESIAN_POINT('',(-74.733332157135,-106.945559501648,210.680507659912));
#18010=CARTESIAN_POINT('',(-74.733332157135,-106.945559501648,210.680507659912));
#18011=CARTESIAN_POINT('',(-74.733332157135,-106.998772621155,210.631132125854));
#18012=CARTESIAN_POINT('Origin',(-74.733332157135,-106.945559501648,210.680507659912));
#18013=CARTESIAN_POINT('',(-74.733332157135,-106.889949798584,210.727169036865));
#18014=CARTESIAN_POINT('',(-74.733332157135,-106.889949798584,210.727169036865));
#18015=CARTESIAN_POINT('',(-74.733332157135,-106.945559501648,210.680507659912));
#18016=CARTESIAN_POINT('Origin',(-74.733332157135,-106.889949798584,210.727169036865));
#18017=CARTESIAN_POINT('',(-74.733332157135,-106.889949798584,210.727169036865));
#18018=CARTESIAN_POINT('Origin',(-74.733332157135,-106.889949798584,210.727169036865));
#18019=CARTESIAN_POINT('',(-74.733332157135,-106.889949798584,210.727169036865));
#18020=CARTESIAN_POINT('Origin',(-74.733332157135,-106.889949798584,210.727169036865));
#18021=CARTESIAN_POINT('',(-74.733332157135,-106.832084655762,210.770999908447));
#18022=CARTESIAN_POINT('',(-74.733332157135,-106.832084655762,210.770999908447));
#18023=CARTESIAN_POINT('',(-74.733332157135,-106.889949798584,210.727169036865));
#18024=CARTESIAN_POINT('Origin',(-74.733332157135,-106.832084655762,210.770999908447));
#18025=CARTESIAN_POINT('',(-74.733332157135,-106.772106170654,210.811893463135));
#18026=CARTESIAN_POINT('',(-74.733332157135,-106.772106170654,210.811893463135));
#18027=CARTESIAN_POINT('',(-74.733332157135,-106.832084655762,210.770999908447));
#18028=CARTESIAN_POINT('Origin',(-74.733332157135,-106.772106170654,210.811893463135));
#18029=CARTESIAN_POINT('',(-74.733332157135,-106.772106170654,210.811893463135));
#18030=CARTESIAN_POINT('Origin',(-74.733332157135,-106.772106170654,210.811893463135));
#18031=CARTESIAN_POINT('',(-74.733332157135,-106.710164070129,210.849744796753));
#18032=CARTESIAN_POINT('',(-74.733332157135,-106.710164070129,210.849744796753));
#18033=CARTESIAN_POINT('',(-74.733332157135,-106.772106170654,210.811893463135));
#18034=CARTESIAN_POINT('Origin',(-74.733332157135,-106.710164070129,210.849744796753));
#18035=CARTESIAN_POINT('',(-74.733332157135,-106.710164070129,210.849744796753));
#18036=CARTESIAN_POINT('Origin',(-74.733332157135,-106.710164070129,210.849744796753));
#18037=CARTESIAN_POINT('',(-74.733332157135,-106.710164070129,210.849744796753));
#18038=CARTESIAN_POINT('Origin',(-74.733332157135,-106.710164070129,210.849744796753));
#18039=CARTESIAN_POINT('',(-74.733332157135,-106.646411895752,210.884462356567));
#18040=CARTESIAN_POINT('',(-74.733332157135,-106.646411895752,210.884462356567));
#18041=CARTESIAN_POINT('',(-74.733332157135,-106.710164070129,210.849744796753));
#18042=CARTESIAN_POINT('Origin',(-74.733332157135,-106.646411895752,210.884462356567));
#18043=CARTESIAN_POINT('',(-74.733332157135,-106.581007957458,210.915958404541));
#18044=CARTESIAN_POINT('',(-74.733332157135,-106.581007957458,210.915958404541));
#18045=CARTESIAN_POINT('',(-74.733332157135,-106.646411895752,210.884462356567));
#18046=CARTESIAN_POINT('Origin',(-74.733332157135,-106.581007957458,210.915958404541));
#18047=CARTESIAN_POINT('',(-74.733332157135,-106.581007957458,210.915958404541));
#18048=CARTESIAN_POINT('Origin',(-74.733332157135,-106.581007957458,210.915958404541));
#18049=CARTESIAN_POINT('',(-74.733332157135,-106.514116287231,210.944156646729));
#18050=CARTESIAN_POINT('',(-74.733332157135,-106.514116287231,210.944156646729));
#18051=CARTESIAN_POINT('',(-74.733332157135,-106.581007957458,210.915958404541));
#18052=CARTESIAN_POINT('Origin',(-74.733332157135,-106.514116287231,210.944156646729));
#18053=CARTESIAN_POINT('',(-74.733332157135,-106.514116287231,210.944156646729));
#18054=CARTESIAN_POINT('Origin',(-74.733332157135,-106.514116287231,210.944156646729));
#18055=CARTESIAN_POINT('',(-74.733332157135,-106.445901870728,210.968984603882));
#18056=CARTESIAN_POINT('',(-74.733332157135,-106.445901870728,210.968984603882));
#18057=CARTESIAN_POINT('',(-74.733332157135,-106.514116287231,210.944156646729));
#18058=CARTESIAN_POINT('Origin',(-74.733332157135,-106.445901870728,210.968984603882));
#18059=CARTESIAN_POINT('',(-74.733332157135,-106.445901870728,210.968984603882));
#18060=CARTESIAN_POINT('Origin',(-74.733332157135,-106.445901870728,210.968984603882));
#18061=CARTESIAN_POINT('',(-74.733332157135,-106.445901870728,210.968984603882));
#18062=CARTESIAN_POINT('Origin',(-74.733332157135,-106.445901870728,210.968984603882));
#18063=CARTESIAN_POINT('',(-74.733332157135,-106.376534461975,210.990381240845));
#18064=CARTESIAN_POINT('',(-74.733332157135,-106.376534461975,210.990381240845));
#18065=CARTESIAN_POINT('',(-74.733332157135,-106.445901870728,210.968984603882));
#18066=CARTESIAN_POINT('Origin',(-74.733332157135,-106.376534461975,210.990381240845));
#18067=CARTESIAN_POINT('',(-74.733332157135,-106.3061876297,211.008293151855));
#18068=CARTESIAN_POINT('',(-74.733332157135,-106.3061876297,211.008293151855));
#18069=CARTESIAN_POINT('',(-74.733332157135,-106.376534461975,210.990381240845));
#18070=CARTESIAN_POINT('Origin',(-74.733332157135,-106.3061876297,211.008293151855));
#18071=CARTESIAN_POINT('',(-74.733332157135,-106.3061876297,211.008293151855));
#18072=CARTESIAN_POINT('Origin',(-74.733332157135,-106.3061876297,211.008293151855));
#18073=CARTESIAN_POINT('',(-74.733332157135,-106.235033988953,211.022678375244));
#18074=CARTESIAN_POINT('',(-74.733332157135,-106.235033988953,211.022678375244));
#18075=CARTESIAN_POINT('',(-74.733332157135,-106.3061876297,211.008293151855));
#18076=CARTESIAN_POINT('Origin',(-74.733332157135,-106.235033988953,211.022678375244));
#18077=CARTESIAN_POINT('',(-74.733332157135,-106.235033988953,211.022678375244));
#18078=CARTESIAN_POINT('Origin',(-74.733332157135,-106.235033988953,211.022678375244));
#18079=CARTESIAN_POINT('',(-74.733332157135,-106.163252830505,211.033496856689));
#18080=CARTESIAN_POINT('',(-74.733332157135,-106.163252830505,211.033496856689));
#18081=CARTESIAN_POINT('',(-74.733332157135,-106.235033988953,211.022678375244));
#18082=CARTESIAN_POINT('Origin',(-74.733332157135,-106.163252830505,211.033496856689));
#18083=CARTESIAN_POINT('',(-74.733332157135,-106.163252830505,211.033496856689));
#18084=CARTESIAN_POINT('Origin',(-74.733332157135,-106.163252830505,211.033496856689));
#18085=CARTESIAN_POINT('',(-74.733332157135,-106.091021537781,211.040725708008));
#18086=CARTESIAN_POINT('',(-74.733332157135,-106.091021537781,211.040725708008));
#18087=CARTESIAN_POINT('',(-74.733332157135,-106.163252830505,211.033496856689));
#18088=CARTESIAN_POINT('Origin',(-74.733332157135,-106.091021537781,211.040725708008));
#18089=CARTESIAN_POINT('',(-74.733332157135,-106.091021537781,211.040725708008));
#18090=CARTESIAN_POINT('Origin',(-74.733332157135,-106.091021537781,211.040725708008));
#18091=CARTESIAN_POINT('',(-74.733332157135,-106.091021537781,211.040725708008));
#18092=CARTESIAN_POINT('Origin',(-74.733332157135,-106.091021537781,211.040725708008));
#18093=CARTESIAN_POINT('',(-74.733332157135,-106.01851940155,211.044343948364));
#18094=CARTESIAN_POINT('',(-74.733332157135,-106.01851940155,211.044343948364));
#18095=CARTESIAN_POINT('',(-74.733332157135,-106.091021537781,211.040725708008));
#18096=CARTESIAN_POINT('Origin',(-74.733332157135,-106.01851940155,211.044343948364));
#18097=CARTESIAN_POINT('',(-74.733332157135,-106.01851940155,211.044343948364));
#18098=CARTESIAN_POINT('Origin',(-74.733332157135,-106.01851940155,211.044343948364));
#18099=CARTESIAN_POINT('',(-74.733332157135,-105.945927619934,211.044343948364));
#18100=CARTESIAN_POINT('',(-74.733332157135,-105.945927619934,211.044343948364));
#18101=CARTESIAN_POINT('',(-74.733332157135,-106.01851940155,211.044343948364));
#18102=CARTESIAN_POINT('Origin',(-74.733332157135,-105.945927619934,211.044343948364));
#18103=CARTESIAN_POINT('',(-74.733332157135,-105.873425483704,211.040725708008));
#18104=CARTESIAN_POINT('',(-74.733332157135,-105.873425483704,211.040725708008));
#18105=CARTESIAN_POINT('',(-74.733332157135,-105.945927619934,211.044343948364));
#18106=CARTESIAN_POINT('Origin',(-74.733332157135,-105.873425483704,211.040725708008));
#18107=CARTESIAN_POINT('',(-74.733332157135,-105.873425483704,211.040725708008));
#18108=CARTESIAN_POINT('Origin',(-74.733332157135,-105.873425483704,211.040725708008));
#18109=CARTESIAN_POINT('',(-74.733332157135,-105.801193237305,211.033496856689));
#18110=CARTESIAN_POINT('',(-74.733332157135,-105.801193237305,211.033496856689));
#18111=CARTESIAN_POINT('',(-74.733332157135,-105.873425483704,211.040725708008));
#18112=CARTESIAN_POINT('Origin',(-74.733332157135,-105.801193237305,211.033496856689));
#18113=CARTESIAN_POINT('',(-74.733332157135,-105.801193237305,211.033496856689));
#18114=CARTESIAN_POINT('Origin',(-74.733332157135,-105.801193237305,211.033496856689));
#18115=CARTESIAN_POINT('',(-74.733332157135,-105.801193237305,211.033496856689));
#18116=CARTESIAN_POINT('Origin',(-74.733332157135,-105.801193237305,211.033496856689));
#18117=CARTESIAN_POINT('',(-74.733332157135,-105.729412078857,211.022678375244));
#18118=CARTESIAN_POINT('',(-74.733332157135,-105.729412078857,211.022678375244));
#18119=CARTESIAN_POINT('',(-74.733332157135,-105.801193237305,211.033496856689));
#18120=CARTESIAN_POINT('Origin',(-74.733332157135,-105.729412078857,211.022678375244));
#18121=CARTESIAN_POINT('',(-74.733332157135,-105.658259391785,211.008293151855));
#18122=CARTESIAN_POINT('',(-74.733332157135,-105.658259391785,211.008293151855));
#18123=CARTESIAN_POINT('',(-74.733332157135,-105.729412078857,211.022678375244));
#18124=CARTESIAN_POINT('Origin',(-74.733332157135,-105.658259391785,211.008293151855));
#18125=CARTESIAN_POINT('',(-74.733332157135,-105.658259391785,211.008293151855));
#18126=CARTESIAN_POINT('Origin',(-74.733332157135,-105.658259391785,211.008293151855));
#18127=CARTESIAN_POINT('',(-74.733332157135,-105.587911605835,210.990381240845));
#18128=CARTESIAN_POINT('',(-74.733332157135,-105.587911605835,210.990381240845));
#18129=CARTESIAN_POINT('',(-74.733332157135,-105.658259391785,211.008293151855));
#18130=CARTESIAN_POINT('Origin',(-74.733332157135,-105.587911605835,210.990381240845));
#18131=CARTESIAN_POINT('',(-74.733332157135,-105.587911605835,210.990381240845));
#18132=CARTESIAN_POINT('Origin',(-74.733332157135,-105.587911605835,210.990381240845));
#18133=CARTESIAN_POINT('',(-74.733332157135,-105.587911605835,210.990381240845));
#18134=CARTESIAN_POINT('Origin',(-74.733332157135,-105.587911605835,210.990381240845));
#18135=CARTESIAN_POINT('',(-74.733332157135,-105.518545150757,210.968984603882));
#18136=CARTESIAN_POINT('',(-74.733332157135,-105.518545150757,210.968984603882));
#18137=CARTESIAN_POINT('',(-74.733332157135,-105.587911605835,210.990381240845));
#18138=CARTESIAN_POINT('Origin',(-74.733332157135,-105.518545150757,210.968984603882));
#18139=CARTESIAN_POINT('',(-74.733332157135,-105.450330734253,210.944156646729));
#18140=CARTESIAN_POINT('',(-74.733332157135,-105.450330734253,210.944156646729));
#18141=CARTESIAN_POINT('',(-74.733332157135,-105.518545150757,210.968984603882));
#18142=CARTESIAN_POINT('Origin',(-74.733332157135,-105.450330734253,210.944156646729));
#18143=CARTESIAN_POINT('',(-74.733332157135,-105.450330734253,210.944156646729));
#18144=CARTESIAN_POINT('Origin',(-74.733332157135,-105.383438110352,210.915958404541));
#18145=CARTESIAN_POINT('',(-74.733332157135,-105.383438110352,210.915958404541));
#18146=CARTESIAN_POINT('',(-74.733332157135,-105.383438110352,210.915958404541));
#18147=CARTESIAN_POINT('',(-74.733332157135,-105.383438110352,210.915958404541));
#18148=CARTESIAN_POINT('Origin',(-74.733332157135,-105.450330734253,210.944156646729));
#18149=CARTESIAN_POINT('',(-74.733332157135,-105.450330734253,210.944156646729));
#18150=CARTESIAN_POINT('Origin',(-74.733332157135,-105.318035125732,210.884462356567));
#18151=CARTESIAN_POINT('',(-74.733332157135,-105.318035125732,210.884462356567));
#18152=CARTESIAN_POINT('',(-74.733332157135,-105.318035125732,210.884462356567));
#18153=CARTESIAN_POINT('',(-74.733332157135,-105.318035125732,210.884462356567));
#18154=CARTESIAN_POINT('Origin',(-74.733332157135,-105.383438110352,210.915958404541));
#18155=CARTESIAN_POINT('',(-74.733332157135,-105.383438110352,210.915958404541));
#18156=CARTESIAN_POINT('Origin',(-74.733332157135,-105.254282951355,210.849744796753));
#18157=CARTESIAN_POINT('',(-74.733332157135,-105.254282951355,210.849744796753));
#18158=CARTESIAN_POINT('',(-74.733332157135,-105.254282951355,210.849744796753));
#18159=CARTESIAN_POINT('',(-74.733332157135,-105.254282951355,210.849744796753));
#18160=CARTESIAN_POINT('Origin',(-74.733332157135,-105.318035125732,210.884462356567));
#18161=CARTESIAN_POINT('',(-74.733332157135,-105.318035125732,210.884462356567));
#18162=CARTESIAN_POINT('Origin',(-74.733332157135,-105.19234085083,210.811893463135));
#18163=CARTESIAN_POINT('',(-74.733332157135,-105.19234085083,210.811893463135));
#18164=CARTESIAN_POINT('',(-74.733332157135,-105.19234085083,210.811893463135));
#18165=CARTESIAN_POINT('',(-74.733332157135,-105.19234085083,210.811893463135));
#18166=CARTESIAN_POINT('Origin',(-74.733332157135,-105.254282951355,210.849744796753));
#18167=CARTESIAN_POINT('',(-74.733332157135,-105.254282951355,210.849744796753));
#18168=CARTESIAN_POINT('Origin',(-74.733332157135,-105.132362365723,210.770999908447));
#18169=CARTESIAN_POINT('',(-74.733332157135,-105.132362365723,210.770999908447));
#18170=CARTESIAN_POINT('',(-74.733332157135,-105.132362365723,210.770999908447));
#18171=CARTESIAN_POINT('',(-74.733332157135,-105.132362365723,210.770999908447));
#18172=CARTESIAN_POINT('Origin',(-74.733332157135,-105.19234085083,210.811893463135));
#18173=CARTESIAN_POINT('',(-74.733332157135,-105.19234085083,210.811893463135));
#18174=CARTESIAN_POINT('Origin',(-74.733332157135,-105.074496269226,210.727169036865));
#18175=CARTESIAN_POINT('',(-74.733332157135,-105.074496269226,210.727169036865));
#18176=CARTESIAN_POINT('',(-74.733332157135,-105.074496269226,210.727169036865));
#18177=CARTESIAN_POINT('',(-74.733332157135,-105.074496269226,210.727169036865));
#18178=CARTESIAN_POINT('Origin',(-74.733332157135,-105.132362365723,210.770999908447));
#18179=CARTESIAN_POINT('',(-74.733332157135,-105.132362365723,210.770999908447));
#18180=CARTESIAN_POINT('Origin',(-74.733332157135,-105.074496269226,210.727169036865));
#18181=CARTESIAN_POINT('',(-74.733332157135,-105.074496269226,210.727169036865));
#18182=CARTESIAN_POINT('Origin',(-74.733332157135,-105.018887519836,210.680507659912));
#18183=CARTESIAN_POINT('',(-74.733332157135,-105.018887519836,210.680507659912));
#18184=CARTESIAN_POINT('',(-74.733332157135,-105.018887519836,210.680507659912));
#18185=CARTESIAN_POINT('',(-74.733332157135,-105.018887519836,210.680507659912));
#18186=CARTESIAN_POINT('Origin',(-74.733332157135,-105.074496269226,210.727169036865));
#18187=CARTESIAN_POINT('',(-74.733332157135,-105.074496269226,210.727169036865));
#18188=CARTESIAN_POINT('Origin',(-74.733332157135,-105.018887519836,210.680507659912));
#18189=CARTESIAN_POINT('',(-74.733332157135,-104.965673446655,210.631132125854));
#18190=CARTESIAN_POINT('',(-74.733332157135,-104.965673446655,210.631132125854));
#18191=CARTESIAN_POINT('',(-74.733332157135,-105.018887519836,210.680507659912));
#18192=CARTESIAN_POINT('Origin',(-74.733332157135,-104.914986610413,210.579166412354));
#18193=CARTESIAN_POINT('',(-74.733332157135,-104.914986610413,210.579166412354));
#18194=CARTESIAN_POINT('',(-74.733332157135,-104.914986610413,210.579166412354));
#18195=CARTESIAN_POINT('',(-74.733332157135,-104.914986610413,210.579166412354));
#18196=CARTESIAN_POINT('Origin',(-74.733332157135,-104.965673446655,210.631132125854));
#18197=CARTESIAN_POINT('',(-74.733332157135,-104.965673446655,210.631132125854));
#18198=CARTESIAN_POINT('Origin',(-74.733332157135,-104.914986610413,210.579166412354));
#18199=CARTESIAN_POINT('',(-74.733332157135,-104.866953849792,210.524738311768));
#18200=CARTESIAN_POINT('',(-74.733332157135,-104.866953849792,210.524738311768));
#18201=CARTESIAN_POINT('',(-74.733332157135,-104.914986610413,210.579166412354));
#18202=CARTESIAN_POINT('Origin',(-74.733332157135,-104.866953849792,210.524738311768));
#18203=CARTESIAN_POINT('',(-74.733332157135,-104.866953849792,210.524738311768));
#18204=CARTESIAN_POINT('Origin',(-74.733332157135,-104.866953849792,210.524738311768));
#18205=CARTESIAN_POINT('',(-74.733332157135,-104.866953849792,210.524738311768));
#18206=CARTESIAN_POINT('Origin',(-74.733332157135,-104.866953849792,210.524738311768));
#18207=CARTESIAN_POINT('',(-74.733332157135,-104.82169342041,210.46798324585));
#18208=CARTESIAN_POINT('',(-74.733332157135,-104.82169342041,210.46798324585));
#18209=CARTESIAN_POINT('',(-74.733332157135,-104.866953849792,210.524738311768));
#18210=CARTESIAN_POINT('Origin',(-74.733332157135,-104.82169342041,210.46798324585));
#18211=CARTESIAN_POINT('',(-74.733332157135,-104.779317855835,210.409042358398));
#18212=CARTESIAN_POINT('',(-74.733332157135,-104.779317855835,210.409042358398));
#18213=CARTESIAN_POINT('',(-74.733332157135,-104.82169342041,210.46798324585));
#18214=CARTESIAN_POINT('Origin',(-74.733332157135,-104.779317855835,210.409042358398));
#18215=CARTESIAN_POINT('',(-74.733332157135,-104.779317855835,210.409042358398));
#18216=CARTESIAN_POINT('Origin',(-74.733332157135,-104.779317855835,210.409042358398));
#18217=CARTESIAN_POINT('',(-74.733332157135,-104.779317855835,210.409042358398));
#18218=CARTESIAN_POINT('Origin',(-74.733332157135,-104.779317855835,210.409042358398));
#18219=CARTESIAN_POINT('',(-74.733332157135,-104.739933013916,210.348062515259));
#18220=CARTESIAN_POINT('',(-74.733332157135,-104.739933013916,210.348062515259));
#18221=CARTESIAN_POINT('',(-74.733332157135,-104.779317855835,210.409042358398));
#18222=CARTESIAN_POINT('Origin',(-74.733332157135,-104.739933013916,210.348062515259));
#18223=CARTESIAN_POINT('',(-74.733332157135,-104.703637123108,210.285196304321));
#18224=CARTESIAN_POINT('',(-74.733332157135,-104.703637123108,210.285196304321));
#18225=CARTESIAN_POINT('',(-74.733332157135,-104.739933013916,210.348062515259));
#18226=CARTESIAN_POINT('Origin',(-74.733332157135,-104.703637123108,210.285196304321));
#18227=CARTESIAN_POINT('',(-74.733332157135,-104.703637123108,210.285196304321));
#18228=CARTESIAN_POINT('Origin',(-74.733332157135,-104.703637123108,210.285196304321));
#18229=CARTESIAN_POINT('',(-74.733332157135,-104.670519828796,210.220598220825));
#18230=CARTESIAN_POINT('',(-74.733332157135,-104.670519828796,210.220598220825));
#18231=CARTESIAN_POINT('',(-74.733332157135,-104.703637123108,210.285196304321));
#18232=CARTESIAN_POINT('Origin',(-74.733332157135,-104.670519828796,210.220598220825));
#18233=CARTESIAN_POINT('',(-74.733332157135,-104.670519828796,210.220598220825));
#18234=CARTESIAN_POINT('Origin',(-74.733332157135,-104.670519828796,210.220598220825));
#18235=CARTESIAN_POINT('',(-74.733332157135,-104.640664100647,210.154430389404));
#18236=CARTESIAN_POINT('',(-74.733332157135,-104.640664100647,210.154430389404));
#18237=CARTESIAN_POINT('',(-74.733332157135,-104.670519828796,210.220598220825));
#18238=CARTESIAN_POINT('Origin',(-74.733332157135,-104.640664100647,210.154430389404));
#18239=CARTESIAN_POINT('',(-74.733332157135,-104.640664100647,210.154430389404));
#18240=CARTESIAN_POINT('Origin',(-74.733332157135,-104.640664100647,210.154430389404));
#18241=CARTESIAN_POINT('',(-74.733332157135,-104.640664100647,210.154430389404));
#18242=CARTESIAN_POINT('Origin',(-74.733332157135,-104.640664100647,210.154430389404));
#18243=CARTESIAN_POINT('',(-74.733332157135,-104.614142417908,210.086854934692));
#18244=CARTESIAN_POINT('',(-74.733332157135,-104.614142417908,210.086854934692));
#18245=CARTESIAN_POINT('',(-74.733332157135,-104.640664100647,210.154430389404));
#18246=CARTESIAN_POINT('Origin',(-74.733332157135,-104.614142417908,210.086854934692));
#18247=CARTESIAN_POINT('',(-74.733332157135,-104.591023445129,210.018043518066));
#18248=CARTESIAN_POINT('',(-74.733332157135,-104.591023445129,210.018043518066));
#18249=CARTESIAN_POINT('',(-74.733332157135,-104.614142417908,210.086854934692));
#18250=CARTESIAN_POINT('Origin',(-74.733332157135,-104.591023445129,210.018043518066));
#18251=CARTESIAN_POINT('',(-74.733332157135,-104.591023445129,210.018043518066));
#18252=CARTESIAN_POINT('Origin',(-74.733332157135,-104.591023445129,210.018043518066));
#18253=CARTESIAN_POINT('',(-74.733332157135,-104.571362495422,209.948163986206));
#18254=CARTESIAN_POINT('',(-74.733332157135,-104.571362495422,209.948163986206));
#18255=CARTESIAN_POINT('',(-74.733332157135,-104.591023445129,210.018043518066));
#18256=CARTESIAN_POINT('Origin',(-74.733332157135,-104.571362495422,209.948163986206));
#18257=CARTESIAN_POINT('',(-74.733332157135,-104.571362495422,209.948163986206));
#18258=CARTESIAN_POINT('Origin',(-74.733332157135,-104.571362495422,209.948163986206));
#18259=CARTESIAN_POINT('',(-74.733332157135,-104.555209159851,209.877391815186));
#18260=CARTESIAN_POINT('',(-74.733332157135,-104.555209159851,209.877391815186));
#18261=CARTESIAN_POINT('',(-74.733332157135,-104.571362495422,209.948163986206));
#18262=CARTESIAN_POINT('Origin',(-74.733332157135,-104.555209159851,209.877391815186));
#18263=CARTESIAN_POINT('',(-74.733332157135,-104.555209159851,209.877391815186));
#18264=CARTESIAN_POINT('Origin',(-74.733332157135,-104.555209159851,209.877391815186));
#18265=CARTESIAN_POINT('',(-74.733332157135,-104.542603492737,209.805902481079));
#18266=CARTESIAN_POINT('',(-74.733332157135,-104.542603492737,209.805902481079));
#18267=CARTESIAN_POINT('',(-74.733332157135,-104.555209159851,209.877391815186));
#18268=CARTESIAN_POINT('Origin',(-74.733332157135,-104.542603492737,209.805902481079));
#18269=CARTESIAN_POINT('',(-74.733332157135,-104.542603492737,209.805902481079));
#18270=CARTESIAN_POINT('Origin',(-74.733332157135,-104.542603492737,209.805902481079));
#18271=CARTESIAN_POINT('',(-74.733332157135,-104.533576965332,209.73387336731));
#18272=CARTESIAN_POINT('',(-74.733332157135,-104.533576965332,209.73387336731));
#18273=CARTESIAN_POINT('',(-74.733332157135,-104.542603492737,209.805902481079));
#18274=CARTESIAN_POINT('Origin',(-74.733332157135,-104.533576965332,209.73387336731));
#18275=CARTESIAN_POINT('',(-74.733332157135,-104.533576965332,209.73387336731));
#18276=CARTESIAN_POINT('Origin',(-74.733332157135,-104.533576965332,209.73387336731));
#18277=CARTESIAN_POINT('',(-74.733332157135,-104.533576965332,209.73387336731));
#18278=CARTESIAN_POINT('Origin',(-74.733332157135,-104.533576965332,209.73387336731));
#18279=CARTESIAN_POINT('',(-74.733332157135,-104.533576965332,209.73387336731));
#18280=CARTESIAN_POINT('Origin',(-59.7999992370605,-109.526342391968,207.63014793396));
#18281=CARTESIAN_POINT('',(-74.733332157135,-109.526342391968,207.63014793396));
#18282=CARTESIAN_POINT('Origin',(-74.733332157135,-104.526342391968,209.588914871216));
#18283=CARTESIAN_POINT('',(-74.733332157135,-108.403673171997,190.933158516884));
#18284=CARTESIAN_POINT('',(-74.733332157135,-108.526342391968,190.930147171021));
#18285=CARTESIAN_POINT('',(-74.733332157135,-108.281299591064,190.942185401916));
#18286=CARTESIAN_POINT('',(-74.733332157135,-108.403673171997,190.933158516884));
#18287=CARTESIAN_POINT('',(-74.733332157135,-108.159516334534,190.957205891609));
#18288=CARTESIAN_POINT('',(-74.733332157135,-108.281299591064,190.942185401916));
#18289=CARTESIAN_POINT('',(-74.733332157135,-108.03861618042,190.978183984756));
#18290=CARTESIAN_POINT('',(-74.733332157135,-108.159516334534,190.957205891609));
#18291=CARTESIAN_POINT('',(-74.733332157135,-107.918891906738,191.00506901741));
#18292=CARTESIAN_POINT('',(-74.733332157135,-108.03861618042,190.978183984756));
#18293=CARTESIAN_POINT('',(-74.733332157135,-107.800630569458,191.037796378136));
#18294=CARTESIAN_POINT('',(-74.733332157135,-107.918891906738,191.00506901741));
#18295=CARTESIAN_POINT('',(-74.733332157135,-107.6841173172,191.076287031174));
#18296=CARTESIAN_POINT('',(-74.733332157135,-107.800630569458,191.037796378136));
#18297=CARTESIAN_POINT('',(-74.733332157135,-107.569633483887,191.120448350906));
#18298=CARTESIAN_POINT('',(-74.733332157135,-107.6841173172,191.076287031174));
#18299=CARTESIAN_POINT('',(-74.733332157135,-107.457454681396,191.170173883438));
#18300=CARTESIAN_POINT('',(-74.733332157135,-107.569633483887,191.120448350906));
#18301=CARTESIAN_POINT('',(-74.733332157135,-107.347850799561,191.225344061852));
#18302=CARTESIAN_POINT('',(-74.733332157135,-107.457454681396,191.170173883438));
#18303=CARTESIAN_POINT('',(-74.733332157135,-107.241086006165,191.285825610161));
#18304=CARTESIAN_POINT('',(-74.733332157135,-107.347850799561,191.225344061852));
#18305=CARTESIAN_POINT('',(-74.733332157135,-107.1374168396,191.351473093033));
#18306=CARTESIAN_POINT('',(-74.733332157135,-107.241086006165,191.285825610161));
#18307=CARTESIAN_POINT('',(-74.733332157135,-107.037094116211,191.42212831974));
#18308=CARTESIAN_POINT('',(-74.733332157135,-107.1374168396,191.351473093033));
#18309=CARTESIAN_POINT('',(-74.733332157135,-106.940359115601,191.497621059418));
#18310=CARTESIAN_POINT('',(-74.733332157135,-107.037094116211,191.42212831974));
#18311=CARTESIAN_POINT('',(-74.733332157135,-106.847444534302,191.577769398689));
#18312=CARTESIAN_POINT('',(-74.733332157135,-106.940359115601,191.497621059418));
#18313=CARTESIAN_POINT('',(-74.733332157135,-106.758575439453,191.662380218506));
#18314=CARTESIAN_POINT('',(-74.733332157135,-106.847444534302,191.577769398689));
#18315=CARTESIAN_POINT('',(-74.733332157135,-106.673964500427,191.751249790192));
#18316=CARTESIAN_POINT('',(-74.733332157135,-106.758575439453,191.662380218506));
#18317=CARTESIAN_POINT('',(-74.733332157135,-106.593815803528,191.844164013863));
#18318=CARTESIAN_POINT('',(-74.733332157135,-106.673964500427,191.751249790192));
#18319=CARTESIAN_POINT('',(-74.733332157135,-106.518323898315,191.940898895264));
#18320=CARTESIAN_POINT('',(-74.733332157135,-106.593815803528,191.844164013863));
#18321=CARTESIAN_POINT('',(-74.733332157135,-106.447668075562,192.041221618652));
#18322=CARTESIAN_POINT('',(-74.733332157135,-106.518323898315,191.940898895264));
#18323=CARTESIAN_POINT('',(-74.733332157135,-106.382020950317,192.14489030838));
#18324=CARTESIAN_POINT('',(-74.733332157135,-106.447668075562,192.041221618652));
#18325=CARTESIAN_POINT('',(-74.733332157135,-106.321538925171,192.251655340195));
#18326=CARTESIAN_POINT('',(-74.733332157135,-106.382020950317,192.14489030838));
#18327=CARTESIAN_POINT('',(-74.733332157135,-106.266368865967,192.361259460449));
#18328=CARTESIAN_POINT('',(-74.733332157135,-106.321538925171,192.251655340195));
#18329=CARTESIAN_POINT('',(-74.733332157135,-106.216643333435,192.473438501358));
#18330=CARTESIAN_POINT('',(-74.733332157135,-106.266368865967,192.361259460449));
#18331=CARTESIAN_POINT('',(-74.733332157135,-106.17248249054,192.58792257309));
#18332=CARTESIAN_POINT('',(-74.733332157135,-106.216643333435,192.473438501358));
#18333=CARTESIAN_POINT('',(-74.733332157135,-106.133991241455,192.704435586929));
#18334=CARTESIAN_POINT('',(-74.733332157135,-106.17248249054,192.58792257309));
#18335=CARTESIAN_POINT('',(-74.733332157135,-106.101263999939,192.822696685791));
#18336=CARTESIAN_POINT('',(-74.733332157135,-106.133991241455,192.704435586929));
#18337=CARTESIAN_POINT('',(-74.733332157135,-106.074378967285,192.94242143631));
#18338=CARTESIAN_POINT('',(-74.733332157135,-106.101263999939,192.822696685791));
#18339=CARTESIAN_POINT('',(-74.733332157135,-106.053400993347,193.063320875168));
#18340=CARTESIAN_POINT('',(-74.733332157135,-106.074378967285,192.94242143631));
#18341=CARTESIAN_POINT('',(-74.733332157135,-106.038380622864,193.185104370117));
#18342=CARTESIAN_POINT('',(-74.733332157135,-106.053400993347,193.063320875168));
#18343=CARTESIAN_POINT('',(-74.733332157135,-106.029354095459,193.30747795105));
#18344=CARTESIAN_POINT('',(-74.733332157135,-106.038380622864,193.185104370117));
#18345=CARTESIAN_POINT('',(-74.733332157135,-106.029354095459,193.30747795105));
#18346=CARTESIAN_POINT('Origin',(-59.7999992370605,-106.026342391968,193.430147171021));
#18347=CARTESIAN_POINT('',(-74.733332157135,-106.029354095459,193.30747795105));
#18348=CARTESIAN_POINT('Origin',(-59.7999992370605,-106.029354095459,193.30747795105));
#18349=CARTESIAN_POINT('',(-74.733332157135,-106.038380622864,193.185104370117));
#18350=CARTESIAN_POINT('Origin',(-59.7999992370605,-106.053400993347,193.063320875168));
#18351=CARTESIAN_POINT('',(-74.733332157135,-106.053400993347,193.063320875168));
#18352=CARTESIAN_POINT('',(-74.733332157135,-106.038380622864,193.185104370117));
#18353=CARTESIAN_POINT('Origin',(-59.7999992370605,-106.038380622864,193.185104370117));
#18354=CARTESIAN_POINT('',(-74.733332157135,-106.038380622864,193.185104370117));
#18355=CARTESIAN_POINT('Origin',(-59.7999992370605,-106.029354095459,193.30747795105));
#18356=CARTESIAN_POINT('Origin',(-59.7999992370605,-106.074378967285,192.94242143631));
#18357=CARTESIAN_POINT('',(-74.733332157135,-106.074378967285,192.94242143631));
#18358=CARTESIAN_POINT('',(-74.733332157135,-106.053400993347,193.063320875168));
#18359=CARTESIAN_POINT('Origin',(-59.7999992370605,-106.053400993347,193.063320875168));
#18360=CARTESIAN_POINT('Origin',(-59.7999992370605,-106.074378967285,192.94242143631));
#18361=CARTESIAN_POINT('',(-74.733332157135,-106.101263999939,192.822696685791));
#18362=CARTESIAN_POINT('Origin',(-59.7999992370605,-106.133991241455,192.704435586929));
#18363=CARTESIAN_POINT('',(-74.733332157135,-106.133991241455,192.704435586929));
#18364=CARTESIAN_POINT('',(-74.733332157135,-106.101263999939,192.822696685791));
#18365=CARTESIAN_POINT('Origin',(-59.7999992370605,-106.101263999939,192.822696685791));
#18366=CARTESIAN_POINT('',(-74.733332157135,-106.101263999939,192.822696685791));
#18367=CARTESIAN_POINT('Origin',(-59.7999992370605,-106.074378967285,192.94242143631));
#18368=CARTESIAN_POINT('Origin',(-59.7999992370605,-106.17248249054,192.58792257309));
#18369=CARTESIAN_POINT('',(-74.733332157135,-106.17248249054,192.58792257309));
#18370=CARTESIAN_POINT('',(-74.733332157135,-106.133991241455,192.704435586929));
#18371=CARTESIAN_POINT('Origin',(-59.7999992370605,-106.133991241455,192.704435586929));
#18372=CARTESIAN_POINT('Origin',(-59.7999992370605,-106.216643333435,192.473438501358));
#18373=CARTESIAN_POINT('',(-74.733332157135,-106.216643333435,192.473438501358));
#18374=CARTESIAN_POINT('',(-74.733332157135,-106.17248249054,192.58792257309));
#18375=CARTESIAN_POINT('Origin',(-59.7999992370605,-106.17248249054,192.58792257309));
#18376=CARTESIAN_POINT('Origin',(-59.7999992370605,-106.216643333435,192.473438501358));
#18377=CARTESIAN_POINT('',(-74.733332157135,-106.266368865967,192.361259460449));
#18378=CARTESIAN_POINT('Origin',(-59.7999992370605,-106.266368865967,192.361259460449));
#18379=CARTESIAN_POINT('',(-74.733332157135,-106.266368865967,192.361259460449));
#18380=CARTESIAN_POINT('',(-74.733332157135,-106.266368865967,192.361259460449));
#18381=CARTESIAN_POINT('Origin',(-59.7999992370605,-106.216643333435,192.473438501358));
#18382=CARTESIAN_POINT('Origin',(-59.7999992370605,-106.321538925171,192.251655340195));
#18383=CARTESIAN_POINT('',(-74.733332157135,-106.321538925171,192.251655340195));
#18384=CARTESIAN_POINT('Origin',(-59.7999992370605,-106.382020950317,192.14489030838));
#18385=CARTESIAN_POINT('',(-74.733332157135,-106.382020950317,192.14489030838));
#18386=CARTESIAN_POINT('',(-74.733332157135,-106.321538925171,192.251655340195));
#18387=CARTESIAN_POINT('Origin',(-59.7999992370605,-106.321538925171,192.251655340195));
#18388=CARTESIAN_POINT('Origin',(-59.7999992370605,-106.382020950317,192.14489030838));
#18389=CARTESIAN_POINT('',(-74.733332157135,-106.382020950317,192.14489030838));
#18390=CARTESIAN_POINT('Origin',(-59.7999992370605,-106.447668075562,192.041221618652));
#18391=CARTESIAN_POINT('',(-74.733332157135,-106.447668075562,192.041221618652));
#18392=CARTESIAN_POINT('Origin',(-59.7999992370605,-106.518323898315,191.940898895264));
#18393=CARTESIAN_POINT('',(-74.733332157135,-106.518323898315,191.940898895264));
#18394=CARTESIAN_POINT('',(-74.733332157135,-106.447668075562,192.041221618652));
#18395=CARTESIAN_POINT('Origin',(-59.7999992370605,-106.447668075562,192.041221618652));
#18396=CARTESIAN_POINT('Origin',(-59.7999992370605,-106.518323898315,191.940898895264));
#18397=CARTESIAN_POINT('',(-74.733332157135,-106.593815803528,191.844164013863));
#18398=CARTESIAN_POINT('Origin',(-59.7999992370605,-106.593815803528,191.844164013863));
#18399=CARTESIAN_POINT('',(-74.733332157135,-106.593815803528,191.844164013863));
#18400=CARTESIAN_POINT('',(-74.733332157135,-106.593815803528,191.844164013863));
#18401=CARTESIAN_POINT('Origin',(-59.7999992370605,-106.518323898315,191.940898895264));
#18402=CARTESIAN_POINT('Origin',(-59.7999992370605,-106.673964500427,191.751249790192));
#18403=CARTESIAN_POINT('',(-74.733332157135,-106.673964500427,191.751249790192));
#18404=CARTESIAN_POINT('Origin',(-59.7999992370605,-106.673964500427,191.751249790192));
#18405=CARTESIAN_POINT('',(-74.733332157135,-106.673964500427,191.751249790192));
#18406=CARTESIAN_POINT('Origin',(-59.7999992370605,-106.758575439453,191.662380218506));
#18407=CARTESIAN_POINT('',(-74.733332157135,-106.758575439453,191.662380218506));
#18408=CARTESIAN_POINT('Origin',(-59.7999992370605,-106.758575439453,191.662380218506));
#18409=CARTESIAN_POINT('',(-74.733332157135,-106.758575439453,191.662380218506));
#18410=CARTESIAN_POINT('Origin',(-59.7999992370605,-106.847444534302,191.577769398689));
#18411=CARTESIAN_POINT('',(-74.733332157135,-106.847444534302,191.577769398689));
#18412=CARTESIAN_POINT('Origin',(-59.7999992370605,-106.847444534302,191.577769398689));
#18413=CARTESIAN_POINT('',(-74.733332157135,-106.847444534302,191.577769398689));
#18414=CARTESIAN_POINT('Origin',(-59.7999992370605,-106.940359115601,191.497621059418));
#18415=CARTESIAN_POINT('',(-74.733332157135,-106.940359115601,191.497621059418));
#18416=CARTESIAN_POINT('Origin',(-59.7999992370605,-106.940359115601,191.497621059418));
#18417=CARTESIAN_POINT('',(-74.733332157135,-106.940359115601,191.497621059418));
#18418=CARTESIAN_POINT('Origin',(-59.7999992370605,-107.037094116211,191.42212831974));
#18419=CARTESIAN_POINT('',(-74.733332157135,-107.037094116211,191.42212831974));
#18420=CARTESIAN_POINT('Origin',(-59.7999992370605,-107.037094116211,191.42212831974));
#18421=CARTESIAN_POINT('',(-74.733332157135,-107.037094116211,191.42212831974));
#18422=CARTESIAN_POINT('Origin',(-59.7999992370605,-107.1374168396,191.351473093033));
#18423=CARTESIAN_POINT('',(-74.733332157135,-107.1374168396,191.351473093033));
#18424=CARTESIAN_POINT('Origin',(-59.7999992370605,-107.1374168396,191.351473093033));
#18425=CARTESIAN_POINT('',(-74.733332157135,-107.1374168396,191.351473093033));
#18426=CARTESIAN_POINT('Origin',(-59.7999992370605,-107.241086006165,191.285825610161));
#18427=CARTESIAN_POINT('',(-74.733332157135,-107.241086006165,191.285825610161));
#18428=CARTESIAN_POINT('Origin',(-59.7999992370605,-107.241086006165,191.285825610161));
#18429=CARTESIAN_POINT('',(-74.733332157135,-107.241086006165,191.285825610161));
#18430=CARTESIAN_POINT('Origin',(-59.7999992370605,-107.347850799561,191.225344061852));
#18431=CARTESIAN_POINT('',(-74.733332157135,-107.347850799561,191.225344061852));
#18432=CARTESIAN_POINT('Origin',(-59.7999992370605,-107.347850799561,191.225344061852));
#18433=CARTESIAN_POINT('',(-74.733332157135,-107.347850799561,191.225344061852));
#18434=CARTESIAN_POINT('Origin',(-59.7999992370605,-107.457454681396,191.170173883438));
#18435=CARTESIAN_POINT('',(-74.733332157135,-107.457454681396,191.170173883438));
#18436=CARTESIAN_POINT('Origin',(-59.7999992370605,-107.457454681396,191.170173883438));
#18437=CARTESIAN_POINT('',(-74.733332157135,-107.457454681396,191.170173883438));
#18438=CARTESIAN_POINT('Origin',(-59.7999992370605,-107.569633483887,191.120448350906));
#18439=CARTESIAN_POINT('',(-74.733332157135,-107.569633483887,191.120448350906));
#18440=CARTESIAN_POINT('Origin',(-59.7999992370605,-107.569633483887,191.120448350906));
#18441=CARTESIAN_POINT('',(-74.733332157135,-107.569633483887,191.120448350906));
#18442=CARTESIAN_POINT('Origin',(-59.7999992370605,-107.6841173172,191.076287031174));
#18443=CARTESIAN_POINT('',(-74.733332157135,-107.6841173172,191.076287031174));
#18444=CARTESIAN_POINT('Origin',(-59.7999992370605,-107.6841173172,191.076287031174));
#18445=CARTESIAN_POINT('',(-74.733332157135,-107.6841173172,191.076287031174));
#18446=CARTESIAN_POINT('Origin',(-59.7999992370605,-107.800630569458,191.037796378136));
#18447=CARTESIAN_POINT('',(-74.733332157135,-107.800630569458,191.037796378136));
#18448=CARTESIAN_POINT('Origin',(-59.7999992370605,-107.800630569458,191.037796378136));
#18449=CARTESIAN_POINT('',(-74.733332157135,-107.918891906738,191.00506901741));
#18450=CARTESIAN_POINT('Origin',(-59.7999992370605,-108.03861618042,190.978183984756));
#18451=CARTESIAN_POINT('',(-74.733332157135,-108.03861618042,190.978183984756));
#18452=CARTESIAN_POINT('',(-74.733332157135,-107.918891906738,191.00506901741));
#18453=CARTESIAN_POINT('Origin',(-59.7999992370605,-107.918891906738,191.00506901741));
#18454=CARTESIAN_POINT('',(-74.733332157135,-107.918891906738,191.00506901741));
#18455=CARTESIAN_POINT('Origin',(-59.7999992370605,-107.800630569458,191.037796378136));
#18456=CARTESIAN_POINT('Origin',(-59.7999992370605,-108.03861618042,190.978183984756));
#18457=CARTESIAN_POINT('',(-74.733332157135,-108.159516334534,190.957205891609));
#18458=CARTESIAN_POINT('Origin',(-59.7999992370605,-108.281299591064,190.942185401916));
#18459=CARTESIAN_POINT('',(-74.733332157135,-108.281299591064,190.942185401916));
#18460=CARTESIAN_POINT('',(-74.733332157135,-108.159516334534,190.957205891609));
#18461=CARTESIAN_POINT('Origin',(-59.7999992370605,-108.159516334534,190.957205891609));
#18462=CARTESIAN_POINT('',(-74.733332157135,-108.159516334534,190.957205891609));
#18463=CARTESIAN_POINT('Origin',(-59.7999992370605,-108.03861618042,190.978183984756));
#18464=CARTESIAN_POINT('Origin',(-59.7999992370605,-108.281299591064,190.942185401916));
#18465=CARTESIAN_POINT('',(-74.733332157135,-108.403673171997,190.933158516884));
#18466=CARTESIAN_POINT('Origin',(-59.7999992370605,-108.403673171997,190.933158516884));
#18467=CARTESIAN_POINT('',(-74.733332157135,-108.403673171997,190.933158516884));
#18468=CARTESIAN_POINT('',(-74.733332157135,-108.403673171997,190.933158516884));
#18469=CARTESIAN_POINT('Origin',(-59.7999992370605,-108.281299591064,190.942185401916));
#18470=CARTESIAN_POINT('Origin',(-59.7999992370605,-108.526342391968,190.930147171021));
#18471=UNCERTAINTY_MEASURE_WITH_UNIT(LENGTH_MEASURE(0.01),#18475,
'DISTANCE_ACCURACY_VALUE',
'Maximum model space distance between geometric entities at asserted c
onnectivities');
#18472=UNCERTAINTY_MEASURE_WITH_UNIT(LENGTH_MEASURE(0.01),#18475,
'DISTANCE_ACCURACY_VALUE',
'Maximum model space distance between geometric entities at asserted c
onnectivities');
#18473=(
GEOMETRIC_REPRESENTATION_CONTEXT(3)
GLOBAL_UNCERTAINTY_ASSIGNED_CONTEXT((#18471))
GLOBAL_UNIT_ASSIGNED_CONTEXT((#18475,#18477,#18478))
REPRESENTATION_CONTEXT('','3D')
);
#18474=(
GEOMETRIC_REPRESENTATION_CONTEXT(3)
GLOBAL_UNCERTAINTY_ASSIGNED_CONTEXT((#18472))
GLOBAL_UNIT_ASSIGNED_CONTEXT((#18475,#18477,#18478))
REPRESENTATION_CONTEXT('','3D')
);
#18475=(
LENGTH_UNIT()
NAMED_UNIT(*)
SI_UNIT(.MILLI.,.METRE.)
);
#18476=(
LENGTH_UNIT()
NAMED_UNIT(*)
SI_UNIT($,.METRE.)
);
#18477=(
NAMED_UNIT(*)
PLANE_ANGLE_UNIT()
SI_UNIT($,.RADIAN.)
);
#18478=(
NAMED_UNIT(*)
SI_UNIT($,.STERADIAN.)
SOLID_ANGLE_UNIT()
);
#18479=SHAPE_DEFINITION_REPRESENTATION(#18480,#18481);
#18480=PRODUCT_DEFINITION_SHAPE('',$,#18483);
#18481=SHAPE_REPRESENTATION('',(#11565),#18473);
#18482=PRODUCT_DEFINITION_CONTEXT('part definition',#18487,'design');
#18483=PRODUCT_DEFINITION('2026-08-07-13-56-34-256','9V_battery_holder',
#18484,#18482);
#18484=PRODUCT_DEFINITION_FORMATION('',$,#18489);
#18485=PRODUCT_RELATED_PRODUCT_CATEGORY('9V_battery_holder',
'9V_battery_holder',(#18489));
#18486=APPLICATION_PROTOCOL_DEFINITION('international standard',
'automotive_design',2009,#18487);
#18487=APPLICATION_CONTEXT(
'Core Data for Automotive Mechanical Design Process');
#18488=PRODUCT_CONTEXT('part definition',#18487,'mechanical');
#18489=PRODUCT('2026-08-07-13-56-34-256','9V_battery_holder',$,(#18488));
#18490=PRESENTATION_STYLE_ASSIGNMENT((#18491));
#18491=SURFACE_STYLE_USAGE(.BOTH.,#18492);
#18492=SURFACE_SIDE_STYLE('',(#18493));
#18493=SURFACE_STYLE_FILL_AREA(#18494);
#18494=FILL_AREA_STYLE('Steel - Satin',(#18495));
#18495=FILL_AREA_STYLE_COLOUR('Steel - Satin',#18496);
#18496=COLOUR_RGB('Steel - Satin',0.627450980392157,0.627450980392157,0.627450980392157);
ENDSEC;
END-ISO-10303-21;
